contour_id,level,lon,lat
0,-210.0,-16.760058394962982,65.03695762970803
0,-210.0,-16.760188698064898,65.03695580644892
0,-210.0,-16.76022993631251,65.03695502709128
0,-210.0,-16.76040147766204,65.03693278827355
0,-210.0,-16.760573019011566,65.03693278827355
0,-210.0,-16.760744560361097,65.03691074399542
0,-210.0,-16.760916101710624,65.03688590839741
0,-210.0,-16.761087643060154,65.03687014058062
0,-210.0,-16.76125918440968,65.03687224747057
0,-210.0,-16.76143072575921,65.03687224747057
0,-210.0,-16.76160226710874,65.0368716665617
0,-210.0,-16.761773808458265,65.0368816382661
0,-210.0,-16.761945349807796,65.03688365946078
0,-210.0,-16.762116891157323,65.03686056066712
0,-210.0,-16.762288432506853,65.03685106250924
0,-210.0,-16.76245997385638,65.03683788537393
0,-210.0,-16.76263151520591,65.03679912958754
0,-210.0,-16.762674071067657,65.03678386355405
0,-210.0,-16.762803056555438,65.03673072566806
0,-210.0,-16.762974597904968,65.03667898107061
0,-210.0,-16.763146139254495,65.03667898107061
0,-210.0,-16.763317680604025,65.03663617519292
0,-210.0,-16.763440874350863,65.0366119206592
0,-210.0,-16.763489221953552,65.03660043898165
0,-210.0,-16.76366076330308,65.03656649039372
0,-210.0,-16.76383230465261,65.03652394086086
0,-210.0,-16.764003846002137,65.03652394086086
0,-210.0,-16.764175387351667,65.03647623594757
0,-210.0,-16.76431737422278,65.03643997776435
0,-210.0,-16.764346928701194,65.03643023743264
0,-210.0,-16.764518470050724,65.0363791113856
0,-210.0,-16.76469001140025,65.03633269480108
0,-210.0,-16.76486155274978,65.03640777521382
0,-210.0,-16.76503309409931,65.03632514181274
0,-210.0,-16.76516620355816,65.03626803486948
0,-210.0,-16.76520463544884,65.03625562794507
0,-210.0,-16.76525994325997,65.0362680348695
0,-210.0,-16.765376176798366,65.03628762090395
0,-210.0,-16.765452412384963,65.03626803486948
0,-210.0,-16.765547718147893,65.03622875294127
0,-210.0,-16.765719259497423,65.03619993048017
0,-210.0,-16.76589080084695,65.03616003434095
0,-210.0,-16.76606234219648,65.03609613093113
0,-210.0,-16.76606246572178,65.03609609197463
0,-210.0,-16.766233883546008,65.03592686671823
0,-210.0,-16.766405424895538,65.03592563167383
0,-210.0,-16.766412854226612,65.03592414907978
0,-210.0,-16.76651105446933,65.03575220618491
0,-210.0,-16.766405424895538,65.03566352514378
0,-210.0,-16.766233883546008,65.03566352514378
0,-210.0,-16.766167259099287,65.03558026329006
0,-210.0,-16.766233883546008,65.03552987358171
0,-210.0,-16.76635670195475,65.0354083203952
0,-210.0,-16.766405424895538,65.0353755582891
0,-210.0,-16.766576966245065,65.03529462348475
0,-210.0,-16.76670075037678,65.03523637750034
0,-210.0,-16.766748507594595,65.03521386940787
0,-210.0,-16.766920048944122,65.03511982525697
0,-210.0,-16.767091590293653,65.03511982525697
0,-210.0,-16.767193758357426,65.03506443460549
0,-210.0,-16.76726313164318,65.03502464798136
0,-210.0,-16.767434672992707,65.03496768087055
0,-210.0,-16.767606214342237,65.03492214674426
0,-210.0,-16.767721534252985,65.03489249171064
0,-210.0,-16.767777755691764,65.03487667860114
0,-210.0,-16.767949297041294,65.03486893241123
0,-210.0,-16.76812083839082,65.03478703431662
0,-210.0,-16.768265873628756,65.03472054881577
0,-210.0,-16.768292379740352,65.03470737031564
0,-210.0,-16.768463921089882,65.0346598053616
0,-210.0,-16.768635462439413,65.0346598053616
0,-210.0,-16.768807003788936,65.03463348778745
0,-210.0,-16.768978545138467,65.0346110853408
0,-210.0,-16.769150086487993,65.03456889294809
0,-210.0,-16.76920091903759,65.03454860592092
0,-210.0,-16.76932162783752,65.03442621260156
0,-210.0,-16.76949316918705,65.03442621260156
0,-210.0,-16.76952292301528,65.03437666302607
0,-210.0,-16.76952814380932,65.0342047201312
0,-210.0,-16.769615946900966,65.03403277723635
0,-210.0,-16.769664710536578,65.03392020038675
0,-210.0,-16.769691228314908,65.0338608343415
0,-210.0,-16.769664710536578,65.0337712702456
0,-210.0,-16.769635249994703,65.03368889144663
0,-210.0,-16.769595108904713,65.03351694855178
0,-210.0,-16.769664710536578,65.03338601915108
0,-210.0,-16.769685608324302,65.03334500565693
0,-210.0,-16.769836251886108,65.03319324217652
0,-210.0,-16.770007793235635,65.03319324217652
0,-210.0,-16.770032691526488,65.03317306276206
0,-210.0,-16.770179334585166,65.03309092189463
0,-210.0,-16.770323596001354,65.03300111986721
0,-210.0,-16.770350875934692,65.03297332503956
0,-210.0,-16.770476398011144,65.03282917697236
0,-210.0,-16.77050061452385,65.03265723407749
0,-210.0,-16.770522417284223,65.03262123802723
0,-210.0,-16.770603803045436,65.03248529118264
0,-210.0,-16.770522417284223,65.03233465902116
0,-210.0,-16.770350875934692,65.03233465902116
0,-210.0,-16.7703353489126,65.03231334828779
0,-210.0,-16.77027728237733,65.03214140539292
0,-210.0,-16.770350875934692,65.03204157564208
0,-210.0,-16.770407271044043,65.03196946249807
0,-210.0,-16.77049517626954,65.03179751960322
0,-210.0,-16.770522417284223,65.03177867469375
0,-210.0,-16.770668785647985,65.03162557670835
0,-210.0,-16.77069395863375,65.03160464507974
0,-210.0,-16.77086549998328,65.03145666178091
0,-210.0,-16.771037041332807,65.03145522232253
0,-210.0,-16.771039768722943,65.0314536338135
0,-210.0,-16.77113133795904,65.03128169091865
0,-210.0,-16.771134044180787,65.03110974802377
0,-210.0,-16.771037041332807,65.03094134265689
0,-210.0,-16.77103453272759,65.03093780512893
0,-210.0,-16.77086575732239,65.03076586223408
0,-210.0,-16.77086549998328,65.03076525963047
0,-210.0,-16.77069395863375,65.03068010082976
0,-210.0,-16.770619664236172,65.03059391933921
0,-210.0,-16.770522417284223,65.03050438579548
0,-210.0,-16.77041365968987,65.03042197644436
0,-210.0,-16.770350875934692,65.03037217199079
0,-210.0,-16.770244198525297,65.0302500335495
0,-210.0,-16.770179334585166,65.03012469673898
0,-210.0,-16.770157135367125,65.03007809065464
0,-210.0,-16.77009759032256,65.02990614775979
0,-210.0,-16.77001294695733,65.02973420486494
0,-210.0,-16.770007793235635,65.02972759355644
0,-210.0,-16.76985269494724,65.02956226197007
0,-210.0,-16.769836251886108,65.02954524326017
0,-210.0,-16.769690643657302,65.02939031907522
0,-210.0,-16.769664710536578,65.0293269294415
0,-210.0,-16.7696150779182,65.02921837618037
0,-210.0,-16.76949316918705,65.02911746695717
0,-210.0,-16.769395212062534,65.0290464332855
0,-210.0,-16.76932162783752,65.02898187471646
0,-210.0,-16.769150086487993,65.02898187471646
0,-210.0,-16.76900208156734,65.02887449039065
0,-210.0,-16.768978545138467,65.02884218295003
0,-210.0,-16.768853782214364,65.0287025474958
0,-210.0,-16.768807003788936,65.02853674930275
0,-210.0,-16.768805187686205,65.02853060460093
0,-210.0,-16.768724503915195,65.02835866170608
0,-210.0,-16.76863546243941,65.02823963146501
0,-210.0,-16.76859580037064,65.02818671881123
0,-210.0,-16.768591668641623,65.02801477591636
0,-210.0,-16.76863546243941,65.02795421173124
0,-210.0,-16.76869684082688,65.02784283302151
0,-210.0,-16.76874324603006,65.02767089012664
0,-210.0,-16.768807003788936,65.02762327895985
0,-210.0,-16.76894492793109,65.02749894723179
0,-210.0,-16.768978545138467,65.02744110192315
0,-210.0,-16.7690332345836,65.02732700433694
0,-210.0,-16.769150086487993,65.02721603061497
0,-210.0,-16.769216558436913,65.02715506144209
0,-210.0,-16.76932162783752,65.02704946418947
0,-210.0,-16.76949316918705,65.02701331170059
0,-210.0,-16.769572102900447,65.02698311854722
0,-210.0,-16.769619438542122,65.02681117565237
0,-210.0,-16.76962730203329,65.02663923275752
0,-210.0,-16.76958126236481,65.02646728986265
0,-210.0,-16.76949316918705,65.02630562318738
0,-210.0,-16.769486425168463,65.0262953469678
0,-210.0,-16.769448797410067,65.02612340407295
0,-210.0,-16.769461349780997,65.02595146117808
0,-210.0,-16.76932162783752,65.02583154712909
0,-210.0,-16.76923225575797,65.02577951828323
0,-210.0,-16.769150086487993,65.02569436740045
0,-210.0,-16.768978545138467,65.02569436740045
0,-210.0,-16.768911317715247,65.02560757538838
0,-210.0,-16.768978545138467,65.02552281086267
0,-210.0,-16.769036706867528,65.02543563249351
0,-210.0,-16.768985658480634,65.02526368959866
0,-210.0,-16.768978545138467,65.02525894998803
0,-210.0,-16.768807003788936,65.02525894998803
0,-210.0,-16.76863546243941,65.02519502656729
0,-210.0,-16.76846392108988,65.02516800861875
0,-210.0,-16.768292379740352,65.02516806046067
0,-210.0,-16.76812083839082,65.02515679246655
0,-210.0,-16.767949297041294,65.02512111073686
0,-210.0,-16.767777755691764,65.02511427567198
0,-210.0,-16.767716663943958,65.0250917467038
0,-210.0,-16.767606214342237,65.02500656676746
0,-210.0,-16.767518765605377,65.02491980380894
0,-210.0,-16.767434672992707,65.02483483913973
0,-210.0,-16.767302475472647,65.02474786091409
0,-210.0,-16.76726313164318,65.0247333529078
0,-210.0,-16.767091590293653,65.02466935778583
0,-210.0,-16.766920048944122,65.02459808217574
0,-210.0,-16.766748507594595,65.02459808217574
0,-210.0,-16.766695070743367,65.02457591801924
0,-210.0,-16.766576966245065,65.02447698636703
0,-210.0,-16.76649508364359,65.02440397512437
0,-210.0,-16.766405424895538,65.02436034217985
0,-210.0,-16.766233883546008,65.02426472393716
0,-210.0,-16.76618289895758,65.02423203222952
0,-210.0,-16.76606234219648,65.02419333454418
0,-210.0,-16.765890800846954,65.02414399476984
0,-210.0,-16.765719259497423,65.02414399476984
0,-210.0,-16.765547718147893,65.02410280975707
0,-210.0,-16.765376176798366,65.02408127824812
0,-210.0,-16.76520463544884,65.02407334508521
0,-210.0,-16.76508697084856,65.02406008933467
0,-210.0,-16.76503309409931,65.02405728821991
0,-210.0,-16.76486155274978,65.0240565335736
0,-210.0,-16.76469001140025,65.02404549660275
0,-210.0,-16.764518470050724,65.02401623715447
0,-210.0,-16.764346928701194,65.0239656492724
0,-210.0,-16.764175387351667,65.02390711357096
0,-210.0,-16.764126140724816,65.02388814643979
0,-210.0,-16.764003846002137,65.02385593806795
0,-210.0,-16.76383230465261,65.02385593806795
0,-210.0,-16.76366076330308,65.02378241925864
0,-210.0,-16.763558195382476,65.02371620354495
0,-210.0,-16.763489221953552,65.02361211870591
0,-210.0,-16.76344771970237,65.0235442606501
0,-210.0,-16.763317680604025,65.02342086413616
0,-210.0,-16.763271080996564,65.02337231775523
0,-210.0,-16.763146139254495,65.02326409661475
0,-210.0,-16.763056137990418,65.02320037486038
0,-210.0,-16.762974597904968,65.02315707399458
0,-210.0,-16.762803056555438,65.0231366712396
0,-210.0,-16.76263151520591,65.02310198813595
0,-210.0,-16.76245997385638,65.0230529475939
0,-210.0,-16.762359473976737,65.02302843196553
0,-210.0,-16.762288432506853,65.02301706205833
0,-210.0,-16.762116891157323,65.02299221488511
0,-210.0,-16.761945349807796,65.02296841800332
0,-210.0,-16.761773808458265,65.02296841800332
0,-210.0,-16.76160226710874,65.0229413785834
0,-210.0,-16.76143072575921,65.02291188096878
0,-210.0,-16.76125918440968,65.02289320959835
0,-210.0,-16.761087643060154,65.0228968270074
0,-210.0,-16.760916101710624,65.0228968270074
0,-210.0,-16.760744560361097,65.02288283988426
0,-210.0,-16.760573019011566,65.02286896092464
0,-210.0,-16.760449999108708,65.02285648907066
0,-210.0,-16.76040147766204,65.02285039703726
0,-210.0,-16.76022993631251,65.02279491598264
0,-210.0,-16.760058394962982,65.02278198644137
0,-210.0,-16.75988685361345,65.02274616135122
0,-210.0,-16.759715312263925,65.0227443020476
0,-210.0,-16.759543770914398,65.02274997069478
0,-210.0,-16.759372229564867,65.02277347279565
0,-210.0,-16.75920068821534,65.02279912711403
0,-210.0,-16.75902914686581,65.02279912711403
0,-210.0,-16.758857605516283,65.0228238285215
0,-210.0,-16.758686064166753,65.02284612078864
0,-210.0,-16.758623096360807,65.02285648907066
0,-210.0,-16.758514522817226,65.02289756180078
0,-210.0,-16.758342981467695,65.02295455099313
0,-210.0,-16.75817144011817,65.02295455099313
0,-210.0,-16.757999898768638,65.02300559746574
0,-210.0,-16.757893789080278,65.02302843196553
0,-210.0,-16.75782835741911,65.02305126562021
0,-210.0,-16.757656816069584,65.02309539700867
0,-210.0,-16.757485274720054,65.02311343253496
0,-210.0,-16.757313733370527,65.02311641043164
0,-210.0,-16.757142192020996,65.02312777247242
0,-210.0,-16.75697065067147,65.02314052167098
0,-210.0,-16.75679910932194,65.02315023198797
0,-210.0,-16.756627567972412,65.02315961405515
0,-210.0,-16.75645602662288,65.02315961405515
0,-210.0,-16.756284485273355,65.02317047580308
0,-210.0,-16.756112943923824,65.02318493213605
0,-210.0,-16.755958783122523,65.02320037486038
0,-210.0,-16.755941402574297,65.02320342316195
0,-210.0,-16.75576986122477,65.02323481478545
0,-210.0,-16.75559831987524,65.02324146192389
0,-210.0,-16.755426778525713,65.02327374932318
0,-210.0,-16.755255237176183,65.02329931132505
0,-210.0,-16.755083695826656,65.0233283820274
0,-210.0,-16.754912154477125,65.02335849435319
0,-210.0,-16.7547406131276,65.02335849435319
0,-210.0,-16.754676537227894,65.02337231775523
0,-210.0,-16.754569071778068,65.02340394247929
0,-210.0,-16.75439753042854,65.02345691918538
0,-210.0,-16.75422598907901,65.0235028429434
0,-210.0,-16.754054447729484,65.02351109313263
0,-210.0,-16.753882906379957,65.02352711879676
0,-210.0,-16.753711365030426,65.02352921662896
0,-210.0,-16.75364397336695,65.0235442606501
0,-210.0,-16.753539823680896,65.02359889366167
0,-210.0,-16.75336828233137,65.02370304226226
0,-210.0,-16.753196740981842,65.02370985624458
0,-210.0,-16.753178381353514,65.02371620354495
0,-210.0,-16.753194479630533,65.0238881464398
0,-210.0,-16.753196740981842,65.02388886214655
0,-210.0,-16.75336828233137,65.02388886214655
0,-210.0,-16.7535398236809,65.02394592162274
0,-210.0,-16.753709948549577,65.02406008933467
0,-210.0,-16.753711365030426,65.02406246149197
0,-210.0,-16.753768109060424,65.02423203222952
0,-210.0,-16.753711365030426,65.02427885324909
0,-210.0,-16.7535398236809,65.02438364188697
0,-210.0,-16.75336828233137,65.02438364188697
0,-210.0,-16.753196740981842,65.02440246745225
0,-210.0,-16.753072875974688,65.02440397512437
0,-210.0,-16.753025199632315,65.02440455066859
0,-210.0,-16.753023331402503,65.02440397512437
0,-210.0,-16.752853658282785,65.0243202892226
0,-210.0,-16.752749160425378,65.02423203222952
0,-210.0,-16.752682116933254,65.0241461384355
0,-210.0,-16.752510575583727,65.02415929072946
0,-210.0,-16.752339034234197,65.02415418458853
0,-210.0,-16.75216749288467,65.02421024862048
0,-210.0,-16.75212546169373,65.02423203222952
0,-210.0,-16.751995951535143,65.0243420847862
0,-210.0,-16.751936220921884,65.02440397512437
0,-210.0,-16.751880363800637,65.02457591801924
0,-210.0,-16.751824410185613,65.02471765227068
0,-210.0,-16.751652868836086,65.02471765227068
0,-210.0,-16.751641711591073,65.02474786091409
0,-210.0,-16.751525548950028,65.02491980380894
0,-210.0,-16.751481327486555,65.02499314514247
0,-210.0,-16.751423622365472,65.02509174670381
0,-210.0,-16.75133156505119,65.02526368959866
0,-210.0,-16.75130978613703,65.02530703934096
0,-210.0,-16.751138244787498,65.02539574105903
0,-210.0,-16.75107819085853,65.02543563249351
0,-210.0,-16.751049825178157,65.02560757538838
0,-210.0,-16.751031184649737,65.02577951828323
0,-210.0,-16.75096670343797,65.02591688982002
0,-210.0,-16.750950401930936,65.02595146117808
0,-210.0,-16.750874048341846,65.02612340407295
0,-210.0,-16.750826776822674,65.0262953469678
0,-210.0,-16.75079516208844,65.02637056829602
0,-210.0,-16.750623620738914,65.02644114671617
0,-210.0,-16.750573613694648,65.02646728986265
0,-210.0,-16.750452079389383,65.02663752330041
0,-210.0,-16.750450792346623,65.02663923275752
0,-210.0,-16.750383097769028,65.02681117565237
0,-210.0,-16.750280538039856,65.02693503912934
0,-210.0,-16.750241186734698,65.02698311854722
0,-210.0,-16.75010899669033,65.02706031164546
0,-210.0,-16.7499374553408,65.02709713994865
0,-210.0,-16.749765913991272,65.02714906648909
0,-210.0,-16.749754601839225,65.02715506144209
0,-210.0,-16.74959437264174,65.02725531975148
0,-210.0,-16.749486883121683,65.02732700433694
0,-210.0,-16.749422831292215,65.02736304536649
0,-210.0,-16.749251289942684,65.02744644143536
0,-210.0,-16.749079748593157,65.02744644143536
0,-210.0,-16.748968869407044,65.02749894723179
0,-210.0,-16.748908207243627,65.02753391810727
0,-210.0,-16.7487366658941,65.02763466841054
0,-210.0,-16.748668775341145,65.02767089012666
0,-210.0,-16.74856512454457,65.02772137712613
0,-210.0,-16.748393583195043,65.02772137712613
0,-210.0,-16.748222041845516,65.02779355057947
0,-210.0,-16.748096632629206,65.02784283302151
0,-210.0,-16.748050500495985,65.02786306979719
0,-210.0,-16.74787895914646,65.02796235037475
0,-210.0,-16.747812568650904,65.02801477591636
0,-210.0,-16.747774660126684,65.02818671881123
0,-210.0,-16.747707417796928,65.02834244324438
0,-210.0,-16.74770036298607,65.02835866170608
0,-210.0,-16.747707417796928,65.02836573516541
0,-210.0,-16.74787895914646,65.02836573516541
0,-210.0,-16.748003714451382,65.02853060460093
0,-210.0,-16.748050500495985,65.02856753047783
0,-210.0,-16.748222041845516,65.02860006570714
0,-210.0,-16.748393583195043,65.02863940264359
0,-210.0,-16.74856512454457,65.02869191340157
0,-210.0,-16.748607475684924,65.0287025474958
0,-210.0,-16.7487366658941,65.02877641708596
0,-210.0,-16.748908207243627,65.02877641708596
0,-210.0,-16.749043084549207,65.02887449039065
0,-210.0,-16.748978831335307,65.0290464332855
0,-210.0,-16.748908207243627,65.02908113654507
0,-210.0,-16.7487366658941,65.02908931524493
0,-210.0,-16.74856512454457,65.02917854834247
0,-210.0,-16.74852030667413,65.02921837618037
0,-210.0,-16.748393583195043,65.02935291678666
0,-210.0,-16.748339869853385,65.02939031907522
0,-210.0,-16.748222041845516,65.02948700557472
0,-210.0,-16.748050500495985,65.02948700557472
0,-210.0,-16.747932178925762,65.02956226197007
0,-210.0,-16.747976104426836,65.02973420486494
0,-210.0,-16.748050500495985,65.02988237167997
0,-210.0,-16.748057976952108,65.02990614775979
0,-210.0,-16.748216580096212,65.03007809065464
0,-210.0,-16.748222041845516,65.03007982015838
0,-210.0,-16.748393583195043,65.0300803590015
0,-210.0,-16.74856512454457,65.0301823750517
0,-210.0,-16.748676200847903,65.0302500335495
0,-210.0,-16.7487366658941,65.03026338166818
0,-210.0,-16.748908207243627,65.03030439513111
0,-210.0,-16.749079748593154,65.03036348896273
0,-210.0,-16.74923081732148,65.03042197644436
0,-210.0,-16.749251289942684,65.03042760974893
0,-210.0,-16.749422831292215,65.03042951672488
0,-210.0,-16.74959437264174,65.03047188524631
0,-210.0,-16.749765913991272,65.03051551172713
0,-210.0,-16.7499374553408,65.03056261345236
0,-210.0,-16.750041445934297,65.03059391933921
0,-210.0,-16.75010899669033,65.03061852750075
0,-210.0,-16.750280538039856,65.03068530094518
0,-210.0,-16.750452079389383,65.03068530094518
0,-210.0,-16.750623620738914,65.03075107069759
0,-210.0,-16.750665647488944,65.03076586223408
0,-210.0,-16.75079516208844,65.03081357863817
0,-210.0,-16.75096670343797,65.03087053492487
0,-210.0,-16.751138244787498,65.0309329244097
0,-210.0,-16.751149321517893,65.03093780512893
0,-210.0,-16.75130978613703,65.0310043402013
0,-210.0,-16.751481327486555,65.0310043402013
0,-210.0,-16.751652868836086,65.03108143497367
0,-210.0,-16.751683331008984,65.03110974802378
0,-210.0,-16.751824410185613,65.03125259029115
0,-210.0,-16.751876719099013,65.03128169091865
0,-210.0,-16.751995951535143,65.0313404903343
0,-210.0,-16.752146692436064,65.0314536338135
0,-210.0,-16.75216749288467,65.03146744023282
0,-210.0,-16.752339034234197,65.03159054470257
0,-210.0,-16.752510575583727,65.03159054470257
0,-210.0,-16.752557200007775,65.03162557670835
0,-210.0,-16.752682116933254,65.03170692537053
0,-210.0,-16.75280231577958,65.03179751960322
0,-210.0,-16.752853658282785,65.03185668401964
0,-210.0,-16.752947469190875,65.03196946249807
0,-210.0,-16.75302519963231,65.03209873414909
0,-210.0,-16.753050799015558,65.03214140539292
0,-210.0,-16.753102326820283,65.03231334828777
0,-210.0,-16.753161317198767,65.03248529118264
0,-210.0,-16.753196740981842,65.0325874930644
0,-210.0,-16.75322222122713,65.03265723407749
0,-210.0,-16.75336828233137,65.03282338683536
0,-210.0,-16.753373674825514,65.03282917697236
0,-210.0,-16.753463672236503,65.03300111986721
0,-210.0,-16.75351631483948,65.03317306276206
0,-210.0,-16.7535398236809,65.03321576360247
0,-210.0,-16.753602662666196,65.03334500565693
0,-210.0,-16.753608679369634,65.03351694855178
0,-210.0,-16.7535398236809,65.03363971599657
0,-210.0,-16.753512077831253,65.03368889144663
0,-210.0,-16.753417281549613,65.0338608343415
0,-210.0,-16.753405550894037,65.03403277723635
0,-210.0,-16.753417488860812,65.0342047201312
0,-210.0,-16.75336828233137,65.03424936130595
0,-210.0,-16.753196740981842,65.03429948940902
0,-210.0,-16.753155966242268,65.03437666302607
0,-210.0,-16.753145812860595,65.03454860592092
0,-210.0,-16.753196740981842,65.03459740442186
0,-210.0,-16.753335162961907,65.03472054881577
0,-210.0,-16.75336828233137,65.03473611030402
0,-210.0,-16.7535398236809,65.0347500264455
0,-210.0,-16.753711365030426,65.03481616204536
0,-210.0,-16.75387765926011,65.03489249171064
0,-210.0,-16.753882906379957,65.0348995110557
0,-210.0,-16.75403437965941,65.03506443460549
0,-210.0,-16.754054447729484,65.03508717392808
0,-210.0,-16.754182338364938,65.03523637750034
0,-210.0,-16.75422598907901,65.03527029674291
0,-210.0,-16.75435291522499,65.0354083203952
0,-210.0,-16.75439753042854,65.03549098136877
0,-210.0,-16.75443398333973,65.03558026329006
0,-210.0,-16.754420514783117,65.03575220618491
0,-210.0,-16.754434432408964,65.03592414907978
0,-210.0,-16.754569071778068,65.03607796310291
0,-210.0,-16.7545861538193,65.03609609197463
0,-210.0,-16.7547406131276,65.03623187385614
0,-210.0,-16.754783538878854,65.03626803486948
0,-210.0,-16.754912154477125,65.03641870888131
0,-210.0,-16.755083695826656,65.03641870888131
0,-210.0,-16.75510280833965,65.03643997776435
0,-210.0,-16.75519488066127,65.0366119206592
0,-210.0,-16.755255237176183,65.03667210033502
0,-210.0,-16.755426778525713,65.03677827769835
0,-210.0,-16.755443707058305,65.03678386355405
0,-210.0,-16.75559831987524,65.03681334275618
0,-210.0,-16.75576986122477,65.03683216311558
0,-210.0,-16.755941402574297,65.03683562430261
0,-210.0,-16.756112943923824,65.03683562430261
0,-210.0,-16.756284485273355,65.03683348956103
0,-210.0,-16.75645602662288,65.03683867533309
0,-210.0,-16.756627567972412,65.0368521447185
0,-210.0,-16.75679910932194,65.03687076033246
0,-210.0,-16.75697065067147,65.03687414282228
0,-210.0,-16.757111754281052,65.03695580644892
0,-210.0,-16.757142192020996,65.03697046444705
0,-210.0,-16.757313733370527,65.03697554759798
0,-210.0,-16.757485274720054,65.0369932912992
0,-210.0,-16.757656816069584,65.03701305326877
0,-210.0,-16.75782835741911,65.03702852289283
0,-210.0,-16.757999898768638,65.03702852289283
0,-210.0,-16.75817144011817,65.03702062074817
0,-210.0,-16.758342981467695,65.0369931569159
0,-210.0,-16.758514522817226,65.0369661462627
0,-210.0,-16.75862937147665,65.03695580644892
0,-210.0,-16.758686064166753,65.03694832140961
0,-210.0,-16.758857605516283,65.03694832140961
0,-210.0,-16.75902914686581,65.03693947423405
0,-210.0,-16.75920068821534,65.03694126240705
0,-210.0,-16.759372229564867,65.03694581364216
0,-210.0,-16.759543770914398,65.03695114440079
0,-210.0,-16.759715312263925,65.03695114440079
0,-210.0,-16.75983458804504,65.03695580644892
0,-210.0,-16.75988685361345,65.03695719498572
0,-210.0,-16.760058394962982,65.03695762970803
1,-210.0,-16.752853658282785,65.0292383432131
1,-210.0,-16.752682116933254,65.02929767002912
1,-210.0,-16.752510575583727,65.02928768851199
1,-210.0,-16.752339034234197,65.02932578361654
1,-210.0,-16.75216749288467,65.02929180413808
1,-210.0,-16.752054557514306,65.02921837618037
1,-210.0,-16.752076068962378,65.0290464332855
1,-210.0,-16.75216749288467,65.02898273383994
1,-210.0,-16.752339034234197,65.02888396547117
1,-210.0,-16.752510575583727,65.02888396547117
1,-210.0,-16.75252154461621,65.02887449039065
1,-210.0,-16.752682116933254,65.02882622895417
1,-210.0,-16.75282358504554,65.02887449039065
1,-210.0,-16.752853658282785,65.02888472052545
1,-210.0,-16.75302519963231,65.0289226863703
1,-210.0,-16.75307316581116,65.0290464332855
1,-210.0,-16.75302519963231,65.02909377869551
1,-210.0,-16.752889705217495,65.02921837618038
1,-210.0,-16.752853658282785,65.0292383432131
2,-210.0,-16.75731373337053,65.02733434361156
2,-210.0,-16.757142192020996,65.02733029563497
2,-210.0,-16.75697065067147,65.02734073164132
2,-210.0,-16.75679910932194,65.02736341882562
2,-210.0,-16.756627567972412,65.02736597110336
2,-210.0,-16.756468782602397,65.02732700433694
2,-210.0,-16.756627567972412,65.0272803486241
2,-210.0,-16.75679910932194,65.02723950274509
2,-210.0,-16.75697065067147,65.02721171957867
2,-210.0,-16.757142192020996,65.02726643736811
2,-210.0,-16.757256783719676,65.02715506144209
2,-210.0,-16.75731373337053,65.02715186381548
2,-210.0,-16.75733428584831,65.02715506144209
2,-210.0,-16.757327642128597,65.02732700433694
2,-210.0,-16.75731373337053,65.02733434361156
3,-190.0,-16.761087643060154,65.04023578085253
3,-190.0,-16.76117551978713,65.04022272145119
3,-190.0,-16.76125918440968,65.04021192405814
3,-190.0,-16.76143072575921,65.04018611559
3,-190.0,-16.76160226710874,65.04017718058444
3,-190.0,-16.761773808458265,65.04017718058444
3,-190.0,-16.761945349807796,65.0401725548656
3,-190.0,-16.762116891157323,65.04015617443538
3,-190.0,-16.762288432506853,65.04012217699069
3,-190.0,-16.76245997385638,65.04007812496943
3,-190.0,-16.76263151520591,65.04007812496943
3,-190.0,-16.762765229912162,65.04005077855633
3,-190.0,-16.762803056555438,65.04004387176568
3,-190.0,-16.762974597904968,65.04003463542007
3,-190.0,-16.763146139254495,65.04005024700106
3,-190.0,-16.76314947489877,65.04005077855633
3,-190.0,-16.763317680604025,65.04008006455734
3,-190.0,-16.763489221953552,65.04008006455734
3,-190.0,-16.76366076330308,65.0401009520924
3,-190.0,-16.76383230465261,65.04009745145997
3,-190.0,-16.764003846002137,65.040070888968
3,-190.0,-16.764107449691714,65.04005077855633
3,-190.0,-16.764175387351667,65.04003600066619
3,-190.0,-16.764346928701194,65.04003600066619
3,-190.0,-16.764518470050724,65.04000927182504
3,-190.0,-16.76469001140025,65.03999295921716
3,-190.0,-16.764861552749785,65.03997303063079
3,-190.0,-16.76503309409931,65.03994528268464
3,-190.0,-16.76520463544884,65.03994528268464
3,-190.0,-16.765376176798366,65.03995362052527
3,-190.0,-16.765451760620635,65.03987883566147
3,-190.0,-16.765547718147893,65.03980991027689
3,-190.0,-16.76570300382674,65.03970689276662
3,-190.0,-16.76571925949742,65.03969954225495
3,-190.0,-16.76589080084695,65.0396458581593
3,-190.0,-16.766062342196484,65.03962461930854
3,-190.0,-16.766233883546008,65.03955818173357
3,-190.0,-16.766293328206544,65.03953494987176
3,-190.0,-16.766405424895538,65.03948160521318
3,-190.0,-16.766576966245065,65.03940839131663
3,-190.0,-16.766748507594595,65.03940839131663
3,-190.0,-16.766818604516605,65.0393630069769
3,-190.0,-16.766920048944122,65.03928084683211
3,-190.0,-16.767021360391993,65.03919106408205
3,-190.0,-16.767091590293653,65.0391481097975
3,-190.0,-16.76726313164318,65.03905627164363
3,-190.0,-16.767342931347116,65.0390191211872
3,-190.0,-16.767434672992707,65.03898535305566
3,-190.0,-16.767606214342237,65.03897107844278
3,-190.0,-16.767777755691764,65.03888225798883
3,-190.0,-16.7678411897179,65.03884717829233
3,-190.0,-16.767949297041294,65.03877442732986
3,-190.0,-16.76812083839082,65.03868168806667
3,-190.0,-16.768292379740352,65.03868168806667
3,-190.0,-16.768304411714716,65.03867523539748
3,-190.0,-16.76846392108988,65.03856999698195
3,-190.0,-16.768593240014496,65.03850329250263
3,-190.0,-16.76863546243941,65.03847686135809
3,-190.0,-16.768807003788936,65.03837958570725
3,-190.0,-16.768926738353244,65.03833134960776
3,-190.0,-16.768978545138467,65.03830788512462
3,-190.0,-16.769150086487993,65.03829516027845
3,-190.0,-16.76932162783752,65.03818675678255
3,-190.0,-16.769365195812334,65.03815940671291
3,-190.0,-16.76949316918705,65.0380032397482
3,-190.0,-16.769506125299426,65.03798746381806
3,-190.0,-16.769499929583986,65.03781552092319
3,-190.0,-16.769664710536578,65.03770626338232
3,-190.0,-16.76976180566256,65.03764357802834
3,-190.0,-16.769779810937628,65.0374716351335
3,-190.0,-16.769723950725147,65.03729969223862
3,-190.0,-16.769836251886108,65.03721364939089
3,-190.0,-16.769940264707174,65.03712774934377
3,-190.0,-16.770007793235635,65.03709004074432
3,-190.0,-16.770179334585166,65.03699901928861
3,-190.0,-16.770350875934692,65.03699901928861
3,-190.0,-16.770423424330975,65.03695580644892
3,-190.0,-16.770522417284223,65.0368438091923
3,-190.0,-16.77057257903092,65.03678386355405
3,-190.0,-16.770522417284223,65.03669801857814
3,-190.0,-16.770463073177297,65.0366119206592
3,-190.0,-16.77041105920078,65.03643997776435
3,-190.0,-16.770423146889193,65.03626803486948
3,-190.0,-16.77042784565208,65.03609609197463
3,-190.0,-16.770399082425733,65.03592414907978
3,-190.0,-16.77042964634324,65.03575220618491
3,-190.0,-16.770522417284223,65.03564943206034
3,-190.0,-16.77069395863375,65.03561550905225
3,-190.0,-16.77075067508068,65.03558026329006
3,-190.0,-16.77086549998328,65.0355203361037
3,-190.0,-16.771020867368705,65.0354083203952
3,-190.0,-16.771037041332807,65.03539833891654
3,-190.0,-16.771208582682334,65.03527924078298
3,-190.0,-16.771274014298957,65.03523637750034
3,-190.0,-16.771380124031865,65.0351677129361
3,-190.0,-16.77155166538139,65.0351677129361
3,-190.0,-16.771711239678016,65.03506443460549
3,-190.0,-16.771723206730922,65.03502029591192
3,-190.0,-16.771746600401457,65.03489249171064
3,-190.0,-16.77175334464831,65.03472054881577
3,-190.0,-16.77187544718497,65.03454860592092
3,-190.0,-16.77189474808045,65.03452661021434
3,-190.0,-16.77206628942998,65.034444047318
3,-190.0,-16.7721970841316,65.03437666302607
3,-190.0,-16.772237830779506,65.0343035843319
3,-190.0,-16.772295160181528,65.0342047201312
3,-190.0,-16.77233503311214,65.03403277723635
3,-190.0,-16.772409372129037,65.03391546078305
3,-190.0,-16.772454837613978,65.0338608343415
3,-190.0,-16.772580913478564,65.03375895221188
3,-190.0,-16.772752454828094,65.03372669683489
3,-190.0,-16.772845446277778,65.03368889144663
3,-190.0,-16.77292399617762,65.03356898891795
3,-190.0,-16.772951945322387,65.03351694855178
3,-190.0,-16.772996008977227,65.03334500565693
3,-190.0,-16.773023320385118,65.03317306276206
3,-190.0,-16.772993513349018,65.03300111986721
3,-190.0,-16.77292399617762,65.03286957139345
3,-190.0,-16.772902062393484,65.03282917697236
3,-190.0,-16.77282442010877,65.03265723407749
3,-190.0,-16.77280511211378,65.03248529118264
3,-190.0,-16.772752454828094,65.03235352815486
3,-190.0,-16.772737095221483,65.03231334828779
3,-190.0,-16.77269299232109,65.03214140539292
3,-190.0,-16.772687616782793,65.03196946249807
3,-190.0,-16.77271223442399,65.03179751960322
3,-190.0,-16.772752454828094,65.0316820767755
3,-190.0,-16.77292399617762,65.0316820767755
3,-190.0,-16.772947065979427,65.03162557670835
3,-190.0,-16.773025801595942,65.0314536338135
3,-190.0,-16.772978718547407,65.03128169091865
3,-190.0,-16.77292399617762,65.0312323071785
3,-190.0,-16.77277237130692,65.03110974802378
3,-190.0,-16.772752454828094,65.03109035721836
3,-190.0,-16.772580913478564,65.03109035721836
3,-190.0,-16.77245631073662,65.03093780512893
3,-190.0,-16.772409372129037,65.03086477589252
3,-190.0,-16.772357939614025,65.03076586223408
3,-190.0,-16.77223783077951,65.0306269115464
3,-190.0,-16.77220553361538,65.03059391933921
3,-190.0,-16.77206628942998,65.03046462242392
3,-190.0,-16.772035248742522,65.03042197644436
3,-190.0,-16.7719535755189,65.0302500335495
3,-190.0,-16.77189474808045,65.03014423979779
3,-190.0,-16.771865224477022,65.03007809065464
3,-190.0,-16.771803719251224,65.02990614775979
3,-190.0,-16.771723206730922,65.02976861583595
3,-190.0,-16.771697477412044,65.02973420486494
3,-190.0,-16.77155166538139,65.02960295028653
3,-190.0,-16.771503624016415,65.02956226197007
3,-190.0,-16.771380124031865,65.02945805267623
3,-190.0,-16.771279676454032,65.02939031907522
3,-190.0,-16.771208582682334,65.02933076809865
3,-190.0,-16.771037041332807,65.02933076809865
3,-190.0,-16.770914948873113,65.02921837618037
3,-190.0,-16.77086549998328,65.02912515689016
3,-190.0,-16.770828298244826,65.0290464332855
3,-190.0,-16.7707555888429,65.02887449039065
3,-190.0,-16.77069395863375,65.02873258953859
3,-190.0,-16.770679488213045,65.0287025474958
3,-190.0,-16.770641348685025,65.02853060460093
3,-190.0,-16.770596592093835,65.02835866170608
3,-190.0,-16.770522417284223,65.02824912311897
3,-190.0,-16.77047680518924,65.02818671881123
3,-190.0,-16.770377163766096,65.02801477591636
3,-190.0,-16.770350875934692,65.02796505385906
3,-190.0,-16.770283400120814,65.02784283302151
3,-190.0,-16.770206286687344,65.02767089012666
3,-190.0,-16.770179334585166,65.02750420712616
3,-190.0,-16.770178440154883,65.02749894723179
3,-190.0,-16.770179334585162,65.02749731888994
3,-190.0,-16.770257265389482,65.02732700433694
3,-190.0,-16.770350875934696,65.02724808408752
3,-190.0,-16.770522417284223,65.02724808408752
3,-190.0,-16.77062662262605,65.02715506144209
3,-190.0,-16.77069395863375,65.0270398961358
3,-190.0,-16.77072296752861,65.02698311854722
3,-190.0,-16.770797072552007,65.02681117565237
3,-190.0,-16.770775728728605,65.02663923275752
3,-190.0,-16.770776851716406,65.02646728986265
3,-190.0,-16.77086549998328,65.02629628960766
3,-190.0,-16.771037041332807,65.02629565645299
3,-190.0,-16.77103754430233,65.0262953469678
3,-190.0,-16.771208582682334,65.02613125174565
3,-190.0,-16.771221200124266,65.02612340407295
3,-190.0,-16.771380124031865,65.0260583415088
3,-190.0,-16.77155166538139,65.02599282691202
3,-190.0,-16.771674508992774,65.02595146117808
3,-190.0,-16.771723206730922,65.0259303572352
3,-190.0,-16.77189474808045,65.02591583875824
3,-190.0,-16.77206628942998,65.02580269006033
3,-190.0,-16.772098195194406,65.02577951828323
3,-190.0,-16.772203518511084,65.02560757538838
3,-190.0,-16.772195857183796,65.02543563249351
3,-190.0,-16.77213613554803,65.02526368959866
3,-190.0,-16.77206628942998,65.02511494659868
3,-190.0,-16.772051603281763,65.02509174670381
3,-190.0,-16.77189474808045,65.02498365756523
3,-190.0,-16.77180251750379,65.02491980380894
3,-190.0,-16.771723206730922,65.02482189806322
3,-190.0,-16.771667877030637,65.02474786091409
3,-190.0,-16.77155166538139,65.02467915100705
3,-190.0,-16.771408409768913,65.02457591801924
3,-190.0,-16.771380124031865,65.02455780397277
3,-190.0,-16.771208582682334,65.02455780397277
3,-190.0,-16.771037041332807,65.02441934749146
3,-190.0,-16.77101965475498,65.02440397512437
3,-190.0,-16.77086549998328,65.02430028891112
3,-190.0,-16.770764470292796,65.02423203222952
3,-190.0,-16.77069395863375,65.02418953510079
3,-190.0,-16.770522417284223,65.02411367084103
3,-190.0,-16.77036826401603,65.02406008933467
3,-190.0,-16.770350875934692,65.0240559784782
3,-190.0,-16.770179334585166,65.02405510526846
3,-190.0,-16.770007793235635,65.02402485219652
3,-190.0,-16.769836251886108,65.0240006758608
3,-190.0,-16.769664710536578,65.02398153385904
3,-190.0,-16.76949316918705,65.02396695786501
3,-190.0,-16.76932162783752,65.02395462484358
3,-190.0,-16.769150086487993,65.02395214832552
3,-190.0,-16.768978545138467,65.02393672213371
3,-190.0,-16.768807003788936,65.02392185081922
3,-190.0,-16.768752411331427,65.0238881464398
3,-190.0,-16.76863546243941,65.0238162928286
3,-190.0,-16.76846392108988,65.02381795874467
3,-190.0,-16.768292379740352,65.02381795874467
3,-190.0,-16.76812083839082,65.02383567209417
3,-190.0,-16.767949297041294,65.02385421315198
3,-190.0,-16.767777755691764,65.02387623308834
3,-190.0,-16.76765304282593,65.0238881464398
3,-190.0,-16.767606214342237,65.02389287889662
3,-190.0,-16.767434672992707,65.02389287889662
3,-190.0,-16.76726313164318,65.02389834961832
3,-190.0,-16.767091590293653,65.02389945672053
3,-190.0,-16.766920048944122,65.02389652307517
3,-190.0,-16.76682219995883,65.0238881464398
3,-190.0,-16.766748507594595,65.02388297021479
3,-190.0,-16.766576966245065,65.02388287561007
3,-190.0,-16.766405424895538,65.02386956867399
3,-190.0,-16.766233883546008,65.02385295565185
3,-190.0,-16.76606234219648,65.02383410694279
3,-190.0,-16.76589080084695,65.0238204087382
3,-190.0,-16.765719259497423,65.02381537922207
3,-190.0,-16.765547718147893,65.02380771462116
3,-190.0,-16.765376176798366,65.02379719873993
3,-190.0,-16.76520463544884,65.02378070837855
3,-190.0,-16.76503309409931,65.02375443878294
3,-190.0,-16.764873276553022,65.02371620354495
3,-190.0,-16.76486155274978,65.02371304422812
3,-190.0,-16.76469001140025,65.02371304422812
3,-190.0,-16.764518470050724,65.02365628054113
3,-190.0,-16.764346928701194,65.02359930219512
3,-190.0,-16.76423397447345,65.0235442606501
3,-190.0,-16.764175387351667,65.02346886099487
3,-190.0,-16.764107410229776,65.02337231775523
3,-190.0,-16.764003846002137,65.02326962975673
3,-190.0,-16.763942640206462,65.02320037486038
3,-190.0,-16.763840923455795,65.02302843196553
3,-190.0,-16.76383230465261,65.0230142036083
3,-190.0,-16.76370626458898,65.02285648907066
3,-190.0,-16.76366076330308,65.0228219316966
3,-190.0,-16.763489221953552,65.0228219316966
3,-190.0,-16.763317680604025,65.02272825536191
3,-190.0,-16.763198960796462,65.02268454617581
3,-190.0,-16.763146139254495,65.0226690673736
3,-190.0,-16.762974597904968,65.02263879951533
3,-190.0,-16.762803056555438,65.02262355801786
3,-190.0,-16.76263151520591,65.02261887275407
3,-190.0,-16.76245997385638,65.02261061720965
3,-190.0,-16.762288432506853,65.02259454818346
3,-190.0,-16.762116891157323,65.02257664026028
3,-190.0,-16.761945349807796,65.02255832952906
3,-190.0,-16.761773808458265,65.02253975823606
3,-190.0,-16.76160226710874,65.02253975823606
3,-190.0,-16.76143072575921,65.02251900522744
3,-190.0,-16.761367381728384,65.02251260328096
3,-190.0,-16.76125918440968,65.02249087571079
3,-190.0,-16.761087643060154,65.0224577046901
3,-190.0,-16.760916101710624,65.02238486030254
3,-190.0,-16.760744560361097,65.02238486030254
3,-190.0,-16.760573019011566,65.0223792847014
3,-190.0,-16.76040147766204,65.02237460240559
3,-190.0,-16.76022993631251,65.02237341755712
3,-190.0,-16.760058394962982,65.02237732829042
3,-190.0,-16.75988685361345,65.02238918574577
3,-190.0,-16.759715312263925,65.02239044362844
3,-190.0,-16.759543770914398,65.02241168921783
3,-190.0,-16.759372229564867,65.02243590761913
3,-190.0,-16.75920068821534,65.02246419959435
3,-190.0,-16.75902914686581,65.02249364783928
3,-190.0,-16.758857605516283,65.02249364783928
3,-190.0,-16.758777400156347,65.02251260328096
3,-190.0,-16.758686064166753,65.02253496672927
3,-190.0,-16.758514522817222,65.02258721711434
3,-190.0,-16.758342981467695,65.02263469189486
3,-190.0,-16.75817144011817,65.02264454066906
3,-190.0,-16.758000344253443,65.02268454617581
3,-190.0,-16.75799989876864,65.0226846876428
3,-190.0,-16.75782835741911,65.02273430635128
3,-190.0,-16.757656816069584,65.02277176358623
3,-190.0,-16.757485274720054,65.02279691489417
3,-190.0,-16.757313733370527,65.0227960610533
3,-190.0,-16.757142192020996,65.02279961001454
3,-190.0,-16.75697065067147,65.0227856730765
3,-190.0,-16.75679910932194,65.02276505223571
3,-190.0,-16.756627567972412,65.02275165598331
3,-190.0,-16.75645602662288,65.02274723908914
3,-190.0,-16.756284485273355,65.02274457893014
3,-190.0,-16.756112943923824,65.02275155776287
3,-190.0,-16.755941402574297,65.02275698481726
3,-190.0,-16.75576986122477,65.02276597944216
3,-190.0,-16.75559831987524,65.02277365182381
3,-190.0,-16.755426778525713,65.02277365182381
3,-190.0,-16.755255237176183,65.02277538911518
3,-190.0,-16.755083695826656,65.02278405293703
3,-190.0,-16.754912154477125,65.02279512060655
3,-190.0,-16.7547406131276,65.02280361117222
3,-190.0,-16.754569071778068,65.02280361117222
3,-190.0,-16.75439753042854,65.02277034113538
3,-190.0,-16.75422598907901,65.02279143402309
3,-190.0,-16.754054447729484,65.022816143224
3,-190.0,-16.753882906379957,65.02277113190674
3,-190.0,-16.753711365030426,65.02277113190674
3,-190.0,-16.7535398236809,65.02280376446231
3,-190.0,-16.75336828233137,65.02283202136584
3,-190.0,-16.7532731947143,65.02285648907065
3,-190.0,-16.753196740981842,65.02287869256261
3,-190.0,-16.75302519963231,65.02295379262796
3,-190.0,-16.752853658282785,65.02295379262796
3,-190.0,-16.752715694033256,65.02302843196553
3,-190.0,-16.752682116933254,65.02304758263027
3,-190.0,-16.752510575583727,65.02313374078709
3,-190.0,-16.752361860394274,65.02320037486038
3,-190.0,-16.752339034234197,65.02322313703574
3,-190.0,-16.75216749288467,65.02326571831512
3,-190.0,-16.751995951535143,65.023298473631
3,-190.0,-16.751859692523432,65.02337231775523
3,-190.0,-16.751824410185613,65.02340894678485
3,-190.0,-16.751652868836086,65.02348382509687
3,-190.0,-16.751540751596863,65.0235442606501
3,-190.0,-16.751481327486555,65.02361184768029
3,-190.0,-16.75130978613703,65.02361184768029
3,-190.0,-16.751138244787498,65.02368199454583
3,-190.0,-16.751082233130738,65.02371620354495
3,-190.0,-16.75096670343797,65.02386332715272
3,-190.0,-16.750947909059455,65.0238881464398
3,-190.0,-16.75079516208844,65.02399879786435
3,-190.0,-16.750623620738914,65.02401024175168
3,-190.0,-16.75054248312376,65.02406008933467
3,-190.0,-16.750452079389383,65.02414095104024
3,-190.0,-16.750348393555555,65.02423203222952
3,-190.0,-16.750280538039856,65.02430761206763
3,-190.0,-16.750181309312378,65.02440397512437
3,-190.0,-16.75010899669033,65.02450701865854
3,-190.0,-16.7499374553408,65.02454910028695
3,-190.0,-16.74988913269846,65.02457591801924
3,-190.0,-16.74981614462442,65.02474786091409
3,-190.0,-16.749765913991272,65.02485663134003
3,-190.0,-16.74973622708511,65.02491980380894
3,-190.0,-16.74964431191826,65.02509174670381
3,-190.0,-16.74959437264174,65.02519637388234
3,-190.0,-16.749559867977215,65.02526368959866
3,-190.0,-16.74947189993889,65.02543563249351
3,-190.0,-16.749422831292215,65.02546664617994
3,-190.0,-16.749251289942684,65.02551269326538
3,-190.0,-16.749183948525825,65.02560757538838
3,-190.0,-16.749079748593157,65.02572243646104
3,-190.0,-16.749020418222834,65.02577951828323
3,-190.0,-16.748908207243627,65.02588803338128
3,-190.0,-16.748832185276612,65.02595146117808
3,-190.0,-16.7487366658941,65.0259955091056
3,-190.0,-16.74856512454457,65.02603230576236
3,-190.0,-16.748434699863054,65.02612340407295
3,-190.0,-16.748393583195043,65.02615008661952
3,-190.0,-16.748222041845516,65.0262461275675
3,-190.0,-16.74811840433525,65.0262953469678
3,-190.0,-16.748050500495985,65.02632516932054
3,-190.0,-16.74787895914646,65.02632516932054
3,-190.0,-16.747707417796928,65.02639520814958
3,-190.0,-16.747537170311595,65.02646728986265
3,-190.0,-16.7475358764474,65.02646781940827
3,-190.0,-16.74736433509787,65.0265313233563
3,-190.0,-16.747192793748344,65.02659440587428
3,-190.0,-16.747021252398813,65.02659440587428
3,-190.0,-16.746899803476683,65.02663923275752
3,-190.0,-16.746849711049286,65.02665443810581
3,-190.0,-16.746678169699756,65.02671047839716
3,-190.0,-16.74650662835023,65.02676867619886
3,-190.0,-16.746386826724137,65.02681117565237
3,-190.0,-16.746335087000702,65.02682108061641
3,-190.0,-16.74616354565117,65.02682319589799
3,-190.0,-16.745992004301645,65.02686175867476
3,-190.0,-16.745820462952114,65.02690297601586
3,-190.0,-16.745648921602587,65.02694950810452
3,-190.0,-16.745477380253057,65.02695638485507
3,-190.0,-16.74536238486103,65.02698311854721
3,-190.0,-16.74530583890353,65.02699995761402
3,-190.0,-16.745134297554,65.0270551729304
3,-190.0,-16.744962756204472,65.02711118326697
3,-190.0,-16.744823101518616,65.02715506144209
3,-190.0,-16.744791214854942,65.02716638944457
3,-190.0,-16.744619673505415,65.02716638944457
3,-190.0,-16.74444813215589,65.02721101111422
3,-190.0,-16.744276590806358,65.02724984835437
3,-190.0,-16.74410504945683,65.02729023314036
3,-190.0,-16.743986024552473,65.02732700433694
3,-190.0,-16.7439335081073,65.02734281582003
3,-190.0,-16.743761966757774,65.02734281582003
3,-190.0,-16.743590425408243,65.02738705231596
3,-190.0,-16.743418884058716,65.02741961092512
3,-190.0,-16.743247342709186,65.02744481417963
3,-190.0,-16.74307580135966,65.02746259813013
3,-190.0,-16.74290426001013,65.02746259813013
3,-190.0,-16.7427327186606,65.02749845045592
3,-190.0,-16.7427301613356,65.02749894723179
3,-190.0,-16.742561177311075,65.02752629127198
3,-190.0,-16.742389635961544,65.02754724291475
3,-190.0,-16.742218094612017,65.0275697040336
3,-190.0,-16.742046553262487,65.0275697040336
3,-190.0,-16.74187501191296,65.02757455789954
3,-190.0,-16.74170347056343,65.02758217593507
3,-190.0,-16.741531929213902,65.02760372272215
3,-190.0,-16.741360387864372,65.02762179202395
3,-190.0,-16.741188846514845,65.02762179202395
3,-190.0,-16.741017305165315,65.02766560020692
3,-190.0,-16.74100396248573,65.02767089012666
3,-190.0,-16.740845763815788,65.0277080443184
3,-190.0,-16.74067422246626,65.0277435169658
3,-190.0,-16.74050268111673,65.0277897536527
3,-190.0,-16.740331139767203,65.0277897536527
3,-190.0,-16.740162117463658,65.02784283302151
3,-190.0,-16.740159598417673,65.0278435702839
3,-190.0,-16.739988057068146,65.02790344239268
3,-190.0,-16.739816515718616,65.02799137672848
3,-190.0,-16.73978022397547,65.02801477591636
3,-190.0,-16.73964497436909,65.02809092439495
3,-190.0,-16.73947343301956,65.02816901093998
3,-190.0,-16.739455028965786,65.02818671881123
3,-190.0,-16.73930189167003,65.0283313365114
3,-190.0,-16.739270059506897,65.02835866170608
3,-190.0,-16.739204570604556,65.02853060460093
3,-190.0,-16.7391303503205,65.02855235362532
3,-190.0,-16.738958808970974,65.02858620863606
3,-190.0,-16.738787267621447,65.02858136246135
3,-190.0,-16.738615726271917,65.0286201186604
3,-190.0,-16.73844418492239,65.02866415772996
3,-190.0,-16.738350241538207,65.0287025474958
3,-190.0,-16.73827264357286,65.02874529600706
3,-190.0,-16.738101102223332,65.02874529600706
3,-190.0,-16.737929560873802,65.02885541748626
3,-190.0,-16.737907086089184,65.02887449039065
3,-190.0,-16.737758019524275,65.02902253750835
3,-190.0,-16.737733238255604,65.0290464332855
3,-190.0,-16.737642077612986,65.02921837618037
3,-190.0,-16.73772656443019,65.02939031907522
3,-190.0,-16.737758019524275,65.02941280157746
3,-190.0,-16.737929560873802,65.02951173184026
3,-190.0,-16.738056881414174,65.02956226197007
3,-190.0,-16.738101102223332,65.02958760142646
3,-190.0,-16.73826942559377,65.02973420486494
3,-190.0,-16.73827264357286,65.02973582072445
3,-190.0,-16.73844418492239,65.0298184212663
3,-190.0,-16.738615726271917,65.0298184212663
3,-190.0,-16.738787267621447,65.02988671077875
3,-190.0,-16.73882924570401,65.02990614775979
3,-190.0,-16.738958808970974,65.02996974902058
3,-190.0,-16.7391303503205,65.03003548026001
3,-190.0,-16.739211830848692,65.03007809065464
3,-190.0,-16.73926208249609,65.0302500335495
3,-190.0,-16.73915642588173,65.03042197644436
3,-190.0,-16.7391303503205,65.0304585328903
3,-190.0,-16.73901497301235,65.03059391933921
3,-190.0,-16.738958808970974,65.03069888265142
3,-190.0,-16.738787267621447,65.03073791036613
3,-190.0,-16.738741535658935,65.03076586223408
3,-190.0,-16.738787267621447,65.03089584602098
3,-190.0,-16.738958808970974,65.03089584602098
3,-190.0,-16.73898060809334,65.03093780512893
3,-190.0,-16.7391303503205,65.03099318464649
3,-190.0,-16.73930189167003,65.03103664419588
3,-190.0,-16.739473433019555,65.0310673744672
3,-190.0,-16.73964497436909,65.03109251642637
3,-190.0,-16.73967425354161,65.03110974802378
3,-190.0,-16.739816515718616,65.03121588950592
3,-190.0,-16.739988057068146,65.03121588950592
3,-190.0,-16.740159598417673,65.03127267510192
3,-190.0,-16.74017698289698,65.03128169091865
3,-190.0,-16.740331139767203,65.0313734024146
3,-190.0,-16.74044259136008,65.0314536338135
3,-190.0,-16.740488881652087,65.03162557670835
3,-190.0,-16.74050268111673,65.03167277355305
3,-190.0,-16.740540421516144,65.03179751960322
3,-190.0,-16.740537408669425,65.03196946249807
3,-190.0,-16.740556994110385,65.03214140539292
3,-190.0,-16.74067422246626,65.03224422146107
3,-190.0,-16.740770944991116,65.03231334828779
3,-190.0,-16.740845763815788,65.03236958296328
3,-190.0,-16.741017305165315,65.03247268331975
3,-190.0,-16.741035629402138,65.03248529118264
3,-190.0,-16.74111460336652,65.03265723407749
3,-190.0,-16.741188846514845,65.03273180006155
3,-190.0,-16.741360387864372,65.03273180006155
3,-190.0,-16.741482567609307,65.03282917697236
3,-190.0,-16.741531929213902,65.03287342142208
3,-190.0,-16.74170347056343,65.0329870092761
3,-190.0,-16.741747115605634,65.03300111986721
3,-190.0,-16.74187501191296,65.0330902411306
3,-190.0,-16.742046553262487,65.03311785573516
3,-190.0,-16.742218094612017,65.03313371332375
3,-190.0,-16.742389635961544,65.03313371332375
3,-190.0,-16.742561177311075,65.03315620561551
3,-190.0,-16.74260587346085,65.03317306276206
3,-190.0,-16.7427327186606,65.03324065008195
3,-190.0,-16.742872817923963,65.03334500565693
3,-190.0,-16.74290426001013,65.03336762350203
3,-190.0,-16.74307580135966,65.03347309800165
3,-190.0,-16.743227996305922,65.03351694855178
3,-190.0,-16.743247342709186,65.03352331680713
3,-190.0,-16.743418884058716,65.03352331680713
3,-190.0,-16.743590425408243,65.03358664772234
3,-190.0,-16.743761966757774,65.03360008804722
3,-190.0,-16.7439335081073,65.0336397601788
3,-190.0,-16.744095504230707,65.03368889144663
3,-190.0,-16.74410504945683,65.03369025904986
3,-190.0,-16.744276590806358,65.0337168919156
3,-190.0,-16.74444813215589,65.0337168919156
3,-190.0,-16.744619673505415,65.03374675883826
3,-190.0,-16.744791214854942,65.03376856065421
3,-190.0,-16.744962756204472,65.03377785264587
3,-190.0,-16.745134297554,65.0337707525976
3,-190.0,-16.74530583890353,65.0337707525976
3,-190.0,-16.745477380253057,65.03374678877307
3,-190.0,-16.745648921602587,65.03370679062647
3,-190.0,-16.74571561519084,65.03368889144663
3,-190.0,-16.745820462952114,65.03366366232113
3,-190.0,-16.745992004301645,65.03361047889632
3,-190.0,-16.74616354565117,65.03361047889632
3,-190.0,-16.746335087000702,65.03354813404427
3,-190.0,-16.746411704792838,65.03351694855178
3,-190.0,-16.74650662835023,65.03346856976503
3,-190.0,-16.746678169699756,65.03338464387645
3,-190.0,-16.746849711049286,65.03337078680146
3,-190.0,-16.746939356515337,65.03334500565693
3,-190.0,-16.747021252398813,65.0333142357843
3,-190.0,-16.747192793748344,65.03325462394103
3,-190.0,-16.74736433509787,65.03320269142127
3,-190.0,-16.74751236030463,65.03317306276206
3,-190.0,-16.7475358764474,65.03316861253937
3,-190.0,-16.747707417796928,65.03316861253937
3,-190.0,-16.74787895914646,65.03316667756928
3,-190.0,-16.747929663482903,65.03317306276206
3,-190.0,-16.748050500495985,65.03318760207105
3,-190.0,-16.748222041845516,65.03321035499405
3,-190.0,-16.748393583195043,65.03324924284483
3,-190.0,-16.74856512454457,65.0332624566818
3,-190.0,-16.7487366658941,65.03326977875884
3,-190.0,-16.74890820724363,65.03328975664114
3,-190.0,-16.749079748593154,65.03334367170697
3,-190.0,-16.749082442271952,65.03334500565693
3,-190.0,-16.749251289942684,65.03342968224447
3,-190.0,-16.749422831292215,65.03350647038711
3,-190.0,-16.74959437264174,65.03350647038711
3,-190.0,-16.749624913036445,65.03351694855178
3,-190.0,-16.749765913991272,65.03359942776228
3,-190.0,-16.749914396211036,65.03368889144663
3,-190.0,-16.7499374553408,65.03370222267462
3,-190.0,-16.75010899669033,65.03384013272483
3,-190.0,-16.750130446798707,65.0338608343415
3,-190.0,-16.75012575072884,65.03403277723635
3,-190.0,-16.75010899669033,65.03409681377862
3,-190.0,-16.750084427050794,65.0342047201312
3,-190.0,-16.750022184547575,65.03437666302607
3,-190.0,-16.7499374553408,65.03447378297331
3,-190.0,-16.749765913991272,65.03447378297331
3,-190.0,-16.74970029180541,65.03454860592092
3,-190.0,-16.749653245625133,65.03472054881577
3,-190.0,-16.749765913991272,65.03484845069994
3,-190.0,-16.749802381471863,65.03489249171064
3,-190.0,-16.7499374553408,65.03503683558147
3,-190.0,-16.75010899669033,65.03503683558147
3,-190.0,-16.75012961166418,65.03506443460549
3,-190.0,-16.75010899669033,65.03509856748936
3,-190.0,-16.75000214222488,65.03523637750034
3,-190.0,-16.750001539454356,65.0354083203952
3,-190.0,-16.7499374553408,65.03554601134621
3,-190.0,-16.74992842771026,65.03558026329006
3,-190.0,-16.749855923639636,65.03575220618491
3,-190.0,-16.74982287579683,65.03592414907978
3,-190.0,-16.749765913991276,65.03596821305035
3,-190.0,-16.74959437264174,65.03607185805244
3,-190.0,-16.749422831292215,65.03607185805244
3,-190.0,-16.749342440737536,65.03609609197463
3,-190.0,-16.749251289942684,65.03612136923243
3,-190.0,-16.749079748593157,65.03616650923068
3,-190.0,-16.748908207243627,65.0362157972244
3,-190.0,-16.7487366658941,65.03622981786323
3,-190.0,-16.74856512454457,65.0362631489686
3,-190.0,-16.74855153744147,65.03626803486948
3,-190.0,-16.748393583195043,65.03635907138344
3,-190.0,-16.74824364942353,65.03643997776435
3,-190.0,-16.748222041845516,65.03653869628096
3,-190.0,-16.748200042462745,65.0366119206592
3,-190.0,-16.748222041845516,65.03664002039788
3,-190.0,-16.748319250722567,65.03678386355405
3,-190.0,-16.7482754871711,65.03695580644892
3,-190.0,-16.748222041845516,65.03710088644023
3,-190.0,-16.748050500495985,65.03710088644023
3,-190.0,-16.748038918444436,65.03712774934377
3,-190.0,-16.748050500495985,65.03713902883179
3,-190.0,-16.748222041845516,65.03715835425338
3,-190.0,-16.748393583195043,65.03725668891224
3,-190.0,-16.74844882647436,65.03729969223862
3,-190.0,-16.74856512454457,65.03735487835371
3,-190.0,-16.7487366658941,65.03742598006076
3,-190.0,-16.748908207243627,65.03742629570816
3,-190.0,-16.74899607905663,65.03747163513349
3,-190.0,-16.749079748593157,65.03754006138756
3,-190.0,-16.749251289942684,65.03754006138756
3,-190.0,-16.74939985700433,65.03764357802834
3,-190.0,-16.749422831292215,65.03765037768257
3,-190.0,-16.74959437264174,65.0376872472905
3,-190.0,-16.749765913991272,65.03774103040945
3,-190.0,-16.7499374553408,65.03776920062288
3,-190.0,-16.75010899669033,65.03779261544786
3,-190.0,-16.750280538039856,65.03779261544786
3,-190.0,-16.750452079389383,65.03780492079918
3,-190.0,-16.75062019371972,65.03781552092319
3,-190.0,-16.750623620738914,65.03781573638298
3,-190.0,-16.7506271195993,65.03781552092319
3,-190.0,-16.75079516208844,65.03780499740938
3,-190.0,-16.75096670343797,65.0377946072262
3,-190.0,-16.751138244787498,65.0377946072262
3,-190.0,-16.75130978613703,65.03779665362165
3,-190.0,-16.751481327486555,65.03778716343878
3,-190.0,-16.751652868836086,65.0377880176621
3,-190.0,-16.751824410185613,65.03780133612575
3,-190.0,-16.751995951535143,65.03780133612575
3,-190.0,-16.75216749288467,65.03781303932382
3,-190.0,-16.75225326355943,65.03781552092319
3,-190.0,-16.752339034234197,65.03781954088439
3,-190.0,-16.752510575583727,65.03785797468785
3,-190.0,-16.75263909534381,65.03798746381806
3,-190.0,-16.752600183005853,65.03815940671291
3,-190.0,-16.752682116933254,65.03829943871523
3,-190.0,-16.752694974788774,65.03833134960776
3,-190.0,-16.752764432570547,65.03850329250263
3,-190.0,-16.752853658282785,65.03858436046131
3,-190.0,-16.75296077484501,65.03867523539748
3,-190.0,-16.75302519963231,65.0387125051423
3,-190.0,-16.753196740981842,65.03875618430244
3,-190.0,-16.75336828233137,65.03880092666559
3,-190.0,-16.75344845190002,65.03884717829233
3,-190.0,-16.7535398236809,65.03891316290766
3,-190.0,-16.753711365030426,65.03900736629579
3,-190.0,-16.753738230587537,65.0390191211872
3,-190.0,-16.753882906379957,65.03916657022219
3,-190.0,-16.753904427524233,65.03919106408205
3,-190.0,-16.754054447729484,65.03929433007721
3,-190.0,-16.75415665735481,65.0393630069769
3,-190.0,-16.75422598907901,65.03938776050796
3,-190.0,-16.75439753042854,65.03938776050796
3,-190.0,-16.754569071778068,65.03946054651135
3,-190.0,-16.75472516699897,65.03953494987176
3,-190.0,-16.7547406131276,65.03954625120785
3,-190.0,-16.754912154477125,65.0396801941128
3,-190.0,-16.754986388926454,65.03970689276662
3,-190.0,-16.755083695826656,65.03972817312962
3,-190.0,-16.755255237176183,65.03974615632393
3,-190.0,-16.755426778525713,65.03974615632393
3,-190.0,-16.75559831987524,65.03975203940436
3,-190.0,-16.75576986122477,65.0397396368021
3,-190.0,-16.755941402574297,65.03972471434851
3,-190.0,-16.756112943923824,65.03972311792674
3,-190.0,-16.756284485273355,65.03972311792674
3,-190.0,-16.75645602662288,65.03972804568791
3,-190.0,-16.756627567972412,65.03976597527198
3,-190.0,-16.75679910932194,65.03980359006965
3,-190.0,-16.75697065067147,65.03981894914163
3,-190.0,-16.757142192020996,65.03981894914163
3,-190.0,-16.757313733370527,65.03982826009627
3,-190.0,-16.757485274720054,65.03982361381257
3,-190.0,-16.757656816069584,65.03981892086551
3,-190.0,-16.75782835741911,65.03982675252725
3,-190.0,-16.757999898768638,65.03982675252725
3,-190.0,-16.75817144011817,65.039851059753
3,-190.0,-16.758342981467695,65.03986731514155
3,-190.0,-16.75844748799787,65.03987883566147
3,-190.0,-16.758514522817226,65.03988749279006
3,-190.0,-16.758686064166753,65.0399297397596
3,-190.0,-16.758857605516283,65.03997699913151
3,-190.0,-16.75902914686581,65.03997699913151
3,-190.0,-16.75920068821534,65.04001777735402
3,-190.0,-16.759246648388793,65.04005077855633
3,-190.0,-16.759372229564867,65.04013314581232
3,-190.0,-16.759543770914398,65.04013508062292
3,-190.0,-16.759715312263925,65.04013645882762
3,-190.0,-16.75988685361345,65.04015366295285
3,-190.0,-16.760058394962982,65.04016694820115
3,-190.0,-16.76022993631251,65.04019549005366
3,-190.0,-16.760338140158343,65.04022272145119
3,-190.0,-16.76040147766204,65.04023487982434
3,-190.0,-16.760573019011566,65.04025746820102
3,-190.0,-16.760744560361097,65.04025391486584
3,-190.0,-16.760916101710624,65.04025391486584
3,-190.0,-16.761087643060154,65.04023578085253
4,-190.0,-16.74067422246626,65.03336500413523
4,-190.0,-16.74074618703241,65.03334500565693
4,-190.0,-16.740695021597475,65.03317306276206
4,-190.0,-16.74067422246626,65.03315272759534
4,-190.0,-16.74050268111673,65.03315272759534
4,-190.0,-16.740367406199915,65.03300111986721
4,-190.0,-16.740331139767203,65.03295679619998
4,-190.0,-16.740246209265145,65.03282917697236
4,-190.0,-16.740159598417677,65.03271958648749
4,-190.0,-16.739988057068146,65.03266685118373
4,-190.0,-16.739816515718616,65.03272554424231
4,-190.0,-16.739778080138045,65.03282917697236
4,-190.0,-16.739816515718616,65.03295332819377
4,-190.0,-16.739835157984643,65.03300111986721
4,-190.0,-16.739950996312324,65.03317306276206
4,-190.0,-16.739988057068146,65.03320297690676
4,-190.0,-16.740159598417673,65.03329557162623
4,-190.0,-16.740281855453958,65.03334500565693
4,-190.0,-16.740331139767203,65.0333546336271
4,-190.0,-16.74050268111673,65.0333651400279
4,-190.0,-16.74067422246626,65.03336500413523
5,-170.0,-16.760401477662036,65.04147711302372
5,-170.0,-16.76054582870405,65.04142632171518
5,-170.0,-16.760573019011566,65.04142108247449
5,-170.0,-16.760744560361097,65.0413779364637
5,-170.0,-16.760916101710624,65.04133851605604
5,-170.0,-16.761087643060154,65.04135792155449
5,-170.0,-16.76125918440968,65.04135792155449
5,-170.0,-16.76143072575921,65.04131491738607
5,-170.0,-16.76160226710874,65.04135224099323
5,-170.0,-16.761773808458265,65.04132502325076
5,-170.0,-16.761945349807796,65.04128546637595
5,-170.0,-16.762116891157323,65.04128546637595
5,-170.0,-16.76223308852015,65.04125437882033
5,-170.0,-16.762288432506853,65.04124001078011
5,-170.0,-16.76245997385638,65.04119879730825
5,-170.0,-16.76263151520591,65.04115835515105
5,-170.0,-16.762803056555438,65.04111729418139
5,-170.0,-16.762974597904968,65.04111729418139
5,-170.0,-16.763141584416157,65.04108243592547
5,-170.0,-16.763146139254495,65.04108149286557
5,-170.0,-16.763317680604025,65.0410554648996
5,-170.0,-16.763489221953552,65.04104066372875
5,-170.0,-16.76366076330308,65.04103964996929
5,-170.0,-16.76383230465261,65.04103964996929
5,-170.0,-16.764003846002137,65.04104606463336
5,-170.0,-16.764175387351667,65.04105410753303
5,-170.0,-16.764346928701194,65.04105986370756
5,-170.0,-16.764518470050724,65.0410612059374
5,-170.0,-16.76469001140025,65.0410612059374
5,-170.0,-16.76486155274978,65.04106224756546
5,-170.0,-16.76503309409931,65.0410569843217
5,-170.0,-16.76520463544884,65.04103992611606
5,-170.0,-16.765376176798366,65.04101784845477
5,-170.0,-16.765547718147893,65.04101784845477
5,-170.0,-16.765719259497423,65.04099142584388
5,-170.0,-16.76589080084695,65.04097027533936
5,-170.0,-16.76606234219648,65.04095764248828
5,-170.0,-16.766233883546008,65.04093890455069
5,-170.0,-16.766405424895538,65.04093890455069
5,-170.0,-16.766576966245065,65.04091413183973
5,-170.0,-16.766597865039817,65.04091049303061
5,-170.0,-16.766748507594595,65.0408802072656
5,-170.0,-16.766920048944122,65.04084594902338
5,-170.0,-16.767091590293653,65.04081680134568
5,-170.0,-16.76726313164318,65.04081680134568
5,-170.0,-16.767434672992707,65.04079382571452
5,-170.0,-16.767606214342237,65.04077082648777
5,-170.0,-16.767777755691764,65.04073964451257
5,-170.0,-16.767782335584645,65.04073855013576
5,-170.0,-16.767949297041294,65.04068956327907
5,-170.0,-16.76812083839082,65.04068956327907
5,-170.0,-16.768292379740352,65.04062834394469
5,-170.0,-16.768447303496817,65.0405666072409
5,-170.0,-16.76846392108988,65.04055606578278
5,-170.0,-16.76863546243941,65.04043636338363
5,-170.0,-16.7686860660468,65.04039466434604
5,-170.0,-16.768807003788936,65.04032846695998
5,-170.0,-16.768978545138467,65.04024746339651
5,-170.0,-16.76900055020725,65.04022272145119
5,-170.0,-16.769100601713106,65.04005077855633
5,-170.0,-16.769150086487993,65.04000519460126
5,-170.0,-16.769306653228444,65.03987883566147
5,-170.0,-16.76932162783752,65.03987011680381
5,-170.0,-16.76949316918705,65.0398139884952
5,-170.0,-16.769664710536578,65.03977846300614
5,-170.0,-16.769801769115933,65.03970689276662
5,-170.0,-16.769836251886108,65.039685003784
5,-170.0,-16.770007793235635,65.03955997786812
5,-170.0,-16.77003364153607,65.03953494987176
5,-170.0,-16.770179334585166,65.03937963845901
5,-170.0,-16.770350875934692,65.03937963845901
5,-170.0,-16.770366863863426,65.0393630069769
5,-170.0,-16.770522417284223,65.03924061358833
5,-170.0,-16.770606262832995,65.03919106408205
5,-170.0,-16.77069395863375,65.03909310184532
5,-170.0,-16.770770444243436,65.0390191211872
5,-170.0,-16.77086549998328,65.03885179765369
5,-170.0,-16.771037041332807,65.03885179765369
5,-170.0,-16.77103993197166,65.03884717829233
5,-170.0,-16.771208582682334,65.03876595148071
5,-170.0,-16.771380124031865,65.0386766718601
5,-170.0,-16.771382604147764,65.03867523539748
5,-170.0,-16.77155166538139,65.0385933389257
5,-170.0,-16.771723206730922,65.03856278620182
5,-170.0,-16.77189474808045,65.03850993862757
5,-170.0,-16.771907771290586,65.03850329250263
5,-170.0,-16.77204552386405,65.03833134960776
5,-170.0,-16.772050823814403,65.03815940671291
5,-170.0,-16.77206628942998,65.0381360614663
5,-170.0,-16.772162642200982,65.03798746381806
5,-170.0,-16.772237830779506,65.03791030609844
5,-170.0,-16.772409372129037,65.03786827780385
5,-170.0,-16.772580913478564,65.03787959073789
5,-170.0,-16.772715498155836,65.03781552092319
5,-170.0,-16.772752454828094,65.0377667413071
5,-170.0,-16.77286729366796,65.03764357802834
5,-170.0,-16.77292399617762,65.03758978687586
5,-170.0,-16.773095537527148,65.03757060504321
5,-170.0,-16.77326707887668,65.03757060504321
5,-170.0,-16.773376004872347,65.03747163513349
5,-170.0,-16.773302775764932,65.03729969223862
5,-170.0,-16.77334437646183,65.03712774934377
5,-170.0,-16.773438620226205,65.03706306958289
5,-170.0,-16.773610161575736,65.03700177027892
5,-170.0,-16.773781702925262,65.03700177643647
5,-170.0,-16.773953244274793,65.03700177643647
5,-170.0,-16.77412478562432,65.03702826700304
5,-170.0,-16.77429632697385,65.03709255106142
5,-170.0,-16.774467868323377,65.03708649175772
5,-170.0,-16.774580211016143,65.03695580644892
5,-170.0,-16.774540656890835,65.03678386355405
5,-170.0,-16.774639409672908,65.03670400253137
5,-170.0,-16.77475437287783,65.0366119206592
5,-170.0,-16.774810951022435,65.03655117376292
5,-170.0,-16.774951280777938,65.03643997776435
5,-170.0,-16.77498249237196,65.03640684104028
5,-170.0,-16.775115050661856,65.03626803486948
5,-170.0,-16.775154033721492,65.0361866253416
5,-170.0,-16.77532557507102,65.03612739342478
5,-170.0,-16.77537067892721,65.03609609197463
5,-170.0,-16.77547403520317,65.03592414907978
5,-170.0,-16.77549711642055,65.0358892501868
5,-170.0,-16.775584514323537,65.0357522061849
5,-170.0,-16.775668657770076,65.03559089021836
5,-170.0,-16.775672870506472,65.03558026329006
5,-170.0,-16.77569171696702,65.0354083203952
5,-170.0,-16.775668657770076,65.03537933412376
5,-170.0,-16.77549711642055,65.03524012054945
5,-170.0,-16.7754882662943,65.03523637750034
5,-170.0,-16.775325575071022,65.03513885088998
5,-170.0,-16.775276818804283,65.03506443460549
5,-170.0,-16.775258872191056,65.03489249171064
5,-170.0,-16.775291316243557,65.03472054881577
5,-170.0,-16.77532557507102,65.03467097387104
5,-170.0,-16.77540268505281,65.03454860592092
5,-170.0,-16.77548235827874,65.03437666302607
5,-170.0,-16.77535177006585,65.0342047201312
5,-170.0,-16.77532557507102,65.03414909540976
5,-170.0,-16.775260782589605,65.03403277723635
5,-170.0,-16.77532557507102,65.03398947621393
5,-170.0,-16.77549711642055,65.03398947621393
5,-170.0,-16.775668657770076,65.03387526806976
5,-170.0,-16.775686254522736,65.0338608343415
5,-170.0,-16.775840199119607,65.03373897781266
5,-170.0,-16.775883935587874,65.03368889144663
5,-170.0,-16.77593973090935,65.03351694855178
5,-170.0,-16.775920762691644,65.03334500565693
5,-170.0,-16.77586316163431,65.03317306276206
5,-170.0,-16.775840199119607,65.03310266868431
5,-170.0,-16.775808486706353,65.03300111986721
5,-170.0,-16.775768561334054,65.03282917697236
5,-170.0,-16.775668657770076,65.03271641360512
5,-170.0,-16.775615378052066,65.03265723407749
5,-170.0,-16.77549711642055,65.03257889767733
5,-170.0,-16.775385249495123,65.03248529118264
5,-170.0,-16.77532557507102,65.03243699824915
5,-170.0,-16.775186094081125,65.03231334828779
5,-170.0,-16.775154033721492,65.03223214811487
5,-170.0,-16.77512042399042,65.03214140539292
5,-170.0,-16.775154033721492,65.0320695682451
5,-170.0,-16.77520098011945,65.03196946249807
5,-170.0,-16.775289809390344,65.03179751960322
5,-170.0,-16.77531131003544,65.03162557670835
5,-170.0,-16.775278338800035,65.0314536338135
5,-170.0,-16.775225350463106,65.03128169091865
5,-170.0,-16.775154033721492,65.03115574610503
5,-170.0,-16.775113047358577,65.03110974802378
5,-170.0,-16.77498249237196,65.0310491207814
5,-170.0,-16.774810951022435,65.0309633287062
5,-170.0,-16.774769812496938,65.03093780512893
5,-170.0,-16.774639409672908,65.03087370086983
5,-170.0,-16.77446786832338,65.03076716035629
5,-170.0,-16.774296326973854,65.03076716035629
5,-170.0,-16.774294459720206,65.03076586223406
5,-170.0,-16.77412478562432,65.03060789919802
5,-170.0,-16.774109150031776,65.03059391933921
5,-170.0,-16.77397181969877,65.03042197644436
5,-170.0,-16.773953244274793,65.03039726128065
5,-170.0,-16.77383392110217,65.0302500335495
5,-170.0,-16.773781702925262,65.03020501523585
5,-170.0,-16.773610161575736,65.03009244059282
5,-170.0,-16.77358448427385,65.03007809065464
5,-170.0,-16.773438620226205,65.0299384079874
5,-170.0,-16.773407896324354,65.02990614775979
5,-170.0,-16.77326707887668,65.0298199249479
5,-170.0,-16.773142105086315,65.02973420486494
5,-170.0,-16.773095537527148,65.02964703621399
5,-170.0,-16.772923996177624,65.02964703621399
5,-170.0,-16.77289208831568,65.02956226197007
5,-170.0,-16.772849058423525,65.02939031907522
5,-170.0,-16.77292399617762,65.02925554613269
5,-170.0,-16.772945630231767,65.02921837618037
5,-170.0,-16.77292399617762,65.02919166104085
5,-170.0,-16.772752454828094,65.02919166104085
5,-170.0,-16.772625045413136,65.0290464332855
5,-170.0,-16.772580913478564,65.02901228604475
5,-170.0,-16.772409372129037,65.02888769703354
5,-170.0,-16.772389271182274,65.02887449039065
5,-170.0,-16.772237830779506,65.02879859971696
5,-170.0,-16.77206628942998,65.02871235909846
5,-170.0,-16.772048961589476,65.0287025474958
5,-170.0,-16.77191325662679,65.02853060460093
5,-170.0,-16.77189474808045,65.02850315373898
5,-170.0,-16.771723206730922,65.02850315373898
5,-170.0,-16.7715911142757,65.02835866170608
5,-170.0,-16.77155166538139,65.0282894944967
5,-170.0,-16.771501999192004,65.02818671881123
5,-170.0,-16.77146278573122,65.02801477591636
5,-170.0,-16.77155166538139,65.02790188062875
5,-170.0,-16.77160419113001,65.02784283302151
5,-170.0,-16.77155166538139,65.02771248583915
5,-170.0,-16.771380124031865,65.02771248583915
5,-170.0,-16.77136183005671,65.02767089012666
5,-170.0,-16.771289958271247,65.02749894723179
5,-170.0,-16.771380124031865,65.02741302475289
5,-170.0,-16.77145878051327,65.02732700433694
5,-170.0,-16.771507882921867,65.02715506144209
5,-170.0,-16.771543944788654,65.02698311854722
5,-170.0,-16.77155166538139,65.02695641130067
5,-170.0,-16.771604565327273,65.02681117565237
5,-170.0,-16.771664624681982,65.0266392327575
5,-170.0,-16.771723206730922,65.0265747862193
5,-170.0,-16.77183445612142,65.02646728986265
5,-170.0,-16.77189474808045,65.02641987387399
5,-170.0,-16.77206628942998,65.02641987387399
5,-170.0,-16.772237830779506,65.02630221536235
5,-170.0,-16.772249889497644,65.0262953469678
5,-170.0,-16.772409372129037,65.02623300851782
5,-170.0,-16.772580913478564,65.02617296817759
5,-170.0,-16.772752454828094,65.02615950216739
5,-170.0,-16.772893019329974,65.02612340407295
5,-170.0,-16.77292399617762,65.02611119220265
5,-170.0,-16.773095537527148,65.02604192064547
5,-170.0,-16.77326707887668,65.02596606730503
5,-170.0,-16.77329718683857,65.02595146117808
5,-170.0,-16.773438620226205,65.02584037534065
5,-170.0,-16.773610161575736,65.02584037534065
5,-170.0,-16.773678799878407,65.02577951828323
5,-170.0,-16.773661788331253,65.02560757538838
5,-170.0,-16.773610161575736,65.02555327701427
5,-170.0,-16.773496621113775,65.02543563249351
5,-170.0,-16.773438620226205,65.02539425125761
5,-170.0,-16.77326707887668,65.02539425125761
5,-170.0,-16.77311138849918,65.02526368959866
5,-170.0,-16.773095537527148,65.02525087138903
5,-170.0,-16.772959061542533,65.02509174670381
5,-170.0,-16.77292399617762,65.02506126968805
5,-170.0,-16.77278356419978,65.02491980380894
5,-170.0,-16.772752454828094,65.0248962397835
5,-170.0,-16.772580913478564,65.02476122712937
5,-170.0,-16.772562164514735,65.02474786091409
5,-170.0,-16.77241893294695,65.02457591801924
5,-170.0,-16.772409372129037,65.0245645855342
5,-170.0,-16.772237830779503,65.02445924482119
5,-170.0,-16.77206628942998,65.02445924482119
5,-170.0,-16.771983224106943,65.02440397512437
5,-170.0,-16.77189474808045,65.02433843531608
5,-170.0,-16.77175605347154,65.02423203222952
5,-170.0,-16.771723206730922,65.02419668198863
5,-170.0,-16.771588529010543,65.02406008933467
5,-170.0,-16.77155166538139,65.0240211761744
5,-170.0,-16.771402757189882,65.0238881464398
5,-170.0,-16.771380124031865,65.02387089769046
5,-170.0,-16.771208582682334,65.02377745096915
5,-170.0,-16.771038982688758,65.02371620354495
5,-170.0,-16.771037041332807,65.0237156021506
5,-170.0,-16.77086549998328,65.0237156021506
5,-170.0,-16.77069395863375,65.02367635456874
5,-170.0,-16.770522417284223,65.0236493691005
5,-170.0,-16.770350875934692,65.02362427623365
5,-170.0,-16.770179334585166,65.02359779953404
5,-170.0,-16.770007793235635,65.02359779953404
5,-170.0,-16.769836251886108,65.02356603849056
5,-170.0,-16.769805001184817,65.02354426065011
5,-170.0,-16.769664710536578,65.02344189315059
5,-170.0,-16.76949316918705,65.02338965418346
5,-170.0,-16.769435117801653,65.02337231775523
5,-170.0,-16.76932162783752,65.0233443433244
5,-170.0,-16.769150086487993,65.02331835357364
5,-170.0,-16.768978545138467,65.02331835357364
5,-170.0,-16.768807003788936,65.02331273862058
5,-170.0,-16.76863546243941,65.0233270459428
5,-170.0,-16.76846392108988,65.02335536076964
5,-170.0,-16.768381657438994,65.02337231775523
5,-170.0,-16.768292379740352,65.02339244384693
5,-170.0,-16.76812083839082,65.02339244384693
5,-170.0,-16.767949297041294,65.02343320147072
5,-170.0,-16.767777755691764,65.02346744061074
5,-170.0,-16.767606214342237,65.02349531564741
5,-170.0,-16.767434672992707,65.02351790840956
5,-170.0,-16.76726313164318,65.02351790840956
5,-170.0,-16.767091590293653,65.02353681025286
5,-170.0,-16.766981767647625,65.0235442606501
5,-170.0,-16.766920048944122,65.02354766364925
5,-170.0,-16.766748507594595,65.02355383344364
5,-170.0,-16.766576966245065,65.02356124080802
5,-170.0,-16.766405424895538,65.02356124080802
5,-170.0,-16.766233883546008,65.02356584025743
5,-170.0,-16.76606234219648,65.0235673463679
5,-170.0,-16.76589080084695,65.02356443484226
5,-170.0,-16.765719259497423,65.0235539348845
5,-170.0,-16.765547718147893,65.0235539348845
5,-170.0,-16.765481111556824,65.02354426065011
5,-170.0,-16.765376176798366,65.02352008509494
5,-170.0,-16.76520463544884,65.0234751614775
5,-170.0,-16.76503309409931,65.02343704214545
5,-170.0,-16.76486155274978,65.02338224947074
5,-170.0,-16.764835050524532,65.02337231775523
5,-170.0,-16.76469001140025,65.02323962686364
5,-170.0,-16.764518470050724,65.02323962686364
5,-170.0,-16.764489450476248,65.02320037486038
5,-170.0,-16.764346928701194,65.02304481011096
5,-170.0,-16.76433537671193,65.02302843196553
5,-170.0,-16.764270790418955,65.02285648907066
5,-170.0,-16.764175387351667,65.02270420006126
5,-170.0,-16.764160100626913,65.02268454617581
5,-170.0,-16.764003846002137,65.02257601650317
5,-170.0,-16.763897145035394,65.02251260328096
5,-170.0,-16.76383230465261,65.02246549548101
5,-170.0,-16.76366076330308,65.02237209077694
5,-170.0,-16.76356144107889,65.02234066038609
5,-170.0,-16.763489221953552,65.02232060337664
5,-170.0,-16.763317680604025,65.02232060337664
5,-170.0,-16.763146139254495,65.02229949222037
5,-170.0,-16.762974597904968,65.02228896141756
5,-170.0,-16.762803056555438,65.02227699796975
5,-170.0,-16.76263151520591,65.02226369444597
5,-170.0,-16.76245997385638,65.02226369444597
5,-170.0,-16.762288432506853,65.02224737257777
5,-170.0,-16.762149067112222,65.02216871749124
5,-170.0,-16.762116891157323,65.02215009639346
5,-170.0,-16.761945349807796,65.0221404188518
5,-170.0,-16.761773808458265,65.02213210269224
5,-170.0,-16.76160226710874,65.02211578657386
5,-170.0,-16.76143072575921,65.02211578657386
5,-170.0,-16.76125918440968,65.02209828808515
5,-170.0,-16.761087643060154,65.02207877127609
5,-170.0,-16.760916101710624,65.02206457216539
5,-170.0,-16.760744560361097,65.02206544298814
5,-170.0,-16.760573019011566,65.02206544298814
5,-170.0,-16.760401477662036,65.02207926383925
5,-170.0,-16.76022993631251,65.02209780893591
5,-170.0,-16.760058394962982,65.0221140953321
5,-170.0,-16.75988685361345,65.02213349372158
5,-170.0,-16.759715312263925,65.02213349372158
5,-170.0,-16.759543770914398,65.02215805206458
5,-170.0,-16.759475939801906,65.02216871749124
5,-170.0,-16.759372229564867,65.02218615834371
5,-170.0,-16.75920068821534,65.02221743939253
5,-170.0,-16.75902914686581,65.0222452531864
5,-170.0,-16.758857605516283,65.0222452531864
5,-170.0,-16.758686064166753,65.02227472490698
5,-170.0,-16.758514522817226,65.02231919448589
5,-170.0,-16.758434574664708,65.02234066038609
5,-170.0,-16.758342981467695,65.02236634996696
5,-170.0,-16.75817144011817,65.02241522380949
5,-170.0,-16.757999898768638,65.02241522380949
5,-170.0,-16.75782835741911,65.02245682299734
5,-170.0,-16.757656816069584,65.02247471818299
5,-170.0,-16.757485274720054,65.02247779386967
5,-170.0,-16.757313733370527,65.022469525962
5,-170.0,-16.757142192020996,65.022469525962
5,-170.0,-16.75697065067147,65.02244621862022
5,-170.0,-16.75679910932194,65.02241669590212
5,-170.0,-16.756627567972412,65.02239708273066
5,-170.0,-16.75645602662288,65.02238744443687
5,-170.0,-16.756284485273355,65.02238744443687
5,-170.0,-16.756112943923824,65.02239199653806
5,-170.0,-16.755941402574297,65.02239921595609
5,-170.0,-16.75576986122477,65.02240803943418
5,-170.0,-16.75559831987524,65.02240875875819
5,-170.0,-16.755475647622763,65.02234066038609
5,-170.0,-16.755426778525713,65.02231089855866
5,-170.0,-16.755255237176183,65.02231089855866
5,-170.0,-16.755083695826656,65.02228889491731
5,-170.0,-16.754912154477125,65.02225839678644
5,-170.0,-16.7547406131276,65.02221103050226
5,-170.0,-16.75461343759924,65.02216871749124
5,-170.0,-16.754569071778068,65.02215272602977
5,-170.0,-16.75439753042854,65.02215272602977
5,-170.0,-16.75422598907901,65.02210033869646
5,-170.0,-16.754054447729484,65.02205051507657
5,-170.0,-16.753882906379957,65.02202481201086
5,-170.0,-16.753711365030426,65.02202337753448
5,-170.0,-16.7535398236809,65.0220341169576
5,-170.0,-16.753368282331365,65.02204007738308
5,-170.0,-16.753196740981842,65.02209341052763
5,-170.0,-16.75302519963231,65.02216629079889
5,-170.0,-16.753020566697515,65.02216871749124
5,-170.0,-16.752853658282785,65.02226667923564
5,-170.0,-16.752682116933254,65.02226667923564
5,-170.0,-16.75258493513336,65.02234066038609
5,-170.0,-16.752510575583727,65.02239568479212
5,-170.0,-16.752357855734523,65.02251260328096
5,-170.0,-16.752339034234197,65.02252437221924
5,-170.0,-16.75216749288467,65.02262426305276
5,-170.0,-16.75205433040473,65.02268454617581
5,-170.0,-16.751995951535143,65.02270212418858
5,-170.0,-16.751824410185613,65.02270914756159
5,-170.0,-16.751652868836086,65.0227823123477
5,-170.0,-16.75148994921518,65.02285648907066
5,-170.0,-16.751481327486555,65.02286071647376
5,-170.0,-16.75130978613703,65.02294552843159
5,-170.0,-16.751138244787498,65.02294552843159
5,-170.0,-16.75096670343797,65.02302806057618
5,-170.0,-16.750965875495524,65.02302843196553
5,-170.0,-16.75079516208844,65.02310661151246
5,-170.0,-16.750623620738914,65.0231987354892
5,-170.0,-16.750620710579852,65.02320037486038
5,-170.0,-16.750452079389383,65.02330675618305
5,-170.0,-16.750280538039856,65.02330675618305
5,-170.0,-16.75017939215524,65.02337231775523
5,-170.0,-16.75010899669033,65.02341857328784
5,-170.0,-16.7499374553408,65.0235334535487
5,-170.0,-16.74992149877319,65.0235442606501
5,-170.0,-16.749765913991272,65.0236516244102
5,-170.0,-16.74959437264174,65.0236516244102
5,-170.0,-16.749499332479992,65.02371620354495
5,-170.0,-16.749422831292215,65.02377137798771
5,-170.0,-16.749258045657363,65.0238881464398
5,-170.0,-16.749251289942684,65.02389322284365
5,-170.0,-16.749079748593157,65.02401986423908
5,-170.0,-16.749023257553922,65.02406008933467
5,-170.0,-16.748908207243627,65.02411116908677
5,-170.0,-16.7487366658941,65.02414867661992
5,-170.0,-16.748622498507828,65.02423203222952
5,-170.0,-16.74856512454457,65.02428232825264
5,-170.0,-16.748415481424722,65.02440397512437
5,-170.0,-16.748393583195043,65.02442534199716
5,-170.0,-16.748222041845516,65.0245696083768
5,-170.0,-16.748050500495985,65.0245696083768
5,-170.0,-16.74804185102085,65.02457591801924
5,-170.0,-16.74787895914646,65.02470456145845
5,-170.0,-16.747815155731665,65.02474786091409
5,-170.0,-16.747707417796928,65.02489629627361
5,-170.0,-16.747689381972155,65.02491980380894
5,-170.0,-16.7475358764474,65.0250143030607
5,-170.0,-16.74736433509787,65.0250143030607
5,-170.0,-16.7472362840983,65.02509174670381
5,-170.0,-16.747192793748344,65.02511541582713
5,-170.0,-16.747021252398813,65.02520997100476
5,-170.0,-16.746915318216846,65.02526368959866
5,-170.0,-16.746849711049286,65.02529162212149
5,-170.0,-16.746678169699756,65.02533457183195
5,-170.0,-16.74650662835023,65.025359795046
5,-170.0,-16.746335087000702,65.02542372148599
5,-170.0,-16.746301469637405,65.02543563249351
5,-170.0,-16.74616354565117,65.02548401382893
5,-170.0,-16.745992004301645,65.02554149875377
5,-170.0,-16.745820462952114,65.02554149875377
5,-170.0,-16.745648921602587,65.02557791034816
5,-170.0,-16.745592688968244,65.02560757538838
5,-170.0,-16.745477380253057,65.02563826709587
5,-170.0,-16.74530583890353,65.02567775295117
5,-170.0,-16.745134297554,65.02564026266123
5,-170.0,-16.744962756204472,65.02564026266123
5,-170.0,-16.744791214854942,65.02569684190871
5,-170.0,-16.744619673505415,65.0257493875492
5,-170.0,-16.74444813215589,65.02570422591971
5,-170.0,-16.744276590806358,65.02572613697711
5,-170.0,-16.74410504945683,65.02572613697711
5,-170.0,-16.7439335081073,65.02574469736906
5,-170.0,-16.743761966757774,65.02575939121256
5,-170.0,-16.743590425408243,65.02576960652794
5,-170.0,-16.743418884058716,65.0257754705478
5,-170.0,-16.743247342709186,65.0257756857397
5,-170.0,-16.743106013817044,65.02577951828323
5,-170.0,-16.74307580135966,65.02578042236284
5,-170.0,-16.74290426001013,65.02578879441164
5,-170.0,-16.7427327186606,65.02580272220182
5,-170.0,-16.742561177311075,65.02582213412138
5,-170.0,-16.742389635961544,65.02582213412138
5,-170.0,-16.742218094612017,65.02584723046142
5,-170.0,-16.742046553262487,65.02588489434429
5,-170.0,-16.74187501191296,65.02594489514985
5,-170.0,-16.741862070531667,65.02595146117808
5,-170.0,-16.74170347056343,65.02603337495722
5,-170.0,-16.741531929213902,65.02603337495722
5,-170.0,-16.741390766543873,65.02612340407295
5,-170.0,-16.741360387864372,65.02613985226272
5,-170.0,-16.741188846514845,65.02623262610811
5,-170.0,-16.74106678613964,65.0262953469678
5,-170.0,-16.741017305165315,65.02631747136869
5,-170.0,-16.740845763815788,65.02636646956856
5,-170.0,-16.74067422246626,65.02639266720095
5,-170.0,-16.74050268111673,65.02645438041984
5,-170.0,-16.74045723664136,65.02646728986265
5,-170.0,-16.740331139767203,65.02650354569701
5,-170.0,-16.74015959841767,65.0265394724135
5,-170.0,-16.739988057068146,65.02655378579746
5,-170.0,-16.739816515718616,65.02656476092827
5,-170.0,-16.73964497436909,65.02658249889213
5,-170.0,-16.73947343301956,65.02659273308264
5,-170.0,-16.73930189167003,65.0265961582838
5,-170.0,-16.7391303503205,65.02659406575775
5,-170.0,-16.738958808970974,65.02659181316606
5,-170.0,-16.738787267621447,65.02657564900109
5,-170.0,-16.738615726271917,65.02655543433636
5,-170.0,-16.73844418492239,65.02652909906732
5,-170.0,-16.73827264357286,65.02649977204992
5,-170.0,-16.738101102223332,65.02649977204992
5,-170.0,-16.737929560873802,65.02647455803317
5,-170.0,-16.737872754559945,65.02646728986265
5,-170.0,-16.737758019524275,65.02645444328023
5,-170.0,-16.737586478174745,65.0264415667456
5,-170.0,-16.737414936825218,65.02643202313173
5,-170.0,-16.737243395475687,65.02643202313173
5,-170.0,-16.73707185412616,65.02642168437379
5,-170.0,-16.736900312776633,65.02634138583882
5,-170.0,-16.73674541540191,65.0262953469678
5,-170.0,-16.736728771427103,65.0262930189755
5,-170.0,-16.736557230077576,65.02626491916374
5,-170.0,-16.736385688728046,65.02623155042815
5,-170.0,-16.73621414737852,65.02623155042815
5,-170.0,-16.736042606028988,65.02619132028528
5,-170.0,-16.73587106467946,65.02614257428846
5,-170.0,-16.735811235974655,65.02612340407295
5,-170.0,-16.73569952332993,65.02608969147737
5,-170.0,-16.735527981980404,65.02603630781736
5,-170.0,-16.735356440630873,65.02598980088628
5,-170.0,-16.735184899281347,65.02598088232587
5,-170.0,-16.735067961208483,65.02595146117808
5,-170.0,-16.73501335793182,65.02593835798822
5,-170.0,-16.73484181658229,65.02592224605235
5,-170.0,-16.734670275232762,65.02592847345392
5,-170.0,-16.734533642735542,65.02595146117808
5,-170.0,-16.734498733883232,65.02595748620271
5,-170.0,-16.734327192533705,65.02595894920861
5,-170.0,-16.734155651184174,65.02599537253447
5,-170.0,-16.733984109834648,65.02603398969788
5,-170.0,-16.733812568485117,65.02607185994847
5,-170.0,-16.73364102713559,65.02610685454623
5,-170.0,-16.73346948578606,65.02610685454623
5,-170.0,-16.73339170347137,65.02612340407295
5,-170.0,-16.733297944436533,65.02614601458247
5,-170.0,-16.733126403087006,65.02617649180725
5,-170.0,-16.732954861737475,65.02620274455029
5,-170.0,-16.73278332038795,65.02621400265502
5,-170.0,-16.732611779038418,65.02622832834643
5,-170.0,-16.73244023768889,65.02625415480848
5,-170.0,-16.73226869633936,65.02627957674393
5,-170.0,-16.732170408638787,65.0262953469678
5,-170.0,-16.732097154989834,65.02630776772742
5,-170.0,-16.731925613640303,65.0263316250375
5,-170.0,-16.731754072290776,65.0263365902318
5,-170.0,-16.731582530941246,65.0263630392582
5,-170.0,-16.73141098959172,65.02638775468934
5,-170.0,-16.731239448242192,65.0264088079159
5,-170.0,-16.73106790689266,65.02641418726796
5,-170.0,-16.730896365543135,65.02638776313918
5,-170.0,-16.730724824193604,65.02641436243294
5,-170.0,-16.730553282844078,65.02643091636084
5,-170.0,-16.730381741494547,65.0263636998121
5,-170.0,-16.73021020014502,65.02636149117637
5,-170.0,-16.73003865879549,65.02636149117637
5,-170.0,-16.729867117445963,65.0263587325504
5,-170.0,-16.729695576096432,65.02635157789607
5,-170.0,-16.729524034746905,65.02634055179955
5,-170.0,-16.72935249339738,65.02631845735334
5,-170.0,-16.729180952047848,65.02631845735334
5,-170.0,-16.72907404435647,65.0262953469678
5,-170.0,-16.72900941069832,65.02628078577074
5,-170.0,-16.72883786934879,65.02624182879
5,-170.0,-16.728666327999264,65.02619843532578
5,-170.0,-16.728494786649733,65.02615739495242
5,-170.0,-16.728323245300206,65.02612454956106
5,-170.0,-16.728151703950676,65.02612452318836
5,-170.0,-16.72814021068026,65.02612340407295
5,-170.0,-16.72798016260115,65.02611206477478
5,-170.0,-16.727808621251622,65.02611614283543
5,-170.0,-16.727726913398293,65.02612340407295
5,-170.0,-16.72763707990209,65.02613925734063
5,-170.0,-16.727465538552565,65.02617298857362
5,-170.0,-16.727293997203034,65.02618936235872
5,-170.0,-16.727122455853507,65.02624843650737
5,-170.0,-16.726965760349415,65.0262953469678
5,-170.0,-16.726950914503977,65.02629953772944
5,-170.0,-16.72677937315445,65.02633604589248
5,-170.0,-16.72660783180492,65.02635527403194
5,-170.0,-16.726436290455393,65.02635569417536
5,-170.0,-16.726264749105862,65.02637309679253
5,-170.0,-16.726093207756335,65.0263951900421
5,-170.0,-16.72592166640681,65.02641323602434
5,-170.0,-16.725750125057278,65.02642179296663
5,-170.0,-16.72557858370775,65.02642974039533
5,-170.0,-16.72540704235822,65.02644151542326
5,-170.0,-16.725235501008694,65.02645421799647
5,-170.0,-16.725073922133184,65.02646728986265
5,-170.0,-16.725063959659163,65.02646810614817
5,-170.0,-16.724892418309636,65.02648010478231
5,-170.0,-16.724720876960106,65.02648205691598
5,-170.0,-16.724682246191417,65.02646728986265
5,-170.0,-16.72454933561058,65.02641762029145
5,-170.0,-16.72437779426105,65.0264380878216
5,-170.0,-16.724275108652417,65.02646728986265
5,-170.0,-16.72420625291152,65.0265136884571
5,-170.0,-16.724034711561995,65.02653052695288
5,-170.0,-16.72386317021246,65.02654790554274
5,-170.0,-16.723691628862937,65.02659359582987
5,-170.0,-16.723563221701877,65.0266392327575
5,-170.0,-16.723520087513407,65.02665467266617
5,-170.0,-16.72334854616388,65.02670793353192
5,-170.0,-16.72317700481435,65.02672654028461
5,-170.0,-16.723005463464823,65.02675804606082
5,-170.0,-16.722850614186004,65.02681117565237
5,-170.0,-16.722833922115292,65.02681670891852
5,-170.0,-16.722662380765765,65.02687213572639
5,-170.0,-16.722490839416235,65.0269825179042
5,-170.0,-16.722319298066708,65.0269825179042
5,-170.0,-16.722318603319135,65.02698311854722
5,-170.0,-16.722277921368853,65.02715506144209
5,-170.0,-16.722319298066708,65.02726003885914
5,-170.0,-16.722340468419656,65.02732700433694
5,-170.0,-16.72247602542587,65.02749894723179
5,-170.0,-16.722490839416235,65.027519889394
5,-170.0,-16.722662380765765,65.027519889394
5,-170.0,-16.7227974327628,65.02767089012666
5,-170.0,-16.722833922115292,65.02769506613518
5,-170.0,-16.723005463464823,65.02779971456995
5,-170.0,-16.7230710603629,65.02784283302151
5,-170.0,-16.72317700481435,65.02792635868582
5,-170.0,-16.72329696496715,65.02801477591636
5,-170.0,-16.723340366201214,65.02818671881123
5,-170.0,-16.72324239425128,65.02835866170608
5,-170.0,-16.72317700481435,65.02844497102747
5,-170.0,-16.72313853441345,65.02853060460093
5,-170.0,-16.723005463464823,65.02861740223732
5,-170.0,-16.722923448257838,65.0287025474958
5,-170.0,-16.722840875411798,65.02887449039065
5,-170.0,-16.722833922115292,65.02889280957965
5,-170.0,-16.722769335683637,65.0290464332855
5,-170.0,-16.722662380765765,65.02914745686002
5,-170.0,-16.722593339961975,65.02921837618037
5,-170.0,-16.722490839416235,65.02931650986145
5,-170.0,-16.722319298066708,65.0293621913002
5,-170.0,-16.722254514125396,65.02939031907522
5,-170.0,-16.72214775671718,65.02949342389348
5,-170.0,-16.722056143449446,65.02956226197007
5,-170.0,-16.72197621536765,65.02964072059342
5,-170.0,-16.721813597177796,65.02973420486494
5,-170.0,-16.721804674018124,65.0297506133195
5,-170.0,-16.721633132668593,65.02986373548087
5,-170.0,-16.721505554747758,65.02990614775979
5,-170.0,-16.721633132668593,65.03003431259363
5,-170.0,-16.721804674018124,65.03003431259363
5,-170.0,-16.721827909248535,65.03007809065464
5,-170.0,-16.721804674018124,65.03016205056261
5,-170.0,-16.721633132668593,65.03016205056261
5,-170.0,-16.721601106947592,65.0302500335495
5,-170.0,-16.721461591319066,65.03034609317558
5,-170.0,-16.721297605083507,65.03042197644436
5,-170.0,-16.721449719468524,65.03059391933921
5,-170.0,-16.721461591319066,65.03060345590706
5,-170.0,-16.721633132668593,65.03071524316522
5,-170.0,-16.721700682630065,65.03076586223408
5,-170.0,-16.721804674018124,65.0308506542385
5,-170.0,-16.721931673426216,65.03093780512893
5,-170.0,-16.72197621536765,65.03098279894485
5,-170.0,-16.72214775671718,65.03098279894485
5,-170.0,-16.722254622294095,65.03110974802378
5,-170.0,-16.722319298066708,65.03115614090211
5,-170.0,-16.722490839416235,65.03126496917609
5,-170.0,-16.722515643146295,65.03128169091865
5,-170.0,-16.722662380765765,65.03136144380039
5,-170.0,-16.722833922115292,65.03144732540504
5,-170.0,-16.722844774186918,65.0314536338135
5,-170.0,-16.723005463464823,65.03154550471137
5,-170.0,-16.72317700481435,65.03154550471137
5,-170.0,-16.723304447211053,65.03162557670835
5,-170.0,-16.72334854616388,65.03168632247369
5,-170.0,-16.723418706020688,65.03179751960322
5,-170.0,-16.723398043618634,65.03196946249807
5,-170.0,-16.723374266027157,65.03214140539292
5,-170.0,-16.72334854616388,65.03216329853129
5,-170.0,-16.72317700481435,65.03223460356591
5,-170.0,-16.723149624757678,65.03231334828779
5,-170.0,-16.723017611888082,65.03248529118264
5,-170.0,-16.723005463464823,65.03250777174236
5,-170.0,-16.722833922115292,65.03260520701494
5,-170.0,-16.72270589826932,65.03265723407749
5,-170.0,-16.722662380765765,65.03267567257687
5,-170.0,-16.722490839416235,65.03268661637551
5,-170.0,-16.722319298066708,65.03272947773318
5,-170.0,-16.72214775671718,65.03277649946256
5,-170.0,-16.72197621536765,65.03282318401793
5,-170.0,-16.721804674018124,65.03282429863152
5,-170.0,-16.721780114546224,65.03282917697236
5,-170.0,-16.721633132668593,65.03286718450872
5,-170.0,-16.721461591319066,65.03289856881628
5,-170.0,-16.721290049969536,65.03291943549425
5,-170.0,-16.72111850862001,65.03293854455602
5,-170.0,-16.72094696727048,65.03294960719121
5,-170.0,-16.72077542592095,65.03297063150968
5,-170.0,-16.720620164719477,65.03300111986721
5,-170.0,-16.72060388457142,65.03300491375293
5,-170.0,-16.720432343221894,65.03306106398016
5,-170.0,-16.720260801872367,65.03311660222684
5,-170.0,-16.720089260522837,65.03311660222684
5,-170.0,-16.719932416782125,65.03317306276206
5,-170.0,-16.71991771917331,65.03318416977855
5,-170.0,-16.71974617782378,65.0333234320093
5,-170.0,-16.719716130226075,65.03334500565693
5,-170.0,-16.71974617782378,65.03340207571814
5,-170.0,-16.71982207774356,65.03351694855178
5,-170.0,-16.71991771917331,65.03360964547933
5,-170.0,-16.71998074621012,65.03368889144663
5,-170.0,-16.720089260522837,65.03373762163461
5,-170.0,-16.720260801872367,65.03383658469345
5,-170.0,-16.720432343221894,65.03383658469345
5,-170.0,-16.72046980663289,65.0338608343415
5,-170.0,-16.72060388457142,65.03395700541287
5,-170.0,-16.720722956925062,65.03403277723635
5,-170.0,-16.72077542592095,65.03406136431911
5,-170.0,-16.72094696727048,65.03415459885521
5,-170.0,-16.72104578666718,65.0342047201312
5,-170.0,-16.72111850862001,65.0342953948512
5,-170.0,-16.721175042318254,65.03437666302607
5,-170.0,-16.721263743390423,65.03454860592092
5,-170.0,-16.721290049969536,65.03456921907494
5,-170.0,-16.721461591319066,65.0346791737858
5,-170.0,-16.721633132668593,65.0346791737858
5,-170.0,-16.72171813380385,65.03472054881577
5,-170.0,-16.721804674018124,65.03474370198833
5,-170.0,-16.72197621536765,65.03484478189456
5,-170.0,-16.722118235972328,65.03489249171064
5,-170.0,-16.72214775671718,65.03489708713899
5,-170.0,-16.722319298066708,65.03493347503104
5,-170.0,-16.722490839416235,65.03500554258628
5,-170.0,-16.722662380765765,65.03500554258628
5,-170.0,-16.72274364865329,65.03506443460549
5,-170.0,-16.722833922115292,65.03517171662237
5,-170.0,-16.722880054689142,65.03523637750034
5,-170.0,-16.723005463464823,65.03536009493278
5,-170.0,-16.723057771635155,65.0354083203952
5,-170.0,-16.72317700481435,65.03545532911681
5,-170.0,-16.72334854616388,65.03554040907993
5,-170.0,-16.72341182833705,65.03558026329006
5,-170.0,-16.723520087513407,65.03565205252639
5,-170.0,-16.7236595212767,65.03575220618491
5,-170.0,-16.723691628862937,65.03577296313532
5,-170.0,-16.723863170212464,65.03577296313532
5,-170.0,-16.724034711561995,65.03584698315197
5,-170.0,-16.72420625291152,65.03588899911144
5,-170.0,-16.724318980546094,65.03592414907978
5,-170.0,-16.72437779426105,65.03597990481343
5,-170.0,-16.724447926523865,65.03609609197463
5,-170.0,-16.72454933561058,65.03620261103538
5,-170.0,-16.72461922936504,65.03626803486948
5,-170.0,-16.724720876960106,65.0363104807513
5,-170.0,-16.724892418309636,65.0363104807513
5,-170.0,-16.725063959659163,65.03636624999812
5,-170.0,-16.725235501008694,65.03641097957706
5,-170.0,-16.725347627166116,65.03643997776435
5,-170.0,-16.72540704235822,65.03645582580312
5,-170.0,-16.72557858370775,65.03649220808492
5,-170.0,-16.725750125057278,65.03652429850831
5,-170.0,-16.72592166640681,65.03652429850831
5,-170.0,-16.726093207756335,65.03655040248088
5,-170.0,-16.726264749105862,65.03657391492587
5,-170.0,-16.726434921676024,65.0366119206592
5,-170.0,-16.726436290455393,65.03661219265095
5,-170.0,-16.72660783180492,65.03666819769776
5,-170.0,-16.72677937315445,65.03666819769776
5,-170.0,-16.726950914503977,65.0367513529602
5,-170.0,-16.727020151656927,65.03678386355405
5,-170.0,-16.727122455853507,65.03682514184757
5,-170.0,-16.727293997203034,65.03695349974923
5,-170.0,-16.727319728405465,65.03695580644892
5,-170.0,-16.727465538552565,65.0369621853816
5,-170.0,-16.727553941007734,65.03695580644892
5,-170.0,-16.72763707990209,65.03694306021565
5,-170.0,-16.727808621251622,65.03694951374791
5,-170.0,-16.72798016260115,65.03692142078769
5,-170.0,-16.728151703950676,65.03690015348377
5,-170.0,-16.728323245300206,65.03690178124498
5,-170.0,-16.728494786649733,65.03692158694213
5,-170.0,-16.728666327999264,65.03692158694213
5,-170.0,-16.728819150026833,65.03695580644892
5,-170.0,-16.72883786934879,65.03695953627505
5,-170.0,-16.72900941069832,65.03698470691903
5,-170.0,-16.729180952047848,65.03699318647561
5,-170.0,-16.72935249339738,65.0370045708107
5,-170.0,-16.729524034746905,65.03702269222703
5,-170.0,-16.729695576096432,65.03703361981265
5,-170.0,-16.729867117445963,65.03708708790597
5,-170.0,-16.729961888877206,65.03712774934377
5,-170.0,-16.73003865879549,65.03720951145671
5,-170.0,-16.730164818004766,65.03729969223862
5,-170.0,-16.73021020014502,65.03735914605127
5,-170.0,-16.73034914479192,65.03729969223862
5,-170.0,-16.730381741494547,65.03729191212098
5,-170.0,-16.730553282844078,65.03729191212098
5,-170.0,-16.730724824193604,65.0372417302521
5,-170.0,-16.730896365543135,65.03722023060644
5,-170.0,-16.73106790689266,65.03724864315338
5,-170.0,-16.731165033641695,65.03729969223862
5,-170.0,-16.731239448242192,65.03739622298387
5,-170.0,-16.731310030165357,65.03747163513349
5,-170.0,-16.73141098959172,65.03761165614068
5,-170.0,-16.731582530941246,65.03762622314987
5,-170.0,-16.731754072290776,65.03760556232322
5,-170.0,-16.731925613640303,65.03760845337503
5,-170.0,-16.732097154989834,65.03757172217813
5,-170.0,-16.73226869633936,65.03752376192023
5,-170.0,-16.73244023768889,65.03752376192023
5,-170.0,-16.732611779038418,65.03750804912765
5,-170.0,-16.73278332038795,65.03750184029059
5,-170.0,-16.732954861737475,65.03752018245197
5,-170.0,-16.733126403087006,65.03752286566458
5,-170.0,-16.733297944436533,65.03752286566458
5,-170.0,-16.73346948578606,65.03754341356267
5,-170.0,-16.73364102713559,65.03753779510754
5,-170.0,-16.733812568485117,65.03752006446413
5,-170.0,-16.733984109834648,65.03752061236315
5,-170.0,-16.734155651184174,65.03750832400947
5,-170.0,-16.734327192533705,65.03750197269326
5,-170.0,-16.734498733883232,65.03750029583854
5,-170.0,-16.734670275232762,65.0375119391431
5,-170.0,-16.73484181658229,65.0375219679597
5,-170.0,-16.73501335793182,65.03754615597796
5,-170.0,-16.735184899281347,65.0375698443824
5,-170.0,-16.735356440630873,65.03762167573166
5,-170.0,-16.735400525391473,65.03764357802834
5,-170.0,-16.735527981980404,65.03773915083181
5,-170.0,-16.735638888756505,65.03781552092319
5,-170.0,-16.73569952332993,65.03793270152721
5,-170.0,-16.735735700068766,65.03798746381806
5,-170.0,-16.73572473501877,65.03815940671291
5,-170.0,-16.73569952332993,65.03818922339988
5,-170.0,-16.735573196296784,65.03833134960776
5,-170.0,-16.73553106965452,65.03850329250263
5,-170.0,-16.735544044103058,65.03867523539748
5,-170.0,-16.735570517844724,65.03884717829233
5,-170.0,-16.73569952332993,65.03900688369863
5,-170.0,-16.735710134135058,65.0390191211872
5,-170.0,-16.735833954076767,65.03919106408205
5,-170.0,-16.73587106467946,65.03920641650127
5,-170.0,-16.736042606028988,65.03926661925718
5,-170.0,-16.73621414737852,65.03929796419628
5,-170.0,-16.736385688728046,65.03931890461622
5,-170.0,-16.736557230077576,65.03931890461622
5,-170.0,-16.736728771427103,65.03932155557662
5,-170.0,-16.736900312776633,65.03931063854327
5,-170.0,-16.73707185412616,65.03928683819032
5,-170.0,-16.737243395475687,65.0392729052424
5,-170.0,-16.737387608947063,65.0393630069769
5,-170.0,-16.737414936825218,65.03937425608646
5,-170.0,-16.737586478174745,65.03937425608646
5,-170.0,-16.737758019524275,65.0393709721987
5,-170.0,-16.737929560873802,65.03936931163862
5,-170.0,-16.738101102223332,65.03936711944495
5,-170.0,-16.73815869110496,65.0393630069769
5,-170.0,-16.73827264357286,65.03934970570295
5,-170.0,-16.73844418492239,65.03934983131789
5,-170.0,-16.738615726271917,65.03934295058626
5,-170.0,-16.738787267621447,65.03935029751908
5,-170.0,-16.738958808970974,65.03936178827688
5,-170.0,-16.73896887261879,65.0393630069769
5,-170.0,-16.7391303503205,65.03937621443721
5,-170.0,-16.73930189167003,65.03937621443721
5,-170.0,-16.73947343301956,65.03939659162874
5,-170.0,-16.73964497436909,65.03941987816805
5,-170.0,-16.739816515718616,65.03944015575689
5,-170.0,-16.739988057068146,65.03945214180997
5,-170.0,-16.74015959841767,65.03945214180997
5,-170.0,-16.7403311397672,65.03945578774196
5,-170.0,-16.74050268111673,65.0394544980073
5,-170.0,-16.74067422246626,65.03945302889831
5,-170.0,-16.740845763815788,65.03945424917458
5,-170.0,-16.741017305165315,65.03945532512202
5,-170.0,-16.741188846514845,65.03945781246426
5,-170.0,-16.741360387864372,65.03945891880937
5,-170.0,-16.741531929213902,65.03946023711062
5,-170.0,-16.74170347056343,65.03946354229642
5,-170.0,-16.74187501191296,65.03946549556913
5,-170.0,-16.742046553262487,65.03946562586317
5,-170.0,-16.742218094612017,65.03947072023826
5,-170.0,-16.742389635961544,65.03947500722404
5,-170.0,-16.742561177311075,65.03948019693802
5,-170.0,-16.7427327186606,65.03948098647335
5,-170.0,-16.74283617205911,65.03953494987176
5,-170.0,-16.74290426001013,65.0395666905115
5,-170.0,-16.74307580135966,65.03955783454427
5,-170.0,-16.743247342709186,65.03955371425626
5,-170.0,-16.743418884058716,65.0395514404623
5,-170.0,-16.743590425408243,65.03956419575496
5,-170.0,-16.743761966757774,65.03956419575496
5,-170.0,-16.7439335081073,65.0395932002089
5,-170.0,-16.74410504945683,65.03961179975015
5,-170.0,-16.744276590806358,65.03963456716494
5,-170.0,-16.74444813215589,65.0396651703586
5,-170.0,-16.74458954129965,65.03970689276662
5,-170.0,-16.744619673505415,65.03971450582006
5,-170.0,-16.744791214854942,65.03971450582006
5,-170.0,-16.744962756204472,65.03976376720075
5,-170.0,-16.745134297554,65.03980510475164
5,-170.0,-16.74530583890353,65.03983911639939
5,-170.0,-16.745477380253057,65.03986572587806
5,-170.0,-16.745648921602587,65.03986572587806
5,-170.0,-16.745750679516572,65.03987883566147
5,-170.0,-16.745820462952114,65.0398849004077
5,-170.0,-16.745992004301645,65.0398964537014
5,-170.0,-16.74616354565117,65.03990790138846
5,-170.0,-16.746335087000702,65.03991824571766
5,-170.0,-16.74650662835023,65.03992301716168
5,-170.0,-16.746678169699756,65.0399313792857
5,-170.0,-16.746849711049286,65.03994553279169
5,-170.0,-16.747021252398813,65.03996208883856
5,-170.0,-16.747192793748344,65.03998449586881
5,-170.0,-16.74730990474375,65.04005077855633
5,-170.0,-16.74736433509787,65.04008334814662
5,-170.0,-16.7475358764474,65.04008334814662
5,-170.0,-16.747707417796928,65.04009145980415
5,-170.0,-16.74787895914646,65.04009366064591
5,-170.0,-16.748050500495985,65.04009227648581
5,-170.0,-16.748222041845516,65.04009839700794
5,-170.0,-16.748393583195043,65.04009839700794
5,-170.0,-16.74856512454457,65.04011130733808
5,-170.0,-16.7487366658941,65.04012770215012
5,-170.0,-16.748908207243627,65.0401412463297
5,-170.0,-16.74907974859316,65.04015113523059
5,-170.0,-16.749251289942684,65.04015449626654
5,-170.0,-16.749422831292215,65.04015490919272
5,-170.0,-16.74959437264174,65.0401525172789
5,-170.0,-16.749765913991272,65.0401501430128
5,-170.0,-16.7499374553408,65.04014810282341
5,-170.0,-16.75010899669033,65.04015170966713
5,-170.0,-16.750280538039856,65.0401509856498
5,-170.0,-16.750452079389383,65.040161262943
5,-170.0,-16.750623620738914,65.04018100447364
5,-170.0,-16.75079516208844,65.040214261893
5,-170.0,-16.750828501595535,65.04022272145119
5,-170.0,-16.75096670343797,65.04024580468392
5,-170.0,-16.751138244787498,65.04024580468392
5,-170.0,-16.75130978613703,65.04028061793704
5,-170.0,-16.751481327486555,65.04032151875627
5,-170.0,-16.751652868836086,65.04036341077139
5,-170.0,-16.75179498007183,65.04039466434604
5,-170.0,-16.751824410185613,65.04040353387921
5,-170.0,-16.751995951535143,65.04040619675995
5,-170.0,-16.75216749288467,65.04043881244857
5,-170.0,-16.752339034234197,65.04050664859258
5,-170.0,-16.752510575583727,65.04051637728506
5,-170.0,-16.752682116933254,65.0405226800863
5,-170.0,-16.752853658282785,65.04052637584303
5,-170.0,-16.75302519963231,65.04052637584303
5,-170.0,-16.753196740981842,65.04053021011696
5,-170.0,-16.75336828233137,65.04053921015372
5,-170.0,-16.7535398236809,65.0405569090216
5,-170.0,-16.753602521949308,65.0405666072409
5,-170.0,-16.753711365030426,65.04058042657508
5,-170.0,-16.753882906379957,65.04058042657508
5,-170.0,-16.754054447729484,65.04060305860229
5,-170.0,-16.75422598907901,65.04062478429819
5,-170.0,-16.75439753042854,65.0406406729362
5,-170.0,-16.754569071778068,65.04065108394032
5,-170.0,-16.7547406131276,65.0406555167587
5,-170.0,-16.754912154477125,65.04065940007737
5,-170.0,-16.755083695826656,65.04067240330853
5,-170.0,-16.755255237176183,65.04069226107092
5,-170.0,-16.755426778525713,65.04071974427204
5,-170.0,-16.755520576895307,65.04073855013576
5,-170.0,-16.75559831987524,65.04075208598499
5,-170.0,-16.75576986122477,65.04075208598499
5,-170.0,-16.755941402574297,65.04078318873235
5,-170.0,-16.756112943923824,65.0408156764563
5,-170.0,-16.756284485273355,65.04085418997306
5,-170.0,-16.75645602662288,65.04089617117451
5,-170.0,-16.756484099488336,65.04091049303061
5,-170.0,-16.756627567972412,65.04100221803927
5,-170.0,-16.75679910932194,65.04101548793444
5,-170.0,-16.75697065067147,65.04105790349004
5,-170.0,-16.75706176369209,65.04108243592547
5,-170.0,-16.757142192020996,65.0411045552323
5,-170.0,-16.757313733370527,65.04115275573797
5,-170.0,-16.757485274720054,65.0411976466402
5,-170.0,-16.757656816069584,65.0411976466402
5,-170.0,-16.75782835741911,65.0412420858565
5,-170.0,-16.757873169932637,65.04125437882033
5,-170.0,-16.757999898768638,65.0412912355012
5,-170.0,-16.75817144011817,65.04134286190964
5,-170.0,-16.758342981467695,65.04139010985821
5,-170.0,-16.758495028675043,65.04142632171518
5,-170.0,-16.758514522817226,65.04143010181485
5,-170.0,-16.758686064166753,65.04143010181485
5,-170.0,-16.758857605516283,65.04146224362292
5,-170.0,-16.75902914686581,65.04148541724325
5,-170.0,-16.75920068821534,65.0415022226168
5,-170.0,-16.759372229564867,65.04150525221672
5,-170.0,-16.759543770914398,65.04150525221672
5,-170.0,-16.759715312263925,65.04149361192664
5,-170.0,-16.75988685361345,65.0414839062304
5,-170.0,-16.760058394962982,65.04146850644706
5,-170.0,-16.76022993631251,65.04145025950089
5,-170.0,-16.76040147766204,65.04147711302372
6,-170.0,-16.734670275232762,65.0304567896803
6,-170.0,-16.734498733883232,65.03052463068906
6,-170.0,-16.734327192533705,65.03052124759837
6,-170.0,-16.734155651184174,65.03052055260564
6,-170.0,-16.73399128828405,65.03042197644436
6,-170.0,-16.733992045943086,65.0302500335495
6,-170.0,-16.734155651184174,65.03015885834454
6,-170.0,-16.734327192533705,65.03010776408816
6,-170.0,-16.734498733883232,65.03010599014605
6,-170.0,-16.734670275232762,65.03021815730823
6,-170.0,-16.734690707660203,65.0302500335495
6,-170.0,-16.73470736927703,65.03042197644436
6,-170.0,-16.734670275232762,65.0304567896803
7,-170.0,-16.73449873388323,65.02996069640935
7,-170.0,-16.734327192533705,65.0299990370444
7,-170.0,-16.734246846533246,65.02990614775979
7,-170.0,-16.734155651184174,65.02986861634844
7,-170.0,-16.733984109834648,65.02986861634844
7,-170.0,-16.733812568485117,65.02976695032798
7,-170.0,-16.733745468479924,65.02973420486495
7,-170.0,-16.73364102713559,65.02972011505383
7,-170.0,-16.73346948578606,65.0296897261095
7,-170.0,-16.733297944436533,65.02966973137067
7,-170.0,-16.733126403087006,65.02965605341035
7,-170.0,-16.732954861737475,65.02964694993494
7,-170.0,-16.732783320387945,65.02961887446189
7,-170.0,-16.732611779038418,65.02956265389909
7,-170.0,-16.732611219823696,65.02956226197007
7,-170.0,-16.732450710877064,65.02939031907522
7,-170.0,-16.732494538336,65.02921837618037
7,-170.0,-16.732611779038418,65.02910307308122
7,-170.0,-16.732683131674193,65.0290464332855
7,-170.0,-16.73278332038795,65.02899656808064
7,-170.0,-16.732954861737475,65.02899656808064
7,-170.0,-16.733126403087006,65.02893688442344
7,-170.0,-16.733297944436533,65.02890097430065
7,-170.0,-16.73346948578606,65.02888529829994
7,-170.0,-16.73364102713559,65.02888698274252
7,-170.0,-16.733812568485117,65.02888698274252
7,-170.0,-16.733984109834648,65.02890758826823
7,-170.0,-16.734155651184174,65.02895646652907
7,-170.0,-16.73425275384752,65.0290464332855
7,-170.0,-16.734327192533705,65.02913621449095
7,-170.0,-16.734425971175252,65.02921837618037
7,-170.0,-16.734484224813556,65.02939031907522
7,-170.0,-16.734453438574782,65.02956226197007
7,-170.0,-16.734498733883232,65.02971021564835
7,-170.0,-16.734528510903708,65.02973420486494
7,-170.0,-16.734521978038217,65.02990614775979
7,-170.0,-16.73449873388323,65.02996069640935
8,-150.0,-16.76040147766204,65.04229669101612
8,-150.0,-16.76046685986926,65.04228603618947
8,-150.0,-16.760573019011566,65.04226748058126
8,-150.0,-16.760744560361097,65.04226524136129
8,-150.0,-16.760916101710624,65.0422328648196
8,-150.0,-16.761087643060154,65.04220044436968
8,-150.0,-16.76125918440968,65.04216694456214
8,-150.0,-16.76143072575921,65.04213583337024
8,-150.0,-16.76160226710874,65.04213583337024
8,-150.0,-16.761725595632946,65.0421140932946
8,-150.0,-16.761773808458265,65.0421035039729
8,-150.0,-16.761945349807796,65.04206866283107
8,-150.0,-16.762116891157323,65.0420379830075
8,-150.0,-16.762288432506853,65.04202447510266
8,-150.0,-16.76245997385638,65.0420141836833
8,-150.0,-16.76263151520591,65.04198971765098
8,-150.0,-16.762803056555438,65.04195730348847
8,-150.0,-16.76287893636716,65.04194215039975
8,-150.0,-16.762974597904968,65.04191390759333
8,-150.0,-16.763146139254495,65.04187779217438
8,-150.0,-16.763317680604025,65.04185129017444
8,-150.0,-16.763489221953552,65.04177884540647
8,-150.0,-16.763510370716187,65.0417702075049
8,-150.0,-16.76366076330308,65.0417017302226
8,-150.0,-16.76383230465261,65.04165285727242
8,-150.0,-16.764003846002137,65.04165285727242
8,-150.0,-16.764175387351667,65.04162466135844
8,-150.0,-16.764346928701194,65.04161461477565
8,-150.0,-16.764518470050724,65.0416100308777
8,-150.0,-16.76469001140025,65.04160207555175
8,-150.0,-16.76486155274978,65.04160207555175
8,-150.0,-16.7649488459809,65.04159826461004
8,-150.0,-16.76503309409931,65.04159457596099
8,-150.0,-16.76520463544884,65.04158558331872
8,-150.0,-16.765376176798366,65.04158374331291
8,-150.0,-16.765547718147893,65.0415890503898
8,-150.0,-16.765719259497423,65.0415890503898
8,-150.0,-16.765842913950852,65.04159826461004
8,-150.0,-16.76589080084695,65.04160508709502
8,-150.0,-16.76606234219648,65.04162623558376
8,-150.0,-16.766233883546008,65.04163723898768
8,-150.0,-16.766405424895538,65.04170323003214
8,-150.0,-16.766576966245065,65.0416931082428
8,-150.0,-16.766748507594595,65.04167927844925
8,-150.0,-16.766920048944122,65.04164410585447
8,-150.0,-16.767091590293653,65.04160676630516
8,-150.0,-16.767124421548854,65.04159826461004
8,-150.0,-16.76726313164318,65.04155969293949
8,-150.0,-16.767434672992707,65.04154104037536
8,-150.0,-16.767606214342237,65.04153450987732
8,-150.0,-16.767777755691768,65.04151774493603
8,-150.0,-16.767949297041294,65.04150177717105
8,-150.0,-16.76812083839082,65.04148806828502
8,-150.0,-16.768292379740352,65.04148252418003
8,-150.0,-16.76846392108988,65.04146869847003
8,-150.0,-16.76863546243941,65.04144412088328
8,-150.0,-16.768732997124125,65.04142632171519
8,-150.0,-16.768807003788936,65.0414009976042
8,-150.0,-16.768978545138467,65.04131808861112
8,-150.0,-16.769150086487993,65.04129313513158
8,-150.0,-16.769281919312228,65.04125437882033
8,-150.0,-16.76932162783752,65.04123393318613
8,-150.0,-16.76949316918705,65.0411533949443
8,-150.0,-16.769664710536578,65.04108689737859
8,-150.0,-16.769680034379036,65.04108243592547
8,-150.0,-16.769836251886108,65.04104135190029
8,-150.0,-16.770007793235635,65.04104135190029
8,-150.0,-16.770179334585166,65.0409942527059
8,-150.0,-16.770350875934692,65.04095391541412
8,-150.0,-16.770522417284223,65.04091701850331
8,-150.0,-16.770550001979117,65.04091049303061
8,-150.0,-16.77069395863375,65.04086779860788
8,-150.0,-16.77086549998328,65.04086779860788
8,-150.0,-16.771037041332807,65.04081216888727
8,-150.0,-16.771208582682334,65.04075032407954
8,-150.0,-16.771239140241768,65.04073855013576
8,-150.0,-16.771380124031865,65.04066971642723
8,-150.0,-16.77155166538139,65.04063580914902
8,-150.0,-16.771723206730922,65.04057905814366
8,-150.0,-16.771743772801276,65.0405666072409
8,-150.0,-16.77189474808045,65.04044821131414
8,-150.0,-16.771956728752084,65.04039466434604
8,-150.0,-16.77206628942998,65.04028247243859
8,-150.0,-16.772121951759946,65.04022272145119
8,-150.0,-16.772237830779506,65.04005943158339
8,-150.0,-16.772409372129037,65.04005943158339
8,-150.0,-16.77241592208193,65.04005077855633
8,-150.0,-16.77249320672209,65.03987883566147
8,-150.0,-16.772542164133647,65.03970689276662
8,-150.0,-16.772580913478564,65.03959122670287
8,-150.0,-16.772597290045272,65.03953494987176
8,-150.0,-16.77272129702753,65.0393630069769
8,-150.0,-16.772752454828094,65.03930332530945
8,-150.0,-16.77292399617762,65.03930332530945
8,-150.0,-16.77298294993073,65.03919106408205
8,-150.0,-16.773095537527148,65.03903316094392
8,-150.0,-16.77310563158773,65.0390191211872
8,-150.0,-16.77326707887668,65.03888610804178
8,-150.0,-16.77331275038811,65.03884717829233
8,-150.0,-16.773438620226205,65.03877150223452
8,-150.0,-16.773610161575736,65.03877150223452
8,-150.0,-16.773781702925262,65.0386792569239
8,-150.0,-16.77378986637349,65.03867523539748
8,-150.0,-16.773953244274793,65.03859443913959
8,-150.0,-16.77412478562432,65.03850641599325
8,-150.0,-16.774131985086786,65.03850329250263
8,-150.0,-16.77429632697385,65.03843954579924
8,-150.0,-16.774467868323377,65.03843954579924
8,-150.0,-16.774639409672908,65.0383746053961
8,-150.0,-16.774792834648885,65.03833134960776
8,-150.0,-16.774810951022435,65.03832646598698
8,-150.0,-16.77498249237196,65.03827059679328
8,-150.0,-16.775154033721492,65.03824060229373
8,-150.0,-16.77532557507102,65.03820818535702
8,-150.0,-16.77549711642055,65.03816242001031
8,-150.0,-16.775505574449106,65.03815940671291
8,-150.0,-16.775668657770076,65.03809957036219
8,-150.0,-16.775840199119607,65.038009330483
8,-150.0,-16.776011740469134,65.03800041808854
8,-150.0,-16.7760458430442,65.03798746381806
8,-150.0,-16.776177993615093,65.03781552092319
8,-150.0,-16.776183281818664,65.03780683676456
8,-150.0,-16.776307796645092,65.03764357802834
8,-150.0,-16.77635482316819,65.03761978737569
8,-150.0,-16.77652636451772,65.0375466449913
8,-150.0,-16.77669790586725,65.03752381959222
8,-150.0,-16.776869447216775,65.03747373363854
8,-150.0,-16.776874666731214,65.03747163513349
8,-150.0,-16.777040988566306,65.0374131551971
8,-150.0,-16.777212529915833,65.03735231300764
8,-150.0,-16.77737103690346,65.03729969223862
8,-150.0,-16.777384071265363,65.03729341839663
8,-150.0,-16.77755561261489,65.03729341839663
8,-150.0,-16.77772715396442,65.03722019581434
8,-150.0,-16.777898695313947,65.0371556281922
8,-150.0,-16.777986680969295,65.03712774934377
8,-150.0,-16.778070236663478,65.03709355361485
8,-150.0,-16.778241778013005,65.03701857707205
8,-150.0,-16.778413319362535,65.03701857707205
8,-150.0,-16.778580960933663,65.03695580644892
8,-150.0,-16.778584860712062,65.03695438547007
8,-150.0,-16.77875640206159,65.03688705682457
8,-150.0,-16.77887678459176,65.03678386355405
8,-150.0,-16.77892794341112,65.03673919395612
8,-150.0,-16.779099484760646,65.03673919395612
8,-150.0,-16.779203701538382,65.0366119206592
8,-150.0,-16.779271026110177,65.03649055234631
8,-150.0,-16.779300196612677,65.03643997776435
8,-150.0,-16.77938159868539,65.03626803486947
8,-150.0,-16.779442567459704,65.03611473496443
8,-150.0,-16.77945093742835,65.03609609197463
8,-150.0,-16.77954010549824,65.03592414907978
8,-150.0,-16.779495758481932,65.03575220618491
8,-150.0,-16.779442567459704,65.03567204892285
8,-150.0,-16.779378459394785,65.03558026329006
8,-150.0,-16.779271026110177,65.03548458300793
8,-150.0,-16.779202864253385,65.0354083203952
8,-150.0,-16.779184892717588,65.03523637750034
8,-150.0,-16.779200559830524,65.03506443460549
8,-150.0,-16.7791559354852,65.03489249171064
8,-150.0,-16.779099484760646,65.03475106729744
8,-150.0,-16.77908702084961,65.03472054881577
8,-150.0,-16.77906434968482,65.03454860592092
8,-150.0,-16.7789940616485,65.03437666302607
8,-150.0,-16.77892794341112,65.03426599317245
8,-150.0,-16.778895993810902,65.0342047201312
8,-150.0,-16.77879509069615,65.03403277723635
8,-150.0,-16.77875640206159,65.03391512252246
8,-150.0,-16.778738919244997,65.0338608343415
8,-150.0,-16.778639224994137,65.03368889144663
8,-150.0,-16.778589649909616,65.03351694855178
8,-150.0,-16.778584860712062,65.03349171401761
8,-150.0,-16.778559446806614,65.03334500565693
8,-150.0,-16.778483605355376,65.03317306276206
8,-150.0,-16.778413319362535,65.0330553743277
8,-150.0,-16.778381149091377,65.03300111986721
8,-150.0,-16.778263188619785,65.03282917697236
8,-150.0,-16.778241778013005,65.03280521234954
8,-150.0,-16.77811887797279,65.03265723407749
8,-150.0,-16.778070236663478,65.03258898982104
8,-150.0,-16.777995543740907,65.03248529118264
8,-150.0,-16.777938205183204,65.03231334828779
8,-150.0,-16.777898695313947,65.03216612641711
8,-150.0,-16.777889603839014,65.03214140539292
8,-150.0,-16.77785027052279,65.03196946249807
8,-150.0,-16.777798675019632,65.03179751960322
8,-150.0,-16.7777837911184,65.03162557670835
8,-150.0,-16.777821614826387,65.0314536338135
8,-150.0,-16.777823691165462,65.03128169091866
8,-150.0,-16.77772715396442,65.03119311889961
8,-150.0,-16.777622215048996,65.03110974802378
8,-150.0,-16.77755561261489,65.03108283850864
8,-150.0,-16.777384071265363,65.03100372561136
8,-150.0,-16.777275248066857,65.03093780512893
8,-150.0,-16.777212529915833,65.03089011033293
8,-150.0,-16.77709435584541,65.03076586223408
8,-150.0,-16.777040988566306,65.03062799985723
8,-150.0,-16.776869447216775,65.03062799985723
8,-150.0,-16.776854855108397,65.03059391933921
8,-150.0,-16.77669790586725,65.03048727669909
8,-150.0,-16.776551643385943,65.03042197644436
8,-150.0,-16.77652636451772,65.03041316521667
8,-150.0,-16.77635482316819,65.03036918538758
8,-150.0,-16.776183281818664,65.03032980650116
8,-150.0,-16.776011740469134,65.03026706575093
8,-150.0,-16.775840199119607,65.03026706575093
8,-150.0,-16.775809391353484,65.0302500335495
8,-150.0,-16.775668657770076,65.03016428579187
8,-150.0,-16.77552380394827,65.03007809065464
8,-150.0,-16.77549711642055,65.03006484045157
8,-150.0,-16.77532557507102,65.0299710944731
8,-150.0,-16.775229413915586,65.02990614775979
8,-150.0,-16.775154033721492,65.0298346478946
8,-150.0,-16.77506383047676,65.02973420486494
8,-150.0,-16.77498249237196,65.0296450382816
8,-150.0,-16.77490861213584,65.02956226197007
8,-150.0,-16.774816223816543,65.02939031907522
8,-150.0,-16.774810951022435,65.02938587074898
8,-150.0,-16.774639409672908,65.02938587074898
8,-150.0,-16.774467868323377,65.02922209126997
8,-150.0,-16.774464273735887,65.02921837618037
8,-150.0,-16.77429632697385,65.02908493656436
8,-150.0,-16.774251022356832,65.0290464332855
8,-150.0,-16.77412478562432,65.02895531428425
8,-150.0,-16.774008348659194,65.02887449039065
8,-150.0,-16.773953244274793,65.0288396505498
8,-150.0,-16.773781702925262,65.02875425376041
8,-150.0,-16.773610161575736,65.02875425376041
8,-150.0,-16.773483379844723,65.0287025474958
8,-150.0,-16.773438620226205,65.02868631608652
8,-150.0,-16.77326707887668,65.02862840476021
8,-150.0,-16.773095537527148,65.02855329739094
8,-150.0,-16.77305322644103,65.02853060460093
8,-150.0,-16.77292399617762,65.02841637406564
8,-150.0,-16.77286155699025,65.02835866170608
8,-150.0,-16.772814377832443,65.02818671881123
8,-150.0,-16.77275776288462,65.02801477591636
8,-150.0,-16.772752454828094,65.02799612579776
8,-150.0,-16.772714230706946,65.02784283302151
8,-150.0,-16.772693371565804,65.02767089012667
8,-150.0,-16.772689422202937,65.02749894723179
8,-150.0,-16.772702327052635,65.02732700433694
8,-150.0,-16.7727111233781,65.02715506144209
8,-150.0,-16.7727048705477,65.02698311854722
8,-150.0,-16.772746172623087,65.02681117565237
8,-150.0,-16.772752454828094,65.02680313588806
8,-150.0,-16.77292399617762,65.02670873686844
8,-150.0,-16.77303651631173,65.02663923275752
8,-150.0,-16.773095537527148,65.02660401698864
8,-150.0,-16.77326707887668,65.0265157127814
8,-150.0,-16.77340077374171,65.02646728986265
8,-150.0,-16.773438620226205,65.02645648783968
8,-150.0,-16.773610161575736,65.0264119704208
8,-150.0,-16.773781702925262,65.0264119704208
8,-150.0,-16.773953244274793,65.02636514520627
8,-150.0,-16.77412478562432,65.02630305801509
8,-150.0,-16.774140406157244,65.0262953469678
8,-150.0,-16.77429632697385,65.02617260127379
8,-150.0,-16.774340002840272,65.02612340407295
8,-150.0,-16.774467868323377,65.0260523222044
8,-150.0,-16.774619901348323,65.02595146117808
8,-150.0,-16.774639409672908,65.02581176586162
8,-150.0,-16.77464320074959,65.02577951828323
8,-150.0,-16.774639409672908,65.0257653534846
8,-150.0,-16.77459508209411,65.02560757538838
8,-150.0,-16.774467868323377,65.0254600599189
8,-150.0,-16.774446485851918,65.02543563249351
8,-150.0,-16.77429632697385,65.02532135722734
8,-150.0,-16.77412478562432,65.02532135722734
8,-150.0,-16.774050069390793,65.02526368959866
8,-150.0,-16.773953244274793,65.02520663180135
8,-150.0,-16.773781702925262,65.02511427766028
8,-150.0,-16.77374051780978,65.02509174670381
8,-150.0,-16.773610161575736,65.02503721901112
8,-150.0,-16.7734386202262,65.0249427896537
8,-150.0,-16.773407191347058,65.02491980380894
8,-150.0,-16.77326707887668,65.0248153733663
8,-150.0,-16.773095537527148,65.0248153733663
8,-150.0,-16.773008502256644,65.02474786091409
8,-150.0,-16.77292399617762,65.02467752234767
8,-150.0,-16.772783086992884,65.02457591801924
8,-150.0,-16.772752454828094,65.02453059729235
8,-150.0,-16.7726648541027,65.02440397512437
8,-150.0,-16.772580913478564,65.02433740654659
8,-150.0,-16.772442070881645,65.02423203222952
8,-150.0,-16.772409372129037,65.024195855308
8,-150.0,-16.772290633485053,65.02406008933467
8,-150.0,-16.772237830779506,65.02397262349737
8,-150.0,-16.772181340556738,65.0238881464398
8,-150.0,-16.77206628942998,65.0237311911756
8,-150.0,-16.7720538748744,65.02371620354495
8,-150.0,-16.77189474808045,65.02357812560462
8,-150.0,-16.771723206730922,65.02357812560462
8,-150.0,-16.771673296403133,65.0235442606501
8,-150.0,-16.77155166538139,65.02348888801373
8,-150.0,-16.771380124031865,65.02342373161798
8,-150.0,-16.771208582682334,65.0233725304986
8,-150.0,-16.77120773902884,65.02337231775523
8,-150.0,-16.771037041332807,65.02333437108331
8,-150.0,-16.77086549998328,65.02324343674468
8,-150.0,-16.77069395863375,65.02322715435216
8,-150.0,-16.770618665661033,65.02320037486038
8,-150.0,-16.770522417284223,65.0231821897143
8,-150.0,-16.770350875934692,65.02314835361196
8,-150.0,-16.770179334585166,65.02311291033111
8,-150.0,-16.770007793235635,65.02307522436368
8,-150.0,-16.769836251886108,65.02307522436368
8,-150.0,-16.769664710536578,65.02303528264598
8,-150.0,-16.76963139074986,65.02302843196553
8,-150.0,-16.76949316918705,65.0230030233191
8,-150.0,-16.76932162783752,65.02297027454598
8,-150.0,-16.769150086487993,65.02294261008652
8,-150.0,-16.768978545138467,65.02292856599267
8,-150.0,-16.768807003788936,65.02292603020082
8,-150.0,-16.76863546243941,65.02291768977672
8,-150.0,-16.76846392108988,65.02291447787253
8,-150.0,-16.768292379740352,65.02292336519618
8,-150.0,-16.76812083839082,65.02294471272742
8,-150.0,-16.767949297041294,65.02294471272742
8,-150.0,-16.767777755691764,65.02297743532961
8,-150.0,-16.767606214342237,65.02300773327788
8,-150.0,-16.767434672992707,65.02301431894938
8,-150.0,-16.76726313164318,65.02300256622755
8,-150.0,-16.767091590293653,65.02300256622755
8,-150.0,-16.766920048944122,65.02297912027478
8,-150.0,-16.766748507594595,65.02294580617249
8,-150.0,-16.766576966245065,65.02291988768673
8,-150.0,-16.766405424895538,65.02289701360212
8,-150.0,-16.766233883546008,65.02289701360212
8,-150.0,-16.76606234219648,65.02287950154935
8,-150.0,-16.76602016685071,65.02285648907066
8,-150.0,-16.76589080084695,65.02278543354402
8,-150.0,-16.765719259497423,65.02278324478735
8,-150.0,-16.765547718147893,65.02278579722868
8,-150.0,-16.765376176798366,65.0227781995209
8,-150.0,-16.76520463544884,65.0227781995209
8,-150.0,-16.76503309409931,65.0227169535984
8,-150.0,-16.764995365521813,65.02268454617581
8,-150.0,-16.76486155274978,65.02258615987151
8,-150.0,-16.76478758806986,65.02251260328096
8,-150.0,-16.76469001140025,65.0224175106311
8,-150.0,-16.764610528701084,65.02234066038609
8,-150.0,-16.764518470050724,65.02221795662014
8,-150.0,-16.76447569881147,65.02216871749124
8,-150.0,-16.764346928701194,65.02209477198016
8,-150.0,-16.764175387351667,65.02209477198016
8,-150.0,-16.764003846002137,65.02203202264661
8,-150.0,-16.763833412608932,65.02199677459639
8,-150.0,-16.76383230465261,65.02199659791061
8,-150.0,-16.76366076330308,65.02196671713455
8,-150.0,-16.763489221953552,65.0219392098336
8,-150.0,-16.763317680604025,65.02190795140824
8,-150.0,-16.763146193635613,65.02182483170152
8,-150.0,-16.763146139254495,65.02182480511125
8,-150.0,-16.762974597904968,65.02179182180839
8,-150.0,-16.762803056555438,65.02176643129107
8,-150.0,-16.76263151520591,65.02175102119251
8,-150.0,-16.76245997385638,65.02174248996707
8,-150.0,-16.762288432506853,65.02174304318156
8,-150.0,-16.762116891157323,65.02174307328056
8,-150.0,-16.761945349807796,65.02174648981982
8,-150.0,-16.761773808458265,65.0217520488114
8,-150.0,-16.76160226710874,65.02175073135834
8,-150.0,-16.76143072575921,65.02175406112056
8,-150.0,-16.76125918440968,65.02174673938157
8,-150.0,-16.761087643060154,65.02174739489405
8,-150.0,-16.760916101710624,65.02176279132495
8,-150.0,-16.760744560361097,65.02179729040745
8,-150.0,-16.76064996066993,65.02182483170152
8,-150.0,-16.760573019011566,65.02184131975694
8,-150.0,-16.76040147766204,65.02184282499681
8,-150.0,-16.76022993631251,65.02188325596607
8,-150.0,-16.760058394962982,65.0219102110493
8,-150.0,-16.75988685361345,65.02192903363209
8,-150.0,-16.759715312263925,65.0219331836424
8,-150.0,-16.759543770914398,65.02194201620551
8,-150.0,-16.759372229564867,65.0219510145175
8,-150.0,-16.75920068821534,65.02196416824208
8,-150.0,-16.75902914686581,65.02198154464375
8,-150.0,-16.75891560889027,65.02199677459637
8,-150.0,-16.758857605516283,65.0220048649196
8,-150.0,-16.758686064166753,65.02200600999087
8,-150.0,-16.758514522817226,65.0220470251128
8,-150.0,-16.758342981467695,65.02208346997128
8,-150.0,-16.75817144011817,65.02212148905343
8,-150.0,-16.757999898768638,65.02212795269193
8,-150.0,-16.75782835741911,65.02215690349959
8,-150.0,-16.757718191760233,65.02216871749124
8,-150.0,-16.757656816069584,65.02217640377391
8,-150.0,-16.757485274720054,65.02217509770117
8,-150.0,-16.757446548452798,65.02216871749124
8,-150.0,-16.757313733370527,65.02214011623941
8,-150.0,-16.757142192020996,65.02207539283981
8,-150.0,-16.75697065067147,65.02207539283981
8,-150.0,-16.75679910932194,65.02201454093394
8,-150.0,-16.756776058628997,65.02199677459639
8,-150.0,-16.756627567972412,65.02189122983866
8,-150.0,-16.75645602662288,65.02187138520848
8,-150.0,-16.756284485273355,65.021858358728
8,-150.0,-16.756112943923824,65.021858358728
8,-150.0,-16.755941402574297,65.02184970619828
8,-150.0,-16.75576986122477,65.02183624969527
8,-150.0,-16.75569573921932,65.02182483170154
8,-150.0,-16.75559831987524,65.02180633613233
8,-150.0,-16.755426778525713,65.02176369071717
8,-150.0,-16.755255237176183,65.02171882218592
8,-150.0,-16.755083695826656,65.02171882218592
8,-150.0,-16.754912154477125,65.02167961846949
8,-150.0,-16.754750252860916,65.02165288880667
8,-150.0,-16.7547406131276,65.02165095336906
8,-150.0,-16.754569071778068,65.02162626190717
8,-150.0,-16.75439753042854,65.02157845058785
8,-150.0,-16.75422598907901,65.0215395764074
8,-150.0,-16.754054447729484,65.02151866669533
8,-150.0,-16.753959692863077,65.02148094591182
8,-150.0,-16.753882906379957,65.02144783512156
8,-150.0,-16.753711365030426,65.02137257662343
8,-150.0,-16.753553383966313,65.02130900301695
8,-150.0,-16.7535398236809,65.0213037599887
8,-150.0,-16.75336828233137,65.02116926203718
8,-150.0,-16.753196740981842,65.02116926203718
8,-150.0,-16.753138310973604,65.0211370601221
8,-150.0,-16.75302519963231,65.02110840547205
8,-150.0,-16.752853658282785,65.02108617058883
8,-150.0,-16.752682116933254,65.02108635610035
8,-150.0,-16.752510575583727,65.021110936558
8,-150.0,-16.752413325086337,65.0211370601221
8,-150.0,-16.752339034234197,65.02115718788554
8,-150.0,-16.75216749288467,65.0211667398216
8,-150.0,-16.751995951535143,65.02126375226813
8,-150.0,-16.751938452877592,65.02130900301695
8,-150.0,-16.751824410185613,65.02139334045286
8,-150.0,-16.751742103018238,65.02148094591182
8,-150.0,-16.751652868836086,65.0215890688583
8,-150.0,-16.751481327486555,65.0215890688583
8,-150.0,-16.751438895976307,65.02165288880667
8,-150.0,-16.75138912622314,65.02182483170152
8,-150.0,-16.75130978613703,65.02197620681216
8,-150.0,-16.751297865281245,65.02199677459639
8,-150.0,-16.751155351390636,65.02216871749124
8,-150.0,-16.751138244787498,65.02218217336092
8,-150.0,-16.75096670343797,65.02224721281831
8,-150.0,-16.75079516208844,65.0222967081759
8,-150.0,-16.750723039005344,65.02234066038609
8,-150.0,-16.750623620738914,65.02239725178899
8,-150.0,-16.750454856291103,65.02251260328096
8,-150.0,-16.750452079389383,65.02251430107377
8,-150.0,-16.750280538039856,65.02262759304581
8,-150.0,-16.75010899669033,65.02262759304581
8,-150.0,-16.750028467632568,65.02268454617581
8,-150.0,-16.7499374553408,65.02273657448141
8,-150.0,-16.749765913991272,65.02284791618092
8,-150.0,-16.749753702169308,65.02285648907066
8,-150.0,-16.74959437264174,65.02295870500448
8,-150.0,-16.749422831292215,65.02298657867252
8,-150.0,-16.749320995244105,65.02302843196553
8,-150.0,-16.749251289942684,65.02307204748685
8,-150.0,-16.749079748593157,65.0231826629396
8,-150.0,-16.749053152677586,65.02320037486038
8,-150.0,-16.748908207243627,65.02329854762166
8,-150.0,-16.748796757639067,65.02337231775523
8,-150.0,-16.7487366658941,65.02341265307743
8,-150.0,-16.74856512454457,65.02341265307743
8,-150.0,-16.748393583195043,65.02352537740012
8,-150.0,-16.748363682363212,65.0235442606501
8,-150.0,-16.748222041845516,65.02363403017799
8,-150.0,-16.748090782176888,65.02371620354495
8,-150.0,-16.748050500495985,65.02374036348003
8,-150.0,-16.74787895914646,65.02374036348003
8,-150.0,-16.747707417796928,65.02384053553568
8,-150.0,-16.747619788480286,65.0238881464398
8,-150.0,-16.7475358764474,65.02393489537374
8,-150.0,-16.74736433509787,65.02402327256955
8,-150.0,-16.747285347469816,65.02406008933467
8,-150.0,-16.747192793748347,65.02410416808159
8,-150.0,-16.747021252398813,65.02410416808159
8,-150.0,-16.746849711049286,65.02418257617066
8,-150.0,-16.74673931716808,65.02423203222952
8,-150.0,-16.746678169699756,65.02426135765555
8,-150.0,-16.74650662835023,65.02434193929412
8,-150.0,-16.746335087000702,65.02436180846851
8,-150.0,-16.74619759485108,65.02440397512437
8,-150.0,-16.74616354565117,65.02442187757025
8,-150.0,-16.745992004301645,65.0245069757758
8,-150.0,-16.745844146367087,65.02457591801924
8,-150.0,-16.745820462952114,65.02458920976811
8,-150.0,-16.745648921602587,65.02467231509235
8,-150.0,-16.745477380253057,65.02467231509235
8,-150.0,-16.74530583890353,65.0247441892701
8,-150.0,-16.74529647941369,65.02474786091409
8,-150.0,-16.745134297553996,65.0248136318417
8,-150.0,-16.744962756204472,65.02486944059855
8,-150.0,-16.744791214854942,65.02491279812331
8,-150.0,-16.744619673505415,65.02491279812331
8,-150.0,-16.744588974043356,65.02491980380894
8,-150.0,-16.74444813215589,65.02495002587816
8,-150.0,-16.744276590806358,65.02498206614398
8,-150.0,-16.74410504945683,65.02501253656507
8,-150.0,-16.7439335081073,65.02502490996724
8,-150.0,-16.743761966757774,65.02504177002763
8,-150.0,-16.743590425408243,65.02507003529293
8,-150.0,-16.743451705693342,65.02509174670381
8,-150.0,-16.743418884058716,65.02509653375265
8,-150.0,-16.743247342709186,65.0251212656263
8,-150.0,-16.74307580135966,65.02513790069445
8,-150.0,-16.74290426001013,65.02514335281826
8,-150.0,-16.7427327186606,65.02516759739773
8,-150.0,-16.742561177311075,65.02519195053418
8,-150.0,-16.742389635961544,65.02521947335588
8,-150.0,-16.742218094612017,65.02522779203163
8,-150.0,-16.742046553262487,65.02525045989934
8,-150.0,-16.741980915678216,65.02526368959866
8,-150.0,-16.74187501191296,65.02528629232141
8,-150.0,-16.74170347056343,65.02533283770241
8,-150.0,-16.741531929213902,65.02539843790615
8,-150.0,-16.741360387864372,65.02540934934532
8,-150.0,-16.74129232523408,65.02543563249351
8,-150.0,-16.741188846514845,65.02551963701866
8,-150.0,-16.74111641918548,65.02560757538838
8,-150.0,-16.741017305165315,65.025719749319
8,-150.0,-16.74096978642299,65.02577951828323
8,-150.0,-16.740845763815788,65.02589233327447
8,-150.0,-16.74067422246626,65.02592106208441
8,-150.0,-16.74060927423799,65.02595146117808
8,-150.0,-16.74050268111673,65.02602677098209
8,-150.0,-16.740347882977353,65.02612340407295
8,-150.0,-16.740331139767203,65.02613117392343
8,-150.0,-16.740159598417673,65.0261941345461
8,-150.0,-16.739988057068146,65.02623121466868
8,-150.0,-16.739816515718616,65.02623121466868
8,-150.0,-16.73964497436909,65.02625052144775
8,-150.0,-16.73947343301956,65.02625556544827
8,-150.0,-16.73930189167003,65.02625063317358
8,-150.0,-16.7391303503205,65.02623986942555
8,-150.0,-16.738958808970974,65.02623986942555
8,-150.0,-16.738787267621447,65.02622452484397
8,-150.0,-16.738615726271917,65.02620545646283
8,-150.0,-16.73844418492239,65.02618214297226
8,-150.0,-16.73827264357286,65.0261558886809
8,-150.0,-16.738101102223332,65.02613064267092
8,-150.0,-16.737929560873802,65.02612954683113
8,-150.0,-16.737891181336114,65.02612340407295
8,-150.0,-16.737758019524275,65.0260815503438
8,-150.0,-16.737586478174745,65.02602317560124
8,-150.0,-16.737414936825218,65.02595630909533
8,-150.0,-16.737389906131806,65.02595146117808
8,-150.0,-16.737243395475687,65.02592358767116
8,-150.0,-16.73707185412616,65.02591631916874
8,-150.0,-16.736900312776633,65.02589100608276
8,-150.0,-16.736728771427103,65.02585771638527
8,-150.0,-16.736557230077576,65.02581962716556
8,-150.0,-16.73640953970881,65.02577951828323
8,-150.0,-16.736385688728046,65.02577322173948
8,-150.0,-16.73621414737852,65.02571929997751
8,-150.0,-16.736042606028988,65.02571929997751
8,-150.0,-16.73587106467946,65.02565389811073
8,-150.0,-16.735767972854447,65.02560757538838
8,-150.0,-16.73569952332993,65.02557548898417
8,-150.0,-16.735527981980404,65.0254878686905
8,-150.0,-16.73542386196745,65.02543563249351
8,-150.0,-16.735356440630873,65.02539693398303
8,-150.0,-16.735184899281347,65.0253121772848
8,-150.0,-16.73501335793182,65.0253121772848
8,-150.0,-16.734889170357377,65.02526368959866
8,-150.0,-16.73484181658229,65.02524590821174
8,-150.0,-16.734670275232762,65.02513967064718
8,-150.0,-16.734505668054886,65.02509174670381
8,-150.0,-16.734498733883232,65.02509085632741
8,-150.0,-16.734327192533705,65.02507624343009
8,-150.0,-16.734155651184174,65.0250742297166
8,-150.0,-16.733984109834648,65.02506734204654
8,-150.0,-16.733812568485117,65.02505937112097
8,-150.0,-16.73364102713559,65.02505739922327
8,-150.0,-16.73346948578606,65.02505728675808
8,-150.0,-16.733297944436533,65.0250554864076
8,-150.0,-16.733126403087006,65.0250554864076
8,-150.0,-16.732954861737475,65.02505468358252
8,-150.0,-16.73278332038795,65.02505229234397
8,-150.0,-16.732611779038418,65.02505150803582
8,-150.0,-16.73244023768889,65.02505009099026
8,-150.0,-16.73226869633936,65.02505009099026
8,-150.0,-16.732097154989834,65.02504502686412
8,-150.0,-16.731925613640303,65.0250343999214
8,-150.0,-16.731754072290776,65.02502180281863
8,-150.0,-16.731582530941246,65.02501167320779
8,-150.0,-16.73141098959172,65.02501167320779
8,-150.0,-16.731239448242192,65.0250047954622
8,-150.0,-16.73106790689266,65.02500290236671
8,-150.0,-16.730896365543135,65.02500053842472
8,-150.0,-16.730724824193604,65.02499370461516
8,-150.0,-16.730553282844078,65.02498557124225
8,-150.0,-16.730381741494547,65.02498168018724
8,-150.0,-16.73021020014502,65.0249688832335
8,-150.0,-16.73003865879549,65.02495142311915
8,-150.0,-16.729867117445963,65.02492365495114
8,-150.0,-16.729846767009402,65.02491980380894
8,-150.0,-16.729695576096432,65.0248670269556
8,-150.0,-16.729524034746905,65.0248670269556
8,-150.0,-16.72935249339738,65.0247740413594
8,-150.0,-16.729234476941688,65.02474786091409
8,-150.0,-16.729180952047848,65.02473614451405
8,-150.0,-16.72900941069832,65.02469545694805
8,-150.0,-16.72883786934879,65.02465980069839
8,-150.0,-16.728666327999264,65.02462089047809
8,-150.0,-16.728494786649733,65.02460770728328
8,-150.0,-16.728395980737098,65.02457591801924
8,-150.0,-16.728323245300206,65.02455222359934
8,-150.0,-16.728151703950676,65.02450118836654
8,-150.0,-16.72798016260115,65.02443982913536
8,-150.0,-16.727870262440476,65.02440397512437
8,-150.0,-16.727808621251622,65.02438161389256
8,-150.0,-16.72763707990209,65.02438161389256
8,-150.0,-16.727465538552565,65.02431991397407
8,-150.0,-16.727293997203034,65.02424527002259
8,-150.0,-16.72726502958414,65.02423203222952
8,-150.0,-16.727122455853507,65.02416308405358
8,-150.0,-16.726950914503977,65.02408219217757
8,-150.0,-16.72690731677016,65.02406008933468
8,-150.0,-16.72677937315445,65.02400251887065
8,-150.0,-16.72660783180492,65.023942216909
8,-150.0,-16.726549236593797,65.0238881464398
8,-150.0,-16.726436290455393,65.02383667421888
8,-150.0,-16.726264749105862,65.0237556817314
8,-150.0,-16.726182292760132,65.02371620354495
8,-150.0,-16.726093207756335,65.02366660088664
8,-150.0,-16.72592166640681,65.02357292357456
8,-150.0,-16.725869605028606,65.0235442606501
8,-150.0,-16.725750125057278,65.02347251279062
8,-150.0,-16.72557858370775,65.02337698788169
8,-150.0,-16.72540704235822,65.02337443721567
8,-150.0,-16.725403137831048,65.02337231775523
8,-150.0,-16.725235501008694,65.02327948939731
8,-150.0,-16.725083974769937,65.02320037486038
8,-150.0,-16.725063959659163,65.02318866879068
8,-150.0,-16.724892418309636,65.02309767103806
8,-150.0,-16.72475296929242,65.02302843196553
8,-150.0,-16.724720876960106,65.02300781956541
8,-150.0,-16.72454933561058,65.0229201037888
8,-150.0,-16.72437779426105,65.0229201037888
8,-150.0,-16.72420625291152,65.02286174100524
8,-150.0,-16.7241981206965,65.02285648907066
8,-150.0,-16.724034711561995,65.02274932927985
8,-150.0,-16.723863170212464,65.02274688296063
8,-150.0,-16.723691628862937,65.0227537667395
8,-150.0,-16.723520087513407,65.0227537667395
8,-150.0,-16.72334854616388,65.02275792365072
8,-150.0,-16.72317700481435,65.02275469444503
8,-150.0,-16.723005463464823,65.02273977647903
8,-150.0,-16.722833922115292,65.02272055466935
8,-150.0,-16.722662380765765,65.02270726723788
8,-150.0,-16.722490839416235,65.02270663543776
8,-150.0,-16.722319298066708,65.02270088926285
8,-150.0,-16.72214775671718,65.02270731397294
8,-150.0,-16.72197621536765,65.02272254218934
8,-150.0,-16.721804674018124,65.02271961998046
8,-150.0,-16.721633132668593,65.02272562468312
8,-150.0,-16.721461591319066,65.02272724879393
8,-150.0,-16.721290049969536,65.02274395986106
8,-150.0,-16.72111850862001,65.02283307720329
8,-150.0,-16.72110235046324,65.02285648907066
8,-150.0,-16.72094696727048,65.02289389235708
8,-150.0,-16.72077542592095,65.02291328696577
8,-150.0,-16.72060388457142,65.02300302045275
8,-150.0,-16.720544303822845,65.02302843196553
8,-150.0,-16.720432343221894,65.02306173529082
8,-150.0,-16.720260801872367,65.02309059290063
8,-150.0,-16.720089260522837,65.02309059290063
8,-150.0,-16.71991771917331,65.0231065902004
8,-150.0,-16.71974617782378,65.02311766202315
8,-150.0,-16.719574636474253,65.0231337038932
8,-150.0,-16.719403095124722,65.02315781876433
8,-150.0,-16.719231553775195,65.0231638181196
8,-150.0,-16.719060012425665,65.02319279558255
8,-150.0,-16.719023348109445,65.02320037486038
8,-150.0,-16.718888471076138,65.02323081172477
8,-150.0,-16.718716929726607,65.02328412721258
8,-150.0,-16.71854538837708,65.02336532007928
8,-150.0,-16.718373847027554,65.02336532007928
8,-150.0,-16.71836067084489,65.02337231775523
8,-150.0,-16.718202305678023,65.02344960325921
8,-150.0,-16.718030764328496,65.02351696870241
8,-150.0,-16.717937701910486,65.0235442606501
8,-150.0,-16.717859222978966,65.02356416108539
8,-150.0,-16.71768768162944,65.02364862030927
8,-150.0,-16.71751614027991,65.02364862030927
8,-150.0,-16.717433902568906,65.02371620354495
8,-150.0,-16.71734459893038,65.02378711666118
8,-150.0,-16.717241915728195,65.0238881464398
8,-150.0,-16.71717305758085,65.02395608228694
8,-150.0,-16.717065862301986,65.02406008933467
8,-150.0,-16.717001516231324,65.02417315202462
8,-150.0,-16.716829974881794,65.02417315202462
8,-150.0,-16.71678346666733,65.02423203222952
8,-150.0,-16.716658433532267,65.02433528078059
8,-150.0,-16.716578828749366,65.02440397512437
8,-150.0,-16.71648689218274,65.02446167590142
8,-150.0,-16.71635260780192,65.02457591801922
8,-150.0,-16.71631535083321,65.02460801057055
8,-150.0,-16.716143809483683,65.02460801057055
8,-150.0,-16.715996432055636,65.02474786091409
8,-150.0,-16.715972268134152,65.0247629432723
8,-150.0,-16.715800726784625,65.02487500714632
8,-150.0,-16.71572725309126,65.02491980380894
8,-150.0,-16.715629185435095,65.02503897660168
8,-150.0,-16.715457644085568,65.02507153669013
8,-150.0,-16.715424013674898,65.02509174670381
8,-150.0,-16.715457644085568,65.0251371066624
8,-150.0,-16.715629185435095,65.0251371066624
8,-150.0,-16.715707076836026,65.02526368959866
8,-150.0,-16.715799526804467,65.02543563249351
8,-150.0,-16.715800726784625,65.02544617963257
8,-150.0,-16.715817930596238,65.02560757538838
8,-150.0,-16.71580589322908,65.02577951828323
8,-150.0,-16.715800726784625,65.02578436543187
8,-150.0,-16.715629185435095,65.02580283478186
8,-150.0,-16.715593355191046,65.02595146117808
8,-150.0,-16.71556140049371,65.02612340407295
8,-150.0,-16.71548605231253,65.0262953469678
8,-150.0,-16.715457644085568,65.02631621394197
8,-150.0,-16.715286102736037,65.02640176423604
8,-150.0,-16.71511456138651,65.02645446340426
8,-150.0,-16.71494302003698,65.02645446340426
8,-150.0,-16.714891441022317,65.02646728986265
8,-150.0,-16.714771478687453,65.02649841517348
8,-150.0,-16.714599937337926,65.02653836224789
8,-150.0,-16.714428395988396,65.02657464724228
8,-150.0,-16.71425685463887,65.0265841734527
8,-150.0,-16.71408531328934,65.02661195338146
8,-150.0,-16.71400154789741,65.02663923275752
8,-150.0,-16.714064820371856,65.02681117565237
8,-150.0,-16.71408531328934,65.02683490115803
8,-150.0,-16.71425095620801,65.02698311854722
8,-150.0,-16.71425685463887,65.02698821998942
8,-150.0,-16.714428395988396,65.02700117255118
8,-150.0,-16.714599937337926,65.02711483956783
8,-150.0,-16.714661736415277,65.0271550614421
8,-150.0,-16.714771478687453,65.02723291744613
8,-150.0,-16.714892120852223,65.02732700433694
8,-150.0,-16.71494302003698,65.02736330106995
8,-150.0,-16.71511456138651,65.02747153015319
8,-150.0,-16.715179718756037,65.02749894723179
8,-150.0,-16.715286102736037,65.02754293169444
8,-150.0,-16.715457644085568,65.02758573112416
8,-150.0,-16.71562918543509,65.02762376144689
8,-150.0,-16.715800726784625,65.02763458338305
8,-150.0,-16.715972268134152,65.02763973913
8,-150.0,-16.716143809483683,65.02764636206932
8,-150.0,-16.71631535083321,65.02765171170587
8,-150.0,-16.71648689218274,65.02765171170587
8,-150.0,-16.716658433532267,65.02764966772384
8,-150.0,-16.716829974881794,65.02763860196097
8,-150.0,-16.717001516231328,65.0276167977241
8,-150.0,-16.71717305758085,65.02758477248811
8,-150.0,-16.71734459893038,65.02758477248811
8,-150.0,-16.71751614027991,65.0275548250815
8,-150.0,-16.71768768162944,65.02752856206284
8,-150.0,-16.717859222978966,65.02750358679373
8,-150.0,-16.71790402117777,65.02749894723179
8,-150.0,-16.718030764328496,65.02747715398216
8,-150.0,-16.718202305678023,65.02747715398216
8,-150.0,-16.718373847027554,65.0274660485588
8,-150.0,-16.71854538837708,65.02747657593025
8,-150.0,-16.718667336181287,65.02749894723179
8,-150.0,-16.718716929726607,65.0275042010385
8,-150.0,-16.718888471076138,65.02752840881602
8,-150.0,-16.719060012425665,65.0275329255535
8,-150.0,-16.719231553775195,65.02754941696296
8,-150.0,-16.719403095124722,65.02756577460839
8,-150.0,-16.719574636474253,65.02758179419942
8,-150.0,-16.71974617782378,65.02760020216255
8,-150.0,-16.71991771917331,65.02761909764806
8,-150.0,-16.720089260522837,65.02762188938
8,-150.0,-16.720260801872367,65.02763585376898
8,-150.0,-16.720432343221894,65.02760848503857
8,-150.0,-16.72060388457142,65.02750005657605
8,-150.0,-16.72060630838251,65.02749894723179
8,-150.0,-16.72077542592095,65.02747580672818
8,-150.0,-16.72094696727048,65.02747816063578
8,-150.0,-16.721098247494297,65.02749894723179
8,-150.0,-16.72111850862001,65.02750940426152
8,-150.0,-16.72124496953486,65.02767089012666
8,-150.0,-16.72122135075517,65.02784283302151
8,-150.0,-16.721290049969536,65.02795011312955
8,-150.0,-16.721322766142528,65.02801477591636
8,-150.0,-16.721461591319066,65.02813692134842
8,-150.0,-16.72151260472507,65.02818671881123
8,-150.0,-16.721560817806388,65.02835866170608
8,-150.0,-16.721565619845077,65.02853060460093
8,-150.0,-16.721547632361673,65.0287025474958
8,-150.0,-16.721492487948794,65.02887449039065
8,-150.0,-16.721461591319066,65.02893498297516
8,-150.0,-16.721290049969536,65.02893498297516
8,-150.0,-16.721231860560575,65.0290464332855
8,-150.0,-16.72111850862001,65.02914829970697
8,-150.0,-16.72102577610727,65.02921837618037
8,-150.0,-16.72094696727048,65.02926011212035
8,-150.0,-16.72077542592095,65.02934275989054
8,-150.0,-16.720671750179623,65.02939031907522
8,-150.0,-16.72060388457142,65.02941301181255
8,-150.0,-16.720432343221894,65.02942204310521
8,-150.0,-16.720260801872367,65.02948982376664
8,-150.0,-16.720089260522837,65.0295427799165
8,-150.0,-16.72001402684721,65.02956226197007
8,-150.0,-16.71991771917331,65.02958775379525
8,-150.0,-16.71974617782378,65.02958775379525
8,-150.0,-16.719574636474253,65.02963044103163
8,-150.0,-16.719403095124722,65.02967267909747
8,-150.0,-16.719231553775195,65.02970777825679
8,-150.0,-16.719060012425665,65.02973183405372
8,-150.0,-16.718888471076138,65.02973202129402
8,-150.0,-16.718857511556024,65.02973420486494
8,-150.0,-16.718716929726607,65.02974760845999
8,-150.0,-16.71854538837708,65.02975382692676
8,-150.0,-16.718373847027554,65.02975751688419
8,-150.0,-16.718202305678023,65.02975684077906
8,-150.0,-16.718030764328496,65.02975684077906
8,-150.0,-16.717859222978966,65.02975063023692
8,-150.0,-16.717687681629442,65.02973931878822
8,-150.0,-16.71765196697954,65.02973420486494
8,-150.0,-16.71751614027991,65.02971570906588
8,-150.0,-16.71734459893038,65.02967838476647
8,-150.0,-16.71717305758085,65.02963018929984
8,-150.0,-16.717001516231324,65.02963018929984
8,-150.0,-16.7168300134527,65.02956226197007
8,-150.0,-16.716829974881794,65.02956224221431
8,-150.0,-16.716658433532267,65.02946142911644
8,-150.0,-16.716548084492405,65.02939031907522
8,-150.0,-16.71648689218274,65.02935838650822
8,-150.0,-16.716315350833213,65.02929178205402
8,-150.0,-16.716143809483683,65.02924122520051
8,-150.0,-16.71611244172354,65.02921837618037
8,-150.0,-16.715972268134152,65.02914458330805
8,-150.0,-16.71580072678463,65.02909035191556
8,-150.0,-16.715663767645193,65.0290464332855
8,-150.0,-16.715629185435095,65.02902698409815
8,-150.0,-16.715457644085568,65.0289415586692
8,-150.0,-16.715318460825504,65.02887449039065
8,-150.0,-16.715286102736037,65.02885872233816
8,-150.0,-16.71511456138651,65.02882555445287
8,-150.0,-16.71494302003698,65.02882555445287
8,-150.0,-16.714771478687453,65.02882847418812
8,-150.0,-16.714599937337926,65.02886006056428
8,-150.0,-16.71455368608109,65.02887449039065
8,-150.0,-16.714428395988396,65.02891040796524
8,-150.0,-16.71425685463887,65.02899242650992
8,-150.0,-16.71408531328934,65.02899242650992
8,-150.0,-16.714013229510076,65.0290464332855
8,-150.0,-16.71391377193981,65.0291684477113
8,-150.0,-16.713884851600167,65.02921837618037
8,-150.0,-16.713879554382295,65.02939031907522
8,-150.0,-16.713906035191442,65.02956226197007
8,-150.0,-16.71391377193981,65.02959087587712
8,-150.0,-16.713952415211317,65.02973420486494
8,-150.0,-16.713967489583204,65.02990614775979
8,-150.0,-16.713952838488286,65.03007809065464
8,-150.0,-16.713947230784864,65.03025003354952
8,-150.0,-16.71396289576427,65.03042197644436
8,-150.0,-16.71391377193981,65.03047088238297
8,-150.0,-16.71380006708496,65.03059391933921
8,-150.0,-16.713832936572793,65.03076586223408
8,-150.0,-16.713912038131028,65.03093780512893
8,-150.0,-16.71391377193981,65.03094104560638
8,-150.0,-16.714004945996226,65.03110974802378
8,-150.0,-16.71408531328934,65.03124774484876
8,-150.0,-16.71425685463887,65.03124774484876
8,-150.0,-16.714277285687402,65.03128169091865
8,-150.0,-16.714391881610347,65.0314536338135
8,-150.0,-16.714428395988396,65.03151360333197
8,-150.0,-16.714477071666657,65.03162557670835
8,-150.0,-16.714549200714007,65.03179751960322
8,-150.0,-16.714599937337926,65.03186611074435
8,-150.0,-16.714669615029287,65.03196946249807
8,-150.0,-16.714771478687453,65.03209892981404
8,-150.0,-16.714805122407185,65.03214140539292
8,-150.0,-16.71494302003698,65.03227637292726
8,-150.0,-16.714988420930673,65.03231334828779
8,-150.0,-16.71511456138651,65.0323970139664
8,-150.0,-16.71528610273604,65.03248321357943
8,-150.0,-16.715290839450752,65.03248529118264
8,-150.0,-16.715457644085568,65.03255430115044
8,-150.0,-16.715629185435095,65.03255430115044
8,-150.0,-16.715800726784625,65.03263771099903
8,-150.0,-16.71583600579934,65.03265723407749
8,-150.0,-16.715972268134152,65.03276116602805
8,-150.0,-16.71604143865538,65.03282917697236
8,-150.0,-16.716119380925367,65.03300111986721
8,-150.0,-16.716143809483683,65.03305303303063
8,-150.0,-16.716207695289313,65.03317306276206
8,-150.0,-16.716243446214975,65.03334500565693
8,-150.0,-16.716257436980463,65.03351694855178
8,-150.0,-16.71625553731102,65.03368889144663
8,-150.0,-16.716270443655553,65.0338608343415
8,-150.0,-16.71631535083321,65.03398614464531
8,-150.0,-16.716334206926685,65.03403277723635
8,-150.0,-16.71643428716898,65.0342047201312
8,-150.0,-16.71648689218274,65.03427454263559
8,-150.0,-16.71657769387154,65.03437666302607
8,-150.0,-16.716658433532267,65.03444408859248
8,-150.0,-16.71679485288804,65.03454860592092
8,-150.0,-16.716829974881794,65.03459876933027
8,-150.0,-16.716920047893453,65.03472054881577
8,-150.0,-16.717001516231324,65.03477677083625
8,-150.0,-16.71717290131058,65.03489249171064
8,-150.0,-16.71717305758085,65.03489261286354
8,-150.0,-16.71734459893038,65.03489261286354
8,-150.0,-16.71751614027991,65.03502557637265
8,-150.0,-16.717569232631156,65.03506443460549
8,-150.0,-16.71768768162944,65.03513927269883
8,-150.0,-16.71785773473012,65.03523637750034
8,-150.0,-16.717859222978966,65.03523691275427
8,-150.0,-16.718030764328496,65.03529579761475
8,-150.0,-16.718202305678023,65.03535979360645
8,-150.0,-16.718373847027554,65.03535979360645
8,-150.0,-16.7185040475157,65.0354083203952
8,-150.0,-16.71854538837708,65.03542009096489
8,-150.0,-16.718716929726607,65.03546597771869
8,-150.0,-16.718888471076138,65.03551192685806
8,-150.0,-16.719060012425665,65.03555790928962
8,-150.0,-16.719131199818154,65.03558026329006
8,-150.0,-16.719231553775195,65.03560184491974
8,-150.0,-16.719403095124722,65.03562905417081
8,-150.0,-16.719574636474253,65.03572194678955
8,-150.0,-16.71962308838523,65.03575220618491
8,-150.0,-16.71974617782378,65.03578206867434
8,-150.0,-16.71991771917331,65.03584180335558
8,-150.0,-16.72006849685496,65.03592414907978
8,-150.0,-16.720089260522837,65.03593449638859
8,-150.0,-16.720260801872367,65.0359503978529
8,-150.0,-16.720432343221894,65.03603748187965
8,-150.0,-16.720516019323973,65.03609609197463
8,-150.0,-16.72060388457142,65.03614858085042
8,-150.0,-16.72077542592095,65.03624101663067
8,-150.0,-16.720836306849165,65.03626803486948
8,-150.0,-16.72094696727048,65.03630704434676
8,-150.0,-16.72111850862001,65.03634872471274
8,-150.0,-16.721290049969536,65.03636798755099
8,-150.0,-16.721461591319066,65.03638065523626
8,-150.0,-16.721633132668593,65.0364101753528
8,-150.0,-16.72179990665225,65.03643997776435
8,-150.0,-16.721804674018124,65.03644088093003
8,-150.0,-16.72197621536765,65.03647908549029
8,-150.0,-16.72214775671718,65.03653224070864
8,-150.0,-16.722319298066708,65.03653224070864
8,-150.0,-16.722415847038,65.0366119206592
8,-150.0,-16.722490839416235,65.03669071185996
8,-150.0,-16.722662380765765,65.03677210213911
8,-150.0,-16.72268612300661,65.03678386355405
8,-150.0,-16.722833922115292,65.036891282118
8,-150.0,-16.72290839832096,65.03695580644892
8,-150.0,-16.723005463464823,65.03703248331878
8,-150.0,-16.72317700481435,65.03712350702403
8,-150.0,-16.72334854616388,65.03712350702403
8,-150.0,-16.72336079978251,65.03712774934377
8,-150.0,-16.723520087513407,65.03718053024963
8,-150.0,-16.723691628862937,65.03723399048205
8,-150.0,-16.723863170212464,65.03728586585176
8,-150.0,-16.72390833977269,65.03729969223862
8,-150.0,-16.724034711561995,65.03735260067107
8,-150.0,-16.72420625291152,65.0374453214428
8,-150.0,-16.72437779426105,65.0374453214428
8,-150.0,-16.724418784408577,65.03747163513349
8,-150.0,-16.72437779426105,65.03757735021038
8,-150.0,-16.72435625316308,65.03764357802834
8,-150.0,-16.72437779426105,65.03766155752022
8,-150.0,-16.72454933561058,65.03769326479156
8,-150.0,-16.72461388793325,65.03781552092319
8,-150.0,-16.724720876960106,65.03785412778558
8,-150.0,-16.724892418309636,65.03789440540058
8,-150.0,-16.725063959659167,65.03791831007076
8,-150.0,-16.725235501008694,65.03792892831213
8,-150.0,-16.72540704235822,65.03793644241117
8,-150.0,-16.72557858370775,65.03794035331589
8,-150.0,-16.725750125057278,65.03795149514931
8,-150.0,-16.72592166640681,65.03797334303577
8,-150.0,-16.725982468846382,65.03798746381806
8,-150.0,-16.726093207756335,65.03801451543222
8,-150.0,-16.726264749105862,65.03807086432793
8,-150.0,-16.726436290455393,65.03807086432793
8,-150.0,-16.72660783180492,65.03813821610906
8,-150.0,-16.72666099438307,65.03815940671291
8,-150.0,-16.72677937315445,65.03819162849678
8,-150.0,-16.726950914503977,65.0382203279459
8,-150.0,-16.727122455853504,65.03824617510828
8,-150.0,-16.727293997203034,65.03826032172604
8,-150.0,-16.727465538552565,65.03826982039851
8,-150.0,-16.72763707990209,65.03829297435848
8,-150.0,-16.727808621251622,65.03832946753592
8,-150.0,-16.727814220740647,65.03833134960776
8,-150.0,-16.72798016260115,65.03838702985185
8,-150.0,-16.728151703950676,65.03846394712467
8,-150.0,-16.72822587239965,65.03850329250263
8,-150.0,-16.728323245300206,65.0385505903018
8,-150.0,-16.728494786649733,65.03862564465334
8,-150.0,-16.728646424633705,65.03867523539748
8,-150.0,-16.728666327999264,65.03868327995333
8,-150.0,-16.72883786934879,65.03873949867035
8,-150.0,-16.72900941069832,65.03879853178566
8,-150.0,-16.729127975429407,65.03884717829233
8,-150.0,-16.729180952047848,65.03888138818968
8,-150.0,-16.72935249339738,65.03888138818968
8,-150.0,-16.729482171268955,65.0390191211872
8,-150.0,-16.729524034746905,65.03914681483076
8,-150.0,-16.729536900910453,65.03919106408205
8,-150.0,-16.729688413069677,65.0393630069769
8,-150.0,-16.729695576096432,65.03936730937056
8,-150.0,-16.729867117445963,65.03947511379465
8,-150.0,-16.729976110615674,65.03953494987176
8,-150.0,-16.73003865879549,65.0395609360165
8,-150.0,-16.73021020014502,65.03961636566711
8,-150.0,-16.730327125092227,65.03970689276662
8,-150.0,-16.730381741494547,65.03975569624603
8,-150.0,-16.730553282844078,65.03975569624603
8,-150.0,-16.730724824193604,65.03982739072543
8,-150.0,-16.730812048331433,65.03987883566147
8,-150.0,-16.730896365543135,65.03993661880747
8,-150.0,-16.73106790689266,65.0400434263801
8,-150.0,-16.73108127722388,65.04005077855633
8,-150.0,-16.731239448242192,65.04013610486729
8,-150.0,-16.731410989591716,65.04022098004098
8,-150.0,-16.731582530941242,65.04022098004098
8,-150.0,-16.731586457999565,65.04022272145119
8,-150.0,-16.731754072290776,65.04029937585582
8,-150.0,-16.731925613640303,65.04033714643592
8,-150.0,-16.732097154989834,65.04033409252862
8,-150.0,-16.73226869633936,65.04032168151338
8,-150.0,-16.73244023768889,65.0403085238839
8,-150.0,-16.732611779038418,65.04030229162515
8,-150.0,-16.73278332038795,65.0402848046271
8,-150.0,-16.732954861737475,65.04027959030486
8,-150.0,-16.733126403087006,65.04027870227
8,-150.0,-16.733297944436533,65.04027810056371
8,-150.0,-16.73346948578606,65.04027822414369
8,-150.0,-16.73364102713559,65.04027583250911
8,-150.0,-16.733812568485117,65.0402684904504
8,-150.0,-16.733984109834648,65.04026241150044
8,-150.0,-16.734155651184174,65.04029502203221
8,-150.0,-16.734327192533705,65.04029502203221
8,-150.0,-16.734498733883232,65.04028110273073
8,-150.0,-16.734670275232762,65.04032563195769
8,-150.0,-16.73484181658229,65.04031256363736
8,-150.0,-16.73501335793182,65.0403049943052
8,-150.0,-16.735184899281347,65.0403049943052
8,-150.0,-16.735356440630873,65.04030503627828
8,-150.0,-16.735527981980404,65.04031068361385
8,-150.0,-16.73569952332993,65.04031138271046
8,-150.0,-16.73587106467946,65.04028870391417
8,-150.0,-16.736042606028988,65.04028870391417
8,-150.0,-16.73621414737852,65.04023577270289
8,-150.0,-16.73624034267316,65.04022272145119
8,-150.0,-16.736385688728046,65.0401747853204
8,-150.0,-16.736557230077576,65.04013075080263
8,-150.0,-16.736728771427103,65.04010439220079
8,-150.0,-16.736900312776633,65.04010439220079
8,-150.0,-16.73707185412616,65.04009334322495
8,-150.0,-16.737243395475687,65.04010483711049
8,-150.0,-16.737414936825218,65.04012093382173
8,-150.0,-16.73758647817474,65.0401370961759
8,-150.0,-16.73775801952427,65.0401370961759
8,-150.0,-16.737929560873802,65.04013639876746
8,-150.0,-16.738101102223332,65.04012932016063
8,-150.0,-16.73827264357286,65.04011787374405
8,-150.0,-16.73844418492239,65.04011219230358
8,-150.0,-16.738615726271917,65.04011219230358
8,-150.0,-16.738787267621447,65.04011769102016
8,-150.0,-16.738958808970974,65.04012872007212
8,-150.0,-16.7391303503205,65.04014321636006
8,-150.0,-16.73930189167003,65.04015752552303
8,-150.0,-16.73947343301956,65.0401651409992
8,-150.0,-16.73964497436909,65.04016914848721
8,-150.0,-16.739816515718616,65.04018050061273
8,-150.0,-16.739988057068146,65.0401901663548
8,-150.0,-16.740159598417673,65.04020186832238
8,-150.0,-16.740331139767203,65.04021179668129
8,-150.0,-16.74050268111673,65.04021251959561
8,-150.0,-16.74052254993445,65.04022272145119
8,-150.0,-16.74067422246626,65.04030157053236
8,-150.0,-16.740845763815788,65.0402973256829
8,-150.0,-16.741017305165315,65.04029271425102
8,-150.0,-16.741188846514845,65.04029232184577
8,-150.0,-16.741360387864372,65.04029232184577
8,-150.0,-16.741531929213902,65.0403008519283
8,-150.0,-16.74170347056343,65.04031487047635
8,-150.0,-16.74187501191296,65.04032525363252
8,-150.0,-16.742046553262487,65.04032999225832
8,-150.0,-16.742218094612017,65.04032167712877
8,-150.0,-16.742389635961544,65.04031927547678
8,-150.0,-16.742561177311075,65.0402964016039
8,-150.0,-16.7427327186606,65.04027635557752
8,-150.0,-16.74290426001013,65.04026198924878
8,-150.0,-16.74307580135966,65.04026335962965
8,-150.0,-16.743247342709186,65.04026100606838
8,-150.0,-16.743418884058716,65.04026276978654
8,-150.0,-16.743590425408243,65.04025398068966
8,-150.0,-16.743761966757774,65.04025227824175
8,-150.0,-16.7439335081073,65.04025760675124
8,-150.0,-16.74410504945683,65.04025760675124
8,-150.0,-16.744276590806358,65.04028114503132
8,-150.0,-16.74444813215589,65.04033037904911
8,-150.0,-16.744610150080877,65.04039466434604
8,-150.0,-16.744619673505415,65.0403990155358
8,-150.0,-16.744791214854942,65.04045303915768
8,-150.0,-16.744962756204472,65.04045303915768
8,-150.0,-16.745134297554,65.04048480997443
8,-150.0,-16.74530583890353,65.0405079025812
8,-150.0,-16.745477380253057,65.04052066164334
8,-150.0,-16.74555563548767,65.0405666072409
8,-150.0,-16.745648921602587,65.04062030534102
8,-150.0,-16.745820462952114,65.0406455315811
8,-150.0,-16.745992004301645,65.0406455315811
8,-150.0,-16.74616354565117,65.04066127779265
8,-150.0,-16.746335087000702,65.04068519859642
8,-150.0,-16.74650662835023,65.04070635308511
8,-150.0,-16.746678169699756,65.04071379908615
8,-150.0,-16.746849711049286,65.04071379908615
8,-150.0,-16.747021252398813,65.04072288457779
8,-150.0,-16.747192793748344,65.04072339501484
8,-150.0,-16.74736433509787,65.04072792517091
8,-150.0,-16.7475358764474,65.04073541536174
8,-150.0,-16.747707417796928,65.04073541536174
8,-150.0,-16.74778153114784,65.04073855013576
8,-150.0,-16.74787895914646,65.0407442591285
8,-150.0,-16.748050500495985,65.0407569009112
8,-150.0,-16.748222041845516,65.04076886285706
8,-150.0,-16.748393583195043,65.04077999814199
8,-150.0,-16.74856512454457,65.04078022522559
8,-150.0,-16.7487366658941,65.04078841298177
8,-150.0,-16.748908207243627,65.04079394438823
8,-150.0,-16.749079748593157,65.04079320804254
8,-150.0,-16.749251289942684,65.04079086374432
8,-150.0,-16.749422831292215,65.04079508414875
8,-150.0,-16.74959437264174,65.04079508414875
8,-150.0,-16.749765913991272,65.04080397070129
8,-150.0,-16.7499374553408,65.04081375123006
8,-150.0,-16.75010899669033,65.04082020832863
8,-150.0,-16.750280538039856,65.04082499470704
8,-150.0,-16.750452079389383,65.04082499470704
8,-150.0,-16.75060738707339,65.04091049303061
8,-150.0,-16.750623620738914,65.04091989219393
8,-150.0,-16.75079516208844,65.04093114969972
8,-150.0,-16.75096670343797,65.04094445705923
8,-150.0,-16.751138244787498,65.04095925824609
8,-150.0,-16.75130978613703,65.04096190586436
8,-150.0,-16.751481327486555,65.04097300092901
8,-150.0,-16.751652868836086,65.04098887532986
8,-150.0,-16.751824410185613,65.04100713300556
8,-150.0,-16.751995951535143,65.04102117872407
8,-150.0,-16.75216749288467,65.04102802210528
8,-150.0,-16.752339034234197,65.04103223002882
8,-150.0,-16.752510575583727,65.0410401398996
8,-150.0,-16.752682116933254,65.04104719384198
8,-150.0,-16.752853658282785,65.04105637537712
8,-150.0,-16.75302519963231,65.04106748233085
8,-150.0,-16.753196740981842,65.04106748233085
8,-150.0,-16.75336828233137,65.04107931155255
8,-150.0,-16.753405652076136,65.04108243592547
8,-150.0,-16.7535398236809,65.04109431135717
8,-150.0,-16.753711365030426,65.0411148608824
8,-150.0,-16.753882906379957,65.04114178185128
8,-150.0,-16.754054447729484,65.04114178185128
8,-150.0,-16.75422598907901,65.04117637001828
8,-150.0,-16.75439753042854,65.04121578237401
8,-150.0,-16.754559367246245,65.04125437882033
8,-150.0,-16.754569071778068,65.04125646228411
8,-150.0,-16.7547406131276,65.04129250468108
8,-150.0,-16.754912154477125,65.04140062900828
8,-150.0,-16.755083695826656,65.04140062900828
8,-150.0,-16.75514625559971,65.04142632171518
8,-150.0,-16.755255237176183,65.04144791801303
8,-150.0,-16.755426778525713,65.04148376092073
8,-150.0,-16.75559831987524,65.0415298751978
8,-150.0,-16.75576986122477,65.04159774037909
8,-150.0,-16.755941402574297,65.04159774037909
8,-150.0,-16.755942541788176,65.04159826461004
8,-150.0,-16.756112943923824,65.04169303589173
8,-150.0,-16.756229866159238,65.0417702075049
8,-150.0,-16.756284485273355,65.04181177522482
8,-150.0,-16.75645602662288,65.04191034040808
8,-150.0,-16.756528860975116,65.04194215039975
8,-150.0,-16.756627567972412,65.04196885800484
8,-150.0,-16.75679910932194,65.04201150855341
8,-150.0,-16.75697065067147,65.04202749782092
8,-150.0,-16.757142192020996,65.04204550060342
8,-150.0,-16.757313733370527,65.04207259546234
8,-150.0,-16.757485274720054,65.04209979282416
8,-150.0,-16.757574039096365,65.0421140932946
8,-150.0,-16.757656816069584,65.04212791963435
8,-150.0,-16.75782835741911,65.0421646040283
8,-150.0,-16.757999898768638,65.0421646040283
8,-150.0,-16.75817144011817,65.0422035436895
8,-150.0,-16.758289974516927,65.04228603618947
8,-150.0,-16.758342981467695,65.04232605767149
8,-150.0,-16.758514522817226,65.04235875844456
8,-150.0,-16.758686064166753,65.04238121483104
8,-150.0,-16.758857605516283,65.04238949440602
8,-150.0,-16.75902914686581,65.04239833897321
8,-150.0,-16.75920068821534,65.04240153159998
8,-150.0,-16.759372229564867,65.04239058734666
8,-150.0,-16.759543770914398,65.04237493762363
8,-150.0,-16.759715312263925,65.04235274855924
8,-150.0,-16.75988685361345,65.04235274855924
8,-150.0,-16.760058394962982,65.04233415258608
8,-150.0,-16.76022993631251,65.04231866938838
8,-150.0,-16.76040147766204,65.04229669101612
9,-150.0,-16.73346948578606,65.02939465176
9,-150.0,-16.73345272984131,65.02939031907522
9,-150.0,-16.73346948578606,65.02936670477843
9,-150.0,-16.733513574291567,65.02939031907522
9,-150.0,-16.73346948578606,65.02939465176
10,-130.0,-16.759372229564867,65.04298489990283
10,-130.0,-16.75944404344315,65.04297380776889
10,-130.0,-16.759543770914398,65.0429564887827
10,-130.0,-16.759715312263925,65.04292052215582
10,-130.0,-16.75988685361345,65.04288410733562
10,-130.0,-16.760058394962982,65.04288410733562
10,-130.0,-16.76022993631251,65.04284784954743
10,-130.0,-16.76040147766204,65.04281420823882
10,-130.0,-16.76046129808773,65.04280186487404
10,-130.0,-16.760573019011566,65.04277644272501
10,-130.0,-16.760744560361097,65.04274824309847
10,-130.0,-16.760916101710624,65.04273668082388
10,-130.0,-16.761087643060154,65.04270076937334
10,-130.0,-16.76125918440968,65.0426636611941
10,-130.0,-16.761418824818108,65.04262992197917
10,-130.0,-16.761430725759208,65.04262724414617
10,-130.0,-16.76160226710874,65.04259210562964
10,-130.0,-16.761773808458265,65.04258121294839
10,-130.0,-16.761945349807796,65.04252426636236
10,-130.0,-16.762116891157323,65.04247006075482
10,-130.0,-16.762161072809704,65.04245797908432
10,-130.0,-16.762288432506853,65.04243058935654
10,-130.0,-16.76245997385638,65.04243058935654
10,-130.0,-16.76263151520591,65.04240068673664
10,-130.0,-16.762803056555438,65.04237823238867
10,-130.0,-16.762974597904968,65.04236075198202
10,-130.0,-16.763146139254495,65.04235132956974
10,-130.0,-16.763317680604025,65.04235217596135
10,-130.0,-16.763489221953552,65.04234988943558
10,-130.0,-16.76366076330308,65.042417399837
10,-130.0,-16.76383230465261,65.04239751302374
10,-130.0,-16.764003846002137,65.0423390673743
10,-130.0,-16.764175387351667,65.04231752884554
10,-130.0,-16.764346928701194,65.04233963368328
10,-130.0,-16.764463420229976,65.04228603618947
10,-130.0,-16.764518470050724,65.04223231532387
10,-130.0,-16.76463170544939,65.0421140932946
10,-130.0,-16.76469001140025,65.04208424364552
10,-130.0,-16.76486155274978,65.04207194255858
10,-130.0,-16.76503309409931,65.04207194255858
10,-130.0,-16.76520463544884,65.0419836059281
10,-130.0,-16.765376176798366,65.04203350313458
10,-130.0,-16.765547718147893,65.04203051143304
10,-130.0,-16.765719259497423,65.04203166561071
10,-130.0,-16.76589080084695,65.04203166561071
10,-130.0,-16.76606234219648,65.04203419393782
10,-130.0,-16.766233883546008,65.04203623018056
10,-130.0,-16.766405424895538,65.04203734876023
10,-130.0,-16.766576966245065,65.04203381738273
10,-130.0,-16.7667485075946,65.04203149813738
10,-130.0,-16.766920048944122,65.04202746421574
10,-130.0,-16.767091590293653,65.04201712392509
10,-130.0,-16.76726313164318,65.04200105921143
10,-130.0,-16.767434672992707,65.04198658763583
10,-130.0,-16.767606214342237,65.04198513453261
10,-130.0,-16.767777755691764,65.0419734912245
10,-130.0,-16.767949297041294,65.04196491794704
10,-130.0,-16.76812083839082,65.04195644135005
10,-130.0,-16.768292379740352,65.04194387175194
10,-130.0,-16.768307289976764,65.04194215039975
10,-130.0,-16.76846392108988,65.04192319378443
10,-130.0,-16.76863546243941,65.04192069992081
10,-130.0,-16.768807003788936,65.04188151592966
10,-130.0,-16.768978545138467,65.04184065894782
10,-130.0,-16.769150086487993,65.04180309393202
10,-130.0,-16.76932162783752,65.04179573163422
10,-130.0,-16.76948184773568,65.0417702075049
10,-130.0,-16.76949316918705,65.04176712210045
10,-130.0,-16.769664710536578,65.04172622564946
10,-130.0,-16.769836251886105,65.04169489305765
10,-130.0,-16.770007793235635,65.04166740202145
10,-130.0,-16.770179334585166,65.04166740202145
10,-130.0,-16.770350875934692,65.04164026857991
10,-130.0,-16.770522417284223,65.04160408592159
10,-130.0,-16.77054941234638,65.04159826461004
10,-130.0,-16.77069395863375,65.04155488034667
10,-130.0,-16.77086549998328,65.04152305619543
10,-130.0,-16.771037041332807,65.04152305619543
10,-130.0,-16.771208582682334,65.04150827380039
10,-130.0,-16.771380124031865,65.04150190056525
10,-130.0,-16.77155166538139,65.04148823326958
10,-130.0,-16.771723206730922,65.04146582169292
10,-130.0,-16.77189474808045,65.04146582169292
10,-130.0,-16.77206628942998,65.04142829334981
10,-130.0,-16.7720732208453,65.04142632171518
10,-130.0,-16.772237830779506,65.04136584680259
10,-130.0,-16.772409372129037,65.04129998640427
10,-130.0,-16.77252236343711,65.04125437882033
10,-130.0,-16.772580913478564,65.04122733109021
10,-130.0,-16.772752454828094,65.04122733109021
10,-130.0,-16.77292399617762,65.0411491737776
10,-130.0,-16.773082025014386,65.04108243592547
10,-130.0,-16.773095537527148,65.04107550693514
10,-130.0,-16.77326707887668,65.04099046676288
10,-130.0,-16.773438620226205,65.04096393047799
10,-130.0,-16.773606171935306,65.04091049303061
10,-130.0,-16.773610161575736,65.04090810065098
10,-130.0,-16.773781702925262,65.04080621206506
10,-130.0,-16.77389714781452,65.04073855013576
10,-130.0,-16.773953244274793,65.04069906961462
10,-130.0,-16.77412478562432,65.04056813518481
10,-130.0,-16.77429632697385,65.04056813518481
10,-130.0,-16.77429823730598,65.0405666072409
10,-130.0,-16.774440002869373,65.04039466434604
10,-130.0,-16.774467868323377,65.0403542405972
10,-130.0,-16.774580629184754,65.04022272145119
10,-130.0,-16.774639409672908,65.04014673181788
10,-130.0,-16.774719746091613,65.04005077855633
10,-130.0,-16.774769442690147,65.03987883566147
10,-130.0,-16.774810951022435,65.03985074655296
10,-130.0,-16.77498249237196,65.03975387979364
10,-130.0,-16.77499926321531,65.03970689276662
10,-130.0,-16.775113445841292,65.03953494987176
10,-130.0,-16.775154033721492,65.0394818870306
10,-130.0,-16.775240582231163,65.0393630069769
10,-130.0,-16.77532557507102,65.03925013352855
10,-130.0,-16.77549711642055,65.03922042447411
10,-130.0,-16.77554598003647,65.03919106408205
10,-130.0,-16.775668657770076,65.03912237033369
10,-130.0,-16.775840199119607,65.03903705687775
10,-130.0,-16.77587706814403,65.0390191211872
10,-130.0,-16.776011740469134,65.0389741173508
10,-130.0,-16.776183281818664,65.03890870375967
10,-130.0,-16.77635482316819,65.03890870375967
10,-130.0,-16.77651345907919,65.03884717829233
10,-130.0,-16.77652636451772,65.03884137928372
10,-130.0,-16.776697905867245,65.03878284845291
10,-130.0,-16.776869447216775,65.03874357363553
10,-130.0,-16.777040988566306,65.03870134907132
10,-130.0,-16.777212529915833,65.03870134907132
10,-130.0,-16.777265666743354,65.03867523539748
10,-130.0,-16.777384071265363,65.03858648628889
10,-130.0,-16.777438641448864,65.03850329250263
10,-130.0,-16.77755561261489,65.0384275916183
10,-130.0,-16.777699803971196,65.03833134960776
10,-130.0,-16.77772715396442,65.03831858854959
10,-130.0,-16.777898695313947,65.03831858854959
10,-130.0,-16.778070236663478,65.03828754474594
10,-130.0,-16.778241778013005,65.0382596538442
10,-130.0,-16.778413319362535,65.0382583411929
10,-130.0,-16.77858486071206,65.03825551798528
10,-130.0,-16.77875640206159,65.03825551798528
10,-130.0,-16.77892794341112,65.03819325972663
10,-130.0,-16.77901754542186,65.03815940671291
10,-130.0,-16.779099484760646,65.03813515005358
10,-130.0,-16.779271026110177,65.03806004547741
10,-130.0,-16.779409066541128,65.03798746381806
10,-130.0,-16.779442567459704,65.03796865884144
10,-130.0,-16.779614108809234,65.03796865884144
10,-130.0,-16.77978565015876,65.03785769134142
10,-130.0,-16.779843631444905,65.03781552092319
10,-130.0,-16.77995719150829,65.03772703029236
10,-130.0,-16.7801209374474,65.03764357802834
10,-130.0,-16.78012873285782,65.03763982827918
10,-130.0,-16.78030027420735,65.03763982827918
10,-130.0,-16.780471815556876,65.03755686615314
10,-130.0,-16.78064279639226,65.03747163513349
10,-130.0,-16.780643356906403,65.03747132105795
10,-130.0,-16.780814898255933,65.0373308492793
10,-130.0,-16.780838762044482,65.03729969223862
10,-130.0,-16.780986439605464,65.03721595256577
10,-130.0,-16.781118477838973,65.03712774934377
10,-130.0,-16.78115798095499,65.03700227948062
10,-130.0,-16.781171931695187,65.03695580644892
10,-130.0,-16.78123780737064,65.03678386355405
10,-130.0,-16.78129135963464,65.0366119206592
10,-130.0,-16.781329522304517,65.03655070816822
10,-130.0,-16.78139420439008,65.03643997776435
10,-130.0,-16.78147161887122,65.03626803486948
10,-130.0,-16.781501063654048,65.0361781162539
10,-130.0,-16.781672605003575,65.0361781162539
10,-130.0,-16.781708475761825,65.03609609197463
10,-130.0,-16.781844146353105,65.03596933359162
10,-130.0,-16.781885700496204,65.03592414907978
10,-130.0,-16.782015687702632,65.03584126073417
10,-130.0,-16.78218472026829,65.03575220618491
10,-130.0,-16.782187229052163,65.03575072888066
10,-130.0,-16.78235877040169,65.03575072888066
10,-130.0,-16.782530311751216,65.03566054731344
10,-130.0,-16.782701853100747,65.03558443767764
10,-130.0,-16.78271060081267,65.03558026329006
10,-130.0,-16.782846816826712,65.0354083203952
10,-130.0,-16.782858748592684,65.03523637750034
10,-130.0,-16.782862934232075,65.03506443460549
10,-130.0,-16.782873394450274,65.03505020238545
10,-130.0,-16.782993726048808,65.03489249171064
10,-130.0,-16.782900268626125,65.03472054881577
10,-130.0,-16.782873394450274,65.03469278537864
10,-130.0,-16.782701853100747,65.03465363377907
10,-130.0,-16.782644586362498,65.03454860592092
10,-130.0,-16.782530311751216,65.03448451048826
10,-130.0,-16.78235877040169,65.03440868005676
10,-130.0,-16.78227465087421,65.03437666302607
10,-130.0,-16.782187229052163,65.03433414613261
10,-130.0,-16.782015687702632,65.03424066167415
10,-130.0,-16.781957761532638,65.0342047201312
10,-130.0,-16.781844146353105,65.03412078763245
10,-130.0,-16.781672605003575,65.03412078763245
10,-130.0,-16.781561139215025,65.03403277723635
10,-130.0,-16.781501063654048,65.0339952003123
10,-130.0,-16.781329522304517,65.03388085166631
10,-130.0,-16.781302689831076,65.0338608343415
10,-130.0,-16.78115798095499,65.03374642780165
10,-130.0,-16.781091220799865,65.03368889144663
10,-130.0,-16.780986439605464,65.03359328925475
10,-130.0,-16.780903522616264,65.03351694855178
10,-130.0,-16.780814898255933,65.03343101059062
10,-130.0,-16.780759442536795,65.03334500565693
10,-130.0,-16.7806623094023,65.03317306276206
10,-130.0,-16.780643356906403,65.03314985982888
10,-130.0,-16.780536820302377,65.03300111986721
10,-130.0,-16.780471815556876,65.03293888112177
10,-130.0,-16.78030027420735,65.03293888112177
10,-130.0,-16.780195552190953,65.03282917697236
10,-130.0,-16.78012873285782,65.03276966625778
10,-130.0,-16.7800067713303,65.03265723407749
10,-130.0,-16.77995719150829,65.03259808504544
10,-130.0,-16.779859306575226,65.03248529118264
10,-130.0,-16.779819610739903,65.03231334828779
10,-130.0,-16.779863714488876,65.03214140539292
10,-130.0,-16.77991122419934,65.03196946249807
10,-130.0,-16.779904974522715,65.0317975196032
10,-130.0,-16.779895023195465,65.03162557670834
10,-130.0,-16.77995719150829,65.03154770259329
10,-130.0,-16.78003688607814,65.0314536338135
10,-130.0,-16.77995719150829,65.03128509968354
10,-130.0,-16.77978565015876,65.03128509968354
10,-130.0,-16.779783998613613,65.03128169091865
10,-130.0,-16.779614108809234,65.03112488985921
10,-130.0,-16.77959811388195,65.03110974802378
10,-130.0,-16.779442567459704,65.03100184466169
10,-130.0,-16.779364377634018,65.03093780512893
10,-130.0,-16.779271026110177,65.030841786921
10,-130.0,-16.779207297742236,65.03076586223409
10,-130.0,-16.779099484760646,65.03060655970063
10,-130.0,-16.77908849420193,65.03059391933921
10,-130.0,-16.77892794341112,65.03048447476836
10,-130.0,-16.77884290713063,65.03042197644436
10,-130.0,-16.77875640206159,65.03032925534247
10,-130.0,-16.778584860712062,65.03032925534247
10,-130.0,-16.77853461623104,65.0302500335495
10,-130.0,-16.778413319362535,65.0301153963657
10,-130.0,-16.7783271090832,65.03007809065464
10,-130.0,-16.778241778013005,65.03005008025329
10,-130.0,-16.778070236663478,65.02998737749215
10,-130.0,-16.777918256836244,65.02990614775979
10,-130.0,-16.777898695313947,65.029889114399
10,-130.0,-16.77772715396442,65.02975925887381
10,-130.0,-16.77768575983209,65.02973420486494
10,-130.0,-16.77755561261489,65.02966684704407
10,-130.0,-16.777384071265363,65.02966684704407
10,-130.0,-16.777212529915833,65.02957337766337
10,-130.0,-16.777194941100266,65.02956226197007
10,-130.0,-16.777040988566306,65.02949158291565
10,-130.0,-16.776869447216775,65.02941511543841
10,-130.0,-16.77680865863993,65.02939031907522
10,-130.0,-16.77669790586725,65.02934914552088
10,-130.0,-16.77652636451772,65.02931934043077
10,-130.0,-16.77635482316819,65.02928929274225
10,-130.0,-16.776213456577572,65.02921837618037
10,-130.0,-16.776183281818664,65.02918079071345
10,-130.0,-16.776079201317533,65.0290464332855
10,-130.0,-16.776011740469134,65.02899950444227
10,-130.0,-16.775840199119607,65.0288828485636
10,-130.0,-16.775826787963975,65.02887449039065
10,-130.0,-16.775668657770076,65.02879116364119
10,-130.0,-16.775511364204004,65.0287025474958
10,-130.0,-16.77549711642055,65.02869131568423
10,-130.0,-16.77532557507102,65.02869131568423
10,-130.0,-16.775154033721492,65.02854395486888
10,-130.0,-16.775137216408314,65.02853060460093
10,-130.0,-16.77498249237196,65.02838306411498
10,-130.0,-16.7749414074426,65.02835866170608
10,-130.0,-16.774810951022435,65.02830657950274
10,-130.0,-16.774639409672908,65.02824066189095
10,-130.0,-16.77451459580899,65.02818671881123
10,-130.0,-16.774467868323377,65.0281544462411
10,-130.0,-16.77433977151398,65.02801477591636
10,-130.0,-16.77429632697385,65.02797469829083
10,-130.0,-16.77412478562432,65.02791975166949
10,-130.0,-16.77409738295087,65.02784283302151
10,-130.0,-16.773953244274793,65.0276712043578
10,-130.0,-16.77395308551542,65.02767089012666
10,-130.0,-16.773865293601393,65.02749894723179
10,-130.0,-16.773828009018715,65.02732700433694
10,-130.0,-16.773879349539612,65.02715506144209
10,-130.0,-16.773953244274793,65.02711051889975
10,-130.0,-16.77412478562432,65.02706275889813
10,-130.0,-16.774209129971993,65.02698311854722
10,-130.0,-16.77429632697385,65.0269280805662
10,-130.0,-16.774467868323377,65.02688637351508
10,-130.0,-16.774639409672908,65.02685690250294
10,-130.0,-16.774810951022435,65.02685690250294
10,-130.0,-16.77498249237196,65.02683265696017
10,-130.0,-16.775078948064923,65.02681117565237
10,-130.0,-16.775154033721492,65.02679361377363
10,-130.0,-16.77532557507102,65.02671583210474
10,-130.0,-16.7754645813178,65.02663923275752
10,-130.0,-16.77549711642055,65.02651495796677
10,-130.0,-16.775668657770076,65.02651495796677
10,-130.0,-16.775679680464236,65.02646728986265
10,-130.0,-16.775668657770076,65.02644196710922
10,-130.0,-16.77560531461216,65.0262953469678
10,-130.0,-16.775585739086793,65.02612340407295
10,-130.0,-16.775499055601696,65.02595146117808
10,-130.0,-16.77549711642055,65.02594988054388
10,-130.0,-16.775362898123216,65.02577951828323
10,-130.0,-16.77532557507102,65.02574307936372
10,-130.0,-16.775154033721492,65.02570014547305
10,-130.0,-16.77511426838272,65.02560757538838
10,-130.0,-16.77498249237196,65.02546623588553
10,-130.0,-16.774954698103407,65.02543563249351
10,-130.0,-16.774810951022435,65.02528146498759
10,-130.0,-16.77479210901035,65.02526368959866
10,-130.0,-16.774639409672908,65.02511997379574
10,-130.0,-16.77460201310516,65.02509174670381
10,-130.0,-16.774467868323377,65.02501198755463
10,-130.0,-16.77429632697385,65.02493743046158
10,-130.0,-16.77424594641265,65.02491980380894
10,-130.0,-16.77412478562432,65.02487015999502
10,-130.0,-16.773953244274793,65.02487015999502
10,-130.0,-16.773781702925262,65.02479096420382
10,-130.0,-16.773706210449713,65.02474786091409
10,-130.0,-16.773610161575736,65.02464573571275
10,-130.0,-16.77353656557333,65.02457591801924
10,-130.0,-16.773438620226205,65.02448109054853
10,-130.0,-16.773348892205313,65.02440397512437
10,-130.0,-16.77326707887668,65.02429277345585
10,-130.0,-16.773227974639127,65.02423203222952
10,-130.0,-16.773095537527148,65.02412912077128
10,-130.0,-16.773019578852,65.02406008933467
10,-130.0,-16.77292399617762,65.02392645332226
10,-130.0,-16.772752454828094,65.02392645332226
10,-130.0,-16.772729954789796,65.0238881464398
10,-130.0,-16.77262703782452,65.02371620354495
10,-130.0,-16.772580913478564,65.0236641406342
10,-130.0,-16.772472187085356,65.0235442606501
10,-130.0,-16.772409372129037,65.02349456024221
10,-130.0,-16.77225349135244,65.02337231775523
10,-130.0,-16.772237830779506,65.02336528125464
10,-130.0,-16.77206628942998,65.02329471374502
10,-130.0,-16.77189474808045,65.02321773308762
10,-130.0,-16.7718517881517,65.02320037486038
10,-130.0,-16.771723206730922,65.02315684452026
10,-130.0,-16.77155166538139,65.02315684452026
10,-130.0,-16.771397668467074,65.02302843196553
10,-130.0,-16.771380124031865,65.0230127844756
10,-130.0,-16.771208582682334,65.02296154518552
10,-130.0,-16.771037041332807,65.02290543037613
10,-130.0,-16.770894795719997,65.02285648907066
10,-130.0,-16.77086549998328,65.02284753520011
10,-130.0,-16.77069395863375,65.0228432881458
10,-130.0,-16.770522417284223,65.02280397093907
10,-130.0,-16.770350875934696,65.02276933793283
10,-130.0,-16.770179334585166,65.02274491218888
10,-130.0,-16.770007793235635,65.02272693387597
10,-130.0,-16.769836251886108,65.02270401966678
10,-130.0,-16.769664710536578,65.02270401966678
10,-130.0,-16.769577667872365,65.02268454617581
10,-130.0,-16.76949316918705,65.02266207225006
10,-130.0,-16.76932162783752,65.02260444307413
10,-130.0,-16.769150086487993,65.02253358824814
10,-130.0,-16.76910477569026,65.02251260328096
10,-130.0,-16.768978545138467,65.02245882877136
10,-130.0,-16.768807003788936,65.02239337234525
10,-130.0,-16.768635462439413,65.02239337234525
10,-130.0,-16.768485068619224,65.02234066038609
10,-130.0,-16.76846392108988,65.02233374735991
10,-130.0,-16.768292379740352,65.0222828086266
10,-130.0,-16.768140549095225,65.02216871749124
10,-130.0,-16.76812083839082,65.02215185183694
10,-130.0,-16.767949297041294,65.02212222215044
10,-130.0,-16.767777755691764,65.02211797341646
10,-130.0,-16.767606214342237,65.02211494938305
10,-130.0,-16.767434672992707,65.02212249498751
10,-130.0,-16.76726313164318,65.02213757497157
10,-130.0,-16.767091590293653,65.02215958442363
10,-130.0,-16.76702236061955,65.02216871749124
10,-130.0,-16.766920048944122,65.02218127225352
10,-130.0,-16.766748507594595,65.02218233717939
10,-130.0,-16.766576966245065,65.02221858298378
10,-130.0,-16.766405424895538,65.02225337541941
10,-130.0,-16.766233883546008,65.02227233062004
10,-130.0,-16.76606234219648,65.02227477057687
10,-130.0,-16.76589080084695,65.02228040046923
10,-130.0,-16.765719259497423,65.02227509832629
10,-130.0,-16.765547718147893,65.02224299110466
10,-130.0,-16.765384133101406,65.02216871749124
10,-130.0,-16.765376176798366,65.02216540455014
10,-130.0,-16.76520463544884,65.02206007204914
10,-130.0,-16.76503309409931,65.02206007204914
10,-130.0,-16.764956919435733,65.02199677459639
10,-130.0,-16.76486155274978,65.02194463295622
10,-130.0,-16.76469001140025,65.02186957482009
10,-130.0,-16.76455314713453,65.02182483170152
10,-130.0,-16.764518470050724,65.0218153655588
10,-130.0,-16.764346928701194,65.02177721939042
10,-130.0,-16.764175387351667,65.02173968922177
10,-130.0,-16.764003846002137,65.02173968922177
10,-130.0,-16.76383230465261,65.02169042073254
10,-130.0,-16.763783878105166,65.02165288880667
10,-130.0,-16.76366076330308,65.02155342339991
10,-130.0,-16.763489221953552,65.02149819244858
10,-130.0,-16.763417971149682,65.02148094591182
10,-130.0,-16.763317680604025,65.02146057100083
10,-130.0,-16.763146139254495,65.02142650762292
10,-130.0,-16.762974597904968,65.02142650762292
10,-130.0,-16.762803056555438,65.0214030431484
10,-130.0,-16.76263151520591,65.02138691035579
10,-130.0,-16.76245997385638,65.02137605329659
10,-130.0,-16.762288432506853,65.02137870473446
10,-130.0,-16.762116891157323,65.02137870473446
10,-130.0,-16.761945349807796,65.02139391570272
10,-130.0,-16.761773808458265,65.0214121578027
10,-130.0,-16.76160226710874,65.02142848987626
10,-130.0,-16.76143072575921,65.02144919318954
10,-130.0,-16.76125918440968,65.02144919318954
10,-130.0,-16.761087643060154,65.02145966655223
10,-130.0,-16.760916101710624,65.02146814019953
10,-130.0,-16.760808255843124,65.02148094591182
10,-130.0,-16.760744560361097,65.02148904823639
10,-130.0,-16.760573019011566,65.02154170135333
10,-130.0,-16.76040147766204,65.02154170135333
10,-130.0,-16.76022993631251,65.02164468068256
10,-130.0,-16.76021848451902,65.02165288880667
10,-130.0,-16.760058394962982,65.02170830025304
10,-130.0,-16.75988685361345,65.02174785806278
10,-130.0,-16.759715312263925,65.0217648019205
10,-130.0,-16.759543770914398,65.0217648019205
10,-130.0,-16.759372229564867,65.02176670645544
10,-130.0,-16.75920068821534,65.02176599018341
10,-130.0,-16.75902914686581,65.02176610705098
10,-130.0,-16.758857605516283,65.02177567035757
10,-130.0,-16.758686064166753,65.02177567035757
10,-130.0,-16.758514522817226,65.0218074186295
10,-130.0,-16.758434863294912,65.02182483170152
10,-130.0,-16.758342981467695,65.02184523830142
10,-130.0,-16.75817144011817,65.02187442264257
10,-130.0,-16.757999898768638,65.02188898836226
10,-130.0,-16.75782835741911,65.02188898836226
10,-130.0,-16.757656816069584,65.02186102514726
10,-130.0,-16.75755280509574,65.02182483170152
10,-130.0,-16.757485274720054,65.02176317259705
10,-130.0,-16.757361400397087,65.02165288880667
10,-130.0,-16.757313733370527,65.02162848022198
10,-130.0,-16.757142192021,65.02156132742972
10,-130.0,-16.75697065067147,65.0215038662991
10,-130.0,-16.75679910932194,65.0215038662991
10,-130.0,-16.756728853888582,65.0214809459118
10,-130.0,-16.756627567972412,65.02143324827139
10,-130.0,-16.75645602662288,65.02135620602746
10,-130.0,-16.75635026493149,65.02130900301695
10,-130.0,-16.756284485273355,65.02128385792223
10,-130.0,-16.756112943923824,65.02121535455899
10,-130.0,-16.755941402574297,65.02114213906181
10,-130.0,-16.75576986122477,65.02114213906181
10,-130.0,-16.755757581348526,65.0211370601221
10,-130.0,-16.75559831987524,65.02107737876705
10,-130.0,-16.755426778525713,65.02101879040009
10,-130.0,-16.755255237176183,65.02096895184958
10,-130.0,-16.755241023588376,65.02096511722725
10,-130.0,-16.755083695826656,65.02093004335687
10,-130.0,-16.754912154477125,65.0209189441901
10,-130.0,-16.7547406131276,65.02089189143032
10,-130.0,-16.754569071778068,65.02085815193331
10,-130.0,-16.75447564156604,65.02079317433238
10,-130.0,-16.75439753042854,65.02074247356389
10,-130.0,-16.75422598907901,65.0207141007724
10,-130.0,-16.754054447729484,65.02068132091188
10,-130.0,-16.753882906379957,65.02068132091188
10,-130.0,-16.753711365030426,65.02064866358184
10,-130.0,-16.753570124247638,65.02062123143753
10,-130.0,-16.7535398236809,65.02061615939172
10,-130.0,-16.75336828233137,65.02059113866186
10,-130.0,-16.753196740981842,65.02057104752612
10,-130.0,-16.75302519963231,65.02056547804997
10,-130.0,-16.752853658282785,65.0205519779104
10,-130.0,-16.752682116933254,65.02053601084327
10,-130.0,-16.752510575583727,65.02052086627654
10,-130.0,-16.752339034234197,65.02050808590238
10,-130.0,-16.75216749288467,65.02049678609097
10,-130.0,-16.751995951535143,65.02049678609097
10,-130.0,-16.751824410185613,65.02048252142566
10,-130.0,-16.751652868836086,65.02046774443761
10,-130.0,-16.751481327486555,65.02045719853552
10,-130.0,-16.75130978613703,65.02046245491296
10,-130.0,-16.751138244787498,65.02046245491296
10,-130.0,-16.75096670343797,65.02051211065594
10,-130.0,-16.75079516208844,65.02060832999493
10,-130.0,-16.750776327778038,65.02062123143753
10,-130.0,-16.750623620738914,65.02078542540426
10,-130.0,-16.750616836815308,65.02079317433238
10,-130.0,-16.750452079389383,65.02090030893179
10,-130.0,-16.750348161812884,65.02096511722725
10,-130.0,-16.750280538039856,65.0210809743273
10,-130.0,-16.750239632876834,65.0211370601221
10,-130.0,-16.75010899669033,65.02126295338049
10,-130.0,-16.75005919414423,65.02130900301695
10,-130.0,-16.7499374553408,65.02140894339763
10,-130.0,-16.749765913991272,65.02144051340844
10,-130.0,-16.749679058462064,65.0214809459118
10,-130.0,-16.74959437264174,65.02154393068852
10,-130.0,-16.749462307360332,65.02165288880667
10,-130.0,-16.749422831292215,65.02167957552948
10,-130.0,-16.749251289942684,65.02180506906035
10,-130.0,-16.749226754475696,65.02182483170152
10,-130.0,-16.749079748593157,65.02195666510283
10,-130.0,-16.748908207243627,65.02195666510283
10,-130.0,-16.748868138446976,65.02199677459639
10,-130.0,-16.748753166609532,65.02216871749124
10,-130.0,-16.7487366658941,65.02219987621287
10,-130.0,-16.74866858767154,65.02234066038609
10,-130.0,-16.748583696728765,65.02251260328096
10,-130.0,-16.74856512454457,65.02257381874591
10,-130.0,-16.748393583195043,65.0226252866122
10,-130.0,-16.74830166195949,65.02268454617581
10,-130.0,-16.74822256952387,65.02285648907066
10,-130.0,-16.748222041845516,65.02285692200687
10,-130.0,-16.748050500495985,65.02299516738557
10,-130.0,-16.748009511046337,65.02302843196553
10,-130.0,-16.74787895914646,65.02311534053736
10,-130.0,-16.747707417796928,65.02315015173139
10,-130.0,-16.74757782640086,65.02320037486038
10,-130.0,-16.7475358764474,65.02322550444507
10,-130.0,-16.74736433509787,65.02332371773697
10,-130.0,-16.74727652849778,65.02337231775522
10,-130.0,-16.747192793748344,65.02342167607759
10,-130.0,-16.747021252398813,65.02351596932039
10,-130.0,-16.746849711049286,65.02351596932039
10,-130.0,-16.74679509565238,65.0235442606501
10,-130.0,-16.746678169699756,65.02360575326765
10,-130.0,-16.74650662835023,65.02368944226365
10,-130.0,-16.74644881164987,65.02371620354495
10,-130.0,-16.746335087000702,65.02376809150451
10,-130.0,-16.74616354565117,65.02380543496163
10,-130.0,-16.745992004301645,65.02384238903282
10,-130.0,-16.745880125435008,65.0238881464398
10,-130.0,-16.745820462952114,65.02391188161258
10,-130.0,-16.745648921602587,65.02397742931282
10,-130.0,-16.745477380253057,65.02404033633235
10,-130.0,-16.74530583890353,65.02404566755814
10,-130.0,-16.745249080710327,65.02406008933467
10,-130.0,-16.745134297554,65.02410172862535
10,-130.0,-16.744962756204472,65.02416000899314
10,-130.0,-16.744791214854942,65.02421607888724
10,-130.0,-16.744741450011194,65.02423203222952
10,-130.0,-16.744619673505415,65.02427223867566
10,-130.0,-16.74444813215589,65.02427223867566
10,-130.0,-16.744276590806358,65.02432519657393
10,-130.0,-16.74410504945683,65.02437282606094
10,-130.0,-16.743977683776542,65.02440397512437
10,-130.0,-16.7439335081073,65.02441503145893
10,-130.0,-16.743761966757774,65.02445309893
10,-130.0,-16.743590425408243,65.02445309893
10,-130.0,-16.743418884058716,65.02448649715257
10,-130.0,-16.743247342709186,65.0245192239199
10,-130.0,-16.74307580135966,65.02455801321948
10,-130.0,-16.743001513635697,65.02457591801924
10,-130.0,-16.74290426001013,65.02459548134581
10,-130.0,-16.7427327186606,65.02459972059653
10,-130.0,-16.742561177311075,65.02464476121239
10,-130.0,-16.742389635961544,65.02462677670331
10,-130.0,-16.742218094612017,65.0247047792318
10,-130.0,-16.74211897468226,65.02474786091409
10,-130.0,-16.742046553262487,65.02476104252985
10,-130.0,-16.742014729189524,65.02474786091409
10,-130.0,-16.74187501191296,65.02467811273291
10,-130.0,-16.74170347056343,65.02471773921854
10,-130.0,-16.74158652134604,65.02474786091409
10,-130.0,-16.741531929213902,65.02477688523328
10,-130.0,-16.741360387864372,65.02486813628589
10,-130.0,-16.741188846514845,65.02483259732747
10,-130.0,-16.741017305165315,65.0248578614017
10,-130.0,-16.74084593062075,65.02491980380894
10,-130.0,-16.740845763815788,65.02491994276157
10,-130.0,-16.74067422246626,65.02503181761841
10,-130.0,-16.740613079385657,65.02509174670381
10,-130.0,-16.740560562993632,65.02526368959866
10,-130.0,-16.74050268111673,65.02530421261845
10,-130.0,-16.740331139767203,65.02543373380821
10,-130.0,-16.740330562690648,65.02543563249351
10,-130.0,-16.740254722284565,65.02560757538838
10,-130.0,-16.740159598417673,65.02571689418781
10,-130.0,-16.740093388036364,65.02577951828323
10,-130.0,-16.739988057068146,65.02584553904403
10,-130.0,-16.739816515718616,65.0259097259136
10,-130.0,-16.73964497436909,65.0259097259136
10,-130.0,-16.73947343301956,65.0259343723737
10,-130.0,-16.73930189167003,65.02593887589113
10,-130.0,-16.7391303503205,65.02593572224693
10,-130.0,-16.738958808970974,65.02592448536282
10,-130.0,-16.738787267621447,65.02592448536282
10,-130.0,-16.738615726271917,65.02590584001186
10,-130.0,-16.73844418492239,65.02581066129223
10,-130.0,-16.738357348973906,65.02577951828323
10,-130.0,-16.73827264357286,65.02576284560156
10,-130.0,-16.738101102223332,65.0257266166168
10,-130.0,-16.737929560873802,65.02570955803445
10,-130.0,-16.737758019524275,65.02568728688118
10,-130.0,-16.737586478174745,65.02564773396334
10,-130.0,-16.737414936825214,65.02560971293144
10,-130.0,-16.737404823551458,65.02560757538838
10,-130.0,-16.737243395475687,65.02557280627032
10,-130.0,-16.73707185412616,65.02553475822238
10,-130.0,-16.736900312776633,65.02553475822238
10,-130.0,-16.736728771427103,65.02549117647483
10,-130.0,-16.736557230077576,65.02544003090605
10,-130.0,-16.736544885770854,65.02543563249351
10,-130.0,-16.736385688728046,65.0253694608866
10,-130.0,-16.73621414737852,65.02528581075563
10,-130.0,-16.73617459645505,65.02526368959866
10,-130.0,-16.736042606028988,65.02518224646546
10,-130.0,-16.73587106467946,65.02518224646546
10,-130.0,-16.73572873298758,65.02509174670381
10,-130.0,-16.73569952332993,65.02507323856706
10,-130.0,-16.735527981980404,65.02497172405873
10,-130.0,-16.7354322747154,65.02491980380894
10,-130.0,-16.735356440630873,65.02483650637232
10,-130.0,-16.73524891515823,65.02474786091409
10,-130.0,-16.735184899281347,65.02471948447949
10,-130.0,-16.73501335793182,65.0246579162079
10,-130.0,-16.73484181658229,65.0246579162079
10,-130.0,-16.734670275232762,65.02460607266602
10,-130.0,-16.734541318598236,65.02457591801924
10,-130.0,-16.734498733883232,65.02456511053092
10,-130.0,-16.734327192533705,65.02452211020596
10,-130.0,-16.734155651184174,65.0244811787881
10,-130.0,-16.733984109834648,65.02444601775402
10,-130.0,-16.733812568485117,65.02444601775402
10,-130.0,-16.73364102713559,65.02441215712162
10,-130.0,-16.73359215030084,65.02440397512437
10,-130.0,-16.73346948578606,65.02438228273579
10,-130.0,-16.733297944436533,65.02435145649554
10,-130.0,-16.733126403087006,65.02432805095884
10,-130.0,-16.732954861737475,65.02432805095884
10,-130.0,-16.73278332038795,65.02430780139967
10,-130.0,-16.73261177903842,65.02429005923544
10,-130.0,-16.73244023768889,65.02427659610572
10,-130.0,-16.73226869633936,65.02426372214403
10,-130.0,-16.732097154989834,65.02425422663556
10,-130.0,-16.731925613640303,65.0242534538298
10,-130.0,-16.731754072290776,65.0242447332304
10,-130.0,-16.731582530941246,65.02423443705491
10,-130.0,-16.731578333916705,65.02423203222952
10,-130.0,-16.73141098959172,65.0241366057168
10,-130.0,-16.731239448242192,65.02412013258281
10,-130.0,-16.73106790689266,65.02412013258281
10,-130.0,-16.730896365543135,65.0241042763021
10,-130.0,-16.730724824193604,65.02408558956259
10,-130.0,-16.730553282844078,65.02406353139975
10,-130.0,-16.730529997102856,65.02406008933467
10,-130.0,-16.730381741494547,65.02403860117882
10,-130.0,-16.73021020014502,65.02403300729603
10,-130.0,-16.73003865879549,65.02400671270061
10,-130.0,-16.729867117445963,65.02397006873318
10,-130.0,-16.729695576096432,65.02392730983229
10,-130.0,-16.72956122756629,65.0238881464398
10,-130.0,-16.729524034746905,65.02387786753894
10,-130.0,-16.72935249339738,65.02382681435535
10,-130.0,-16.729180952047848,65.02382681435535
10,-130.0,-16.72900941069832,65.02377126626554
10,-130.0,-16.728851113635095,65.02371620354495
10,-130.0,-16.72883786934879,65.02371146037973
10,-130.0,-16.728666327999264,65.02364767612858
10,-130.0,-16.728494786649733,65.02357654683492
10,-130.0,-16.728424842724152,65.0235442606501
10,-130.0,-16.728323245300206,65.02344248131155
10,-130.0,-16.728151703950672,65.02344248131155
10,-130.0,-16.728085189172702,65.02337231775523
10,-130.0,-16.72798016260115,65.02330913576478
10,-130.0,-16.727810510589133,65.02320037486038
10,-130.0,-16.727808621251622,65.02319911420496
10,-130.0,-16.72763707990209,65.02307886392737
10,-130.0,-16.727567120341128,65.02302843196553
10,-130.0,-16.727465538552565,65.02294487474485
10,-130.0,-16.727367986153844,65.02285648907066
10,-130.0,-16.727293997203034,65.0227825171107
10,-130.0,-16.727191656784456,65.02268454617581
10,-130.0,-16.727122455853507,65.02262136479514
10,-130.0,-16.726950914503977,65.02262136479514
10,-130.0,-16.726847892597732,65.02251260328096
10,-130.0,-16.72677937315445,65.0224548659086
10,-130.0,-16.726648003313187,65.02234066038609
10,-130.0,-16.72660783180492,65.02230746431323
10,-130.0,-16.726436290455393,65.02217881923674
10,-130.0,-16.726425264941312,65.02216871749124
10,-130.0,-16.726332712914086,65.02199677459639
10,-130.0,-16.726264749105862,65.02195494774826
10,-130.0,-16.726093207756335,65.02188213831667
10,-130.0,-16.725939585179024,65.02182483170152
10,-130.0,-16.72592166640681,65.02181540542354
10,-130.0,-16.725750125057278,65.02181540542354
10,-130.0,-16.72557858370775,65.02172956190196
10,-130.0,-16.72540704235822,65.0216618225526
10,-130.0,-16.7253862792987,65.02165288880667
10,-130.0,-16.725388319726417,65.02148094591182
10,-130.0,-16.72540704235822,65.0214301495873
10,-130.0,-16.725449460015152,65.02130900301695
10,-130.0,-16.72552050305336,65.0211370601221
10,-130.0,-16.72557858370775,65.02102752116987
10,-130.0,-16.725750125057278,65.02102752116987
10,-130.0,-16.72577875809325,65.02096511722725
10,-130.0,-16.725844246679056,65.02079317433238
10,-130.0,-16.725859505366152,65.02062123143753
10,-130.0,-16.725790967133207,65.02044928854268
10,-130.0,-16.725750125057278,65.02034266541172
10,-130.0,-16.725720117122503,65.02027734564781
10,-130.0,-16.72557858370775,65.0201390042216
10,-130.0,-16.725527187727423,65.02010540275296
10,-130.0,-16.72540704235822,65.02002640147157
10,-130.0,-16.725244673407794,65.01993345985811
10,-130.0,-16.725235501008694,65.01992798191375
10,-130.0,-16.725063959659163,65.01992798191375
10,-130.0,-16.724892418309636,65.01984004946797
10,-130.0,-16.724729085502698,65.01976151696324
10,-130.0,-16.724720876960106,65.0197575335691
10,-130.0,-16.72454933561058,65.01968928544707
10,-130.0,-16.724377794261052,65.01963376429063
10,-130.0,-16.72420625291152,65.01963376429063
10,-130.0,-16.724034711561995,65.01959377965595
10,-130.0,-16.72400218920203,65.01958957406839
10,-130.0,-16.723863170212464,65.0195756814958
10,-130.0,-16.723691628862937,65.01957212937211
10,-130.0,-16.723520087513407,65.01957994843795
10,-130.0,-16.723424112610456,65.01958957406839
10,-130.0,-16.72334854616388,65.01959883417842
10,-130.0,-16.72317700481435,65.01960014764957
10,-130.0,-16.723005463464823,65.01963531257243
10,-130.0,-16.722833922115292,65.01967955487784
10,-130.0,-16.722662380765765,65.01973117708388
10,-130.0,-16.722490839416235,65.01972322561193
10,-130.0,-16.722400815961194,65.01976151696323
10,-130.0,-16.722319298066708,65.01980228188337
10,-130.0,-16.72214775671718,65.01989483581188
10,-130.0,-16.72208000618608,65.01993345985811
10,-130.0,-16.72197621536765,65.02002035807448
10,-130.0,-16.721877285790843,65.02010540275296
10,-130.0,-16.721804674018124,65.02018700881082
10,-130.0,-16.721633132668593,65.02018700881082
10,-130.0,-16.7215530926684,65.02027734564781
10,-130.0,-16.721461591319066,65.02038066111729
10,-130.0,-16.721399741328835,65.02044928854268
10,-130.0,-16.721290049969536,65.02054195042793
10,-130.0,-16.721192773269483,65.02062123143753
10,-130.0,-16.72111850862001,65.0206615037467
10,-130.0,-16.72094696727048,65.0206615037467
10,-130.0,-16.72077542592095,65.02075152750827
10,-130.0,-16.720692053439393,65.02079317433238
10,-130.0,-16.72060388457142,65.0208235314819
10,-130.0,-16.720432343221894,65.02088141119086
10,-130.0,-16.720260801872367,65.02093927022734
10,-130.0,-16.720089260522837,65.02093927022734
10,-130.0,-16.72001587366781,65.02096511722725
10,-130.0,-16.71991771917331,65.0209916893851
10,-130.0,-16.71974617782378,65.02104293203546
10,-130.0,-16.719574636474253,65.0211004073542
10,-130.0,-16.719403095124722,65.02110965113815
10,-130.0,-16.71930399513509,65.0211370601221
10,-130.0,-16.719231553775195,65.02115872314312
10,-130.0,-16.719060012425665,65.02121450912668
10,-130.0,-16.718888471076138,65.02127675644269
10,-130.0,-16.718805162048763,65.02130900301695
10,-130.0,-16.718716929726607,65.02133683835443
10,-130.0,-16.71854538837708,65.02133683835443
10,-130.0,-16.718373847027554,65.0213930862741
10,-130.0,-16.718202305678023,65.02145198435126
10,-130.0,-16.718119087883537,65.02148094591182
10,-130.0,-16.718030764328496,65.02150776450688
10,-130.0,-16.717859222978966,65.02156191854493
10,-130.0,-16.71768768162944,65.02156191854493
10,-130.0,-16.71751614027991,65.02162217174931
10,-130.0,-16.717440097665953,65.02165288880667
10,-130.0,-16.71734459893038,65.02169267752153
10,-130.0,-16.71717305758085,65.02176818276224
10,-130.0,-16.717001516231324,65.02178499690226
10,-130.0,-16.71687589205639,65.02182483170152
10,-130.0,-16.716829974881794,65.02184507010318
10,-130.0,-16.716658433532267,65.02191983739056
10,-130.0,-16.71648689218274,65.02199400877771
10,-130.0,-16.716479866901967,65.02199677459639
10,-130.0,-16.71631535083321,65.02206085226358
10,-130.0,-16.716143809483683,65.02206085226358
10,-130.0,-16.715972268134152,65.02211810113516
10,-130.0,-16.715800726784625,65.02216745429797
10,-130.0,-16.715796298536095,65.02216871749124
10,-130.0,-16.715629185435095,65.02222143280139
10,-130.0,-16.715457644085568,65.02227471283572
10,-130.0,-16.715286102736037,65.02227471283572
10,-130.0,-16.715121765359395,65.02234066038609
10,-130.0,-16.71511456138651,65.02234501191074
10,-130.0,-16.71494302003698,65.02244867080788
10,-130.0,-16.714861570738414,65.02251260328096
10,-130.0,-16.714771478687453,65.02257986620575
10,-130.0,-16.714599937337926,65.02262006096524
10,-130.0,-16.714459085428107,65.02268454617581
10,-130.0,-16.714428395988396,65.02271041714546
10,-130.0,-16.714260170153388,65.02285648907066
10,-130.0,-16.71425685463887,65.02285901902997
10,-130.0,-16.71408531328934,65.02299815907872
10,-130.0,-16.71404794545991,65.02302843196553
10,-130.0,-16.71391377193981,65.02307590138615
10,-130.0,-16.71374223059028,65.02310387610832
10,-130.0,-16.713591860665566,65.02320037486038
10,-130.0,-16.713570689240754,65.0232138389068
10,-130.0,-16.713399147891224,65.02332448584802
10,-130.0,-16.71333071421275,65.02337231775523
10,-130.0,-16.713227606541697,65.02344478014687
10,-130.0,-16.713056065192166,65.02344478014687
10,-130.0,-16.7129229398674,65.0235442606501
10,-130.0,-16.71288452384264,65.02357489081452
10,-130.0,-16.71272058046059,65.02371620354495
10,-130.0,-16.712712982493112,65.02372362144351
10,-130.0,-16.71254964264542,65.0238881464398
10,-130.0,-16.712541441143582,65.02389805257832
10,-130.0,-16.712369899794055,65.02389805257832
10,-130.0,-16.712232409357256,65.02406008933467
10,-130.0,-16.712198358444525,65.02410829513389
10,-130.0,-16.712109607764134,65.02423203222952
10,-130.0,-16.712026817094998,65.02436809717734
10,-130.0,-16.71200332830345,65.02440397512437
10,-130.0,-16.711855275745467,65.02455964088531
10,-130.0,-16.71168373439594,65.02455964088531
10,-130.0,-16.71166542199948,65.02457591801924
10,-130.0,-16.71151219304641,65.02471516206998
10,-130.0,-16.711468812348354,65.02474786091409
10,-130.0,-16.711340651696883,65.02482472925418
10,-130.0,-16.711170282267247,65.02491980380896
10,-130.0,-16.711169110347353,65.02492141609864
10,-130.0,-16.710997568997826,65.02492141609864
10,-130.0,-16.710902750783532,65.02509174670381
10,-130.0,-16.71095027829523,65.02526368959866
10,-130.0,-16.71096738579633,65.02543563249351
10,-130.0,-16.7108260276483,65.02556008072969
10,-130.0,-16.71076183051621,65.02560757538838
10,-130.0,-16.71065448629877,65.02565617445384
10,-130.0,-16.71048294494924,65.02571752071543
10,-130.0,-16.71031140359971,65.02571752071543
10,-130.0,-16.710139862250184,65.02575856800921
10,-130.0,-16.71002676487992,65.02577951828323
10,-130.0,-16.709968320900654,65.02579289226203
10,-130.0,-16.709796779551127,65.02583736828562
10,-130.0,-16.709625238201596,65.0259047933135
10,-130.0,-16.70945369685207,65.0259047933135
10,-130.0,-16.70938673243032,65.02595146117808
10,-130.0,-16.70928215550254,65.02610393087144
10,-130.0,-16.70927228404517,65.02612340407295
10,-130.0,-16.709261010944438,65.0262953469678
10,-130.0,-16.709265211945834,65.02646728986265
10,-130.0,-16.709255441654147,65.02663923275752
10,-130.0,-16.709253250797502,65.02681117565237
10,-130.0,-16.70928215550254,65.02691430023351
10,-130.0,-16.70930354335401,65.02698311854722
10,-130.0,-16.70937447177124,65.02715506144209
10,-130.0,-16.709371394389514,65.02732700433694
10,-130.0,-16.709337234292345,65.02749894723178
10,-130.0,-16.70928215550254,65.0275569514309
10,-130.0,-16.709178386764496,65.02767089012666
10,-130.0,-16.70925699017039,65.02784283302151
10,-130.0,-16.70928215550254,65.02787125321602
10,-130.0,-16.70945369685207,65.02787125321602
10,-130.0,-16.709590442823767,65.02801477591636
10,-130.0,-16.709625238201596,65.02804285340828
10,-130.0,-16.709796779551127,65.02817465133747
10,-130.0,-16.70981322792755,65.02818671881123
10,-130.0,-16.709968320900654,65.02828525864527
10,-130.0,-16.710084904672048,65.02835866170608
10,-130.0,-16.710139862250184,65.02839539838234
10,-130.0,-16.71030243511611,65.02853060460093
10,-130.0,-16.71031140359971,65.02857062669635
10,-130.0,-16.710332878288316,65.0287025474958
10,-130.0,-16.71031140359971,65.02879905193242
10,-130.0,-16.7102956449766,65.02887449039065
10,-130.0,-16.710299369940874,65.0290464332855
10,-130.0,-16.71031140359971,65.0291953677197
10,-130.0,-16.710313204029344,65.02921837618037
10,-130.0,-16.710340508745887,65.02939031907522
10,-130.0,-16.71038999768674,65.02956226197007
10,-130.0,-16.71044310810567,65.02973420486494
10,-130.0,-16.71048294494924,65.02987906071638
10,-130.0,-16.710490034846668,65.02990614775979
10,-130.0,-16.710539309318534,65.03007809065464
10,-130.0,-16.710609680671805,65.0302500335495
10,-130.0,-16.71065448629877,65.03031734610678
10,-130.0,-16.710734171773954,65.03042197644436
10,-130.0,-16.7108260276483,65.03046628194213
10,-130.0,-16.710997568997826,65.03053261476146
10,-130.0,-16.71116779336787,65.03059391933921
10,-130.0,-16.711169110347353,65.03059430742137
10,-130.0,-16.711340651696883,65.03059470720386
10,-130.0,-16.71151219304641,65.03072481670112
10,-130.0,-16.711549734501983,65.03076586223408
10,-130.0,-16.71168373439594,65.03086251502042
10,-130.0,-16.711772237587777,65.03093780512893
10,-130.0,-16.711855275745467,65.03100634542531
10,-130.0,-16.71198381995601,65.03110974802378
10,-130.0,-16.712026817094998,65.03114747889572
10,-130.0,-16.71216995083213,65.03128169091865
10,-130.0,-16.712198358444525,65.0313238941946
10,-130.0,-16.712264339439557,65.0314536338135
10,-130.0,-16.712296627590455,65.03162557670835
10,-130.0,-16.712316798131326,65.03179751960322
10,-130.0,-16.712369899794055,65.03196548354212
10,-130.0,-16.71237133600353,65.03196946249807
10,-130.0,-16.712490681231383,65.03214140539292
10,-130.0,-16.712541441143586,65.03225335517953
10,-130.0,-16.71257122043035,65.03231334828779
10,-130.0,-16.712712982493112,65.03246172079456
10,-130.0,-16.71288452384264,65.03246172079456
10,-130.0,-16.712907714313477,65.03248529118264
10,-130.0,-16.713028658223628,65.03265723407749
10,-130.0,-16.713056065192166,65.03270302898898
10,-130.0,-16.71313782222768,65.03282917697236
10,-130.0,-16.7132276065417,65.03295585343103
10,-130.0,-16.713262688673908,65.03300111986721
10,-130.0,-16.713382417377833,65.03317306276206
10,-130.0,-16.713399147891224,65.03319517535046
10,-130.0,-16.713522065369084,65.03334500565693
10,-130.0,-16.713570689240754,65.0333942933909
10,-130.0,-16.713688737661883,65.03351694855178
10,-130.0,-16.71374223059028,65.03355898018324
10,-130.0,-16.713889494563208,65.03368889144663
10,-130.0,-16.71391377193981,65.03373512070759
10,-130.0,-16.713979731409996,65.0338608343415
10,-130.0,-16.71408531328934,65.0340167923983
10,-130.0,-16.71425685463887,65.0340167923983
10,-130.0,-16.71426737497441,65.03403277723635
10,-130.0,-16.71425685463887,65.03405253142878
10,-130.0,-16.714176937401643,65.0342047201312
10,-130.0,-16.71425685463887,65.03436420943186
10,-130.0,-16.714428395988396,65.03436420943186
10,-130.0,-16.714434831019744,65.03437666302607
10,-130.0,-16.714428395988396,65.03439340929148
10,-130.0,-16.714369101996326,65.03454860592092
10,-130.0,-16.714428395988396,65.03462874765991
10,-130.0,-16.714599937337926,65.03462874765991
10,-130.0,-16.714666200676426,65.03472054881577
10,-130.0,-16.714771478687453,65.03484121520573
10,-130.0,-16.714820410154367,65.03489249171064
10,-130.0,-16.71494302003698,65.0349947867918
10,-130.0,-16.71503821424631,65.03506443460549
10,-130.0,-16.71511456138651,65.03517037236426
10,-130.0,-16.715163225184487,65.03523637750035
10,-130.0,-16.715286102736037,65.03531673477201
10,-130.0,-16.715435057036323,65.0354083203952
10,-130.0,-16.715457644085568,65.03542100445269
10,-130.0,-16.715629185435095,65.03551013226246
10,-130.0,-16.71580072678462,65.03551013226246
10,-130.0,-16.715955751294608,65.03558026329006
10,-130.0,-16.715972268134152,65.03558676293628
10,-130.0,-16.716143809483683,65.03565188243061
10,-130.0,-16.716315350833206,65.03572500093182
10,-130.0,-16.716378968466344,65.03575220618491
10,-130.0,-16.71648689218274,65.03579950399514
10,-130.0,-16.716658433532267,65.03583633427048
10,-130.0,-16.716829974881794,65.03587440146296
10,-130.0,-16.716951784377166,65.03592414907978
10,-130.0,-16.717001516231324,65.03594795203878
10,-130.0,-16.71717305758085,65.03602806559539
10,-130.0,-16.717328312916123,65.03609609197463
10,-130.0,-16.71734459893038,65.03610336702299
10,-130.0,-16.71751614027991,65.03617210808949
10,-130.0,-16.717629857414508,65.03626803486948
10,-130.0,-16.71768768162944,65.0363145632654
10,-130.0,-16.717859222978966,65.0363145632654
10,-130.0,-16.718030764328496,65.03636345367326
10,-130.0,-16.718202305678023,65.03640421783071
10,-130.0,-16.718373847027554,65.03643594223536
10,-130.0,-16.7184022684541,65.03643997776435
10,-130.0,-16.71854538837708,65.03646118648315
10,-130.0,-16.718716929726607,65.03646358302373
10,-130.0,-16.718888471076138,65.0364824638836
10,-130.0,-16.719060012425665,65.03650618833763
10,-130.0,-16.719231553775195,65.03654272377824
10,-130.0,-16.719403095124722,65.03658927531086
10,-130.0,-16.719477848566104,65.0366119206592
10,-130.0,-16.719574636474253,65.03663907006286
10,-130.0,-16.71974617782378,65.03663907006286
10,-130.0,-16.71991771917331,65.03668333262401
10,-130.0,-16.720089260522837,65.03672824716313
10,-130.0,-16.720260801872367,65.03677823396677
10,-130.0,-16.72027921045727,65.03678386355405
10,-130.0,-16.720432343221894,65.03685445885075
10,-130.0,-16.72060388457142,65.03692119086045
10,-130.0,-16.72077542592095,65.03693767757629
10,-130.0,-16.72081607904379,65.03695580644893
10,-130.0,-16.720932824984054,65.03712774934377
10,-130.0,-16.72094696727048,65.03714711706873
10,-130.0,-16.72111850862001,65.03728059440257
10,-130.0,-16.721140935485312,65.03729969223862
10,-130.0,-16.721290049969536,65.03736167583159
10,-130.0,-16.721461591319066,65.03744443944018
10,-130.0,-16.72153470160226,65.03747163513349
10,-130.0,-16.721633132668593,65.03750187742015
10,-130.0,-16.721804674018124,65.03750187742015
10,-130.0,-16.72197621536765,65.03755881139628
10,-130.0,-16.72214775671718,65.03763391333771
10,-130.0,-16.722167488462656,65.03764357802834
10,-130.0,-16.722319298066708,65.03772514678218
10,-130.0,-16.722448271530958,65.03781552092319
10,-130.0,-16.722490839416235,65.03784333404184
10,-130.0,-16.722662380765765,65.03796119622984
10,-130.0,-16.722833922115292,65.03796119622984
10,-130.0,-16.72286743507937,65.03798746381806
10,-130.0,-16.723005463464823,65.0380698646364
10,-130.0,-16.723168266165988,65.03815940671291
10,-130.0,-16.72317700481435,65.03816716424438
10,-130.0,-16.723348546163884,65.03829925757398
10,-130.0,-16.723391430173912,65.03833134960776
10,-130.0,-16.723520087513407,65.03837987651468
10,-130.0,-16.723691628862937,65.03842242933544
10,-130.0,-16.723863170212464,65.03842242933544
10,-130.0,-16.724034711561995,65.038450852128
10,-130.0,-16.72420625291152,65.03847701138892
10,-130.0,-16.72437779426105,65.03849701956467
10,-130.0,-16.724451196913645,65.03850329250263
10,-130.0,-16.72454933561058,65.03851155894586
10,-130.0,-16.724720876960106,65.03851237706785
10,-130.0,-16.724892418309636,65.03852513479009
10,-130.0,-16.725063959659163,65.03853851101958
10,-130.0,-16.725235501008694,65.03857088660146
10,-130.0,-16.72540704235822,65.03862802357142
10,-130.0,-16.725509901524415,65.03867523539748
10,-130.0,-16.72557858370775,65.0387072354422
10,-130.0,-16.725750125057278,65.0387072354422
10,-130.0,-16.72592166640681,65.03880633574309
10,-130.0,-16.725986332850745,65.03884717829233
10,-130.0,-16.726093207756335,65.03890520387333
10,-130.0,-16.726264749105862,65.03897539312581
10,-130.0,-16.72640783837928,65.0390191211872
10,-130.0,-16.726436290455393,65.03904035022003
10,-130.0,-16.72660783180492,65.03912137886721
10,-130.0,-16.72677937315445,65.03915859140268
10,-130.0,-16.726950914503977,65.03918235846682
10,-130.0,-16.727019736121353,65.03919106408205
10,-130.0,-16.727122455853507,65.03920579092613
10,-130.0,-16.727293997203034,65.03923978992675
10,-130.0,-16.727465538552565,65.03925882761035
10,-130.0,-16.72763707990209,65.03926129816543
10,-130.0,-16.727808621251622,65.03927085575914
10,-130.0,-16.72798016260115,65.0392994401078
10,-130.0,-16.728151703950676,65.0393608572559
10,-130.0,-16.728155269155504,65.0393630069769
10,-130.0,-16.728323245300206,65.0394713778714
10,-130.0,-16.728415172949575,65.03953494987176
10,-130.0,-16.728494786649733,65.03958130083996
10,-130.0,-16.728666327999264,65.0396429569178
10,-130.0,-16.72883786934879,65.03968084141387
10,-130.0,-16.72888663137325,65.03970689276662
10,-130.0,-16.729009410698325,65.03981596648461
10,-130.0,-16.729090097945313,65.03987883566147
10,-130.0,-16.729180952047848,65.03995198798617
10,-130.0,-16.72926580215689,65.04005077855633
10,-130.0,-16.72935249339738,65.04013624643672
10,-130.0,-16.729497829937284,65.04022272145119
10,-130.0,-16.729524034746905,65.04023205473892
10,-130.0,-16.729695576096432,65.04029961314225
10,-130.0,-16.729867117445963,65.04029961314225
10,-130.0,-16.73003865879549,65.04036975949262
10,-130.0,-16.730097068064616,65.04039466434604
10,-130.0,-16.73021020014502,65.04044867440453
10,-130.0,-16.730381741494547,65.04053571280824
10,-130.0,-16.730437753717876,65.0405666072409
10,-130.0,-16.730541892918726,65.04073855013576
10,-130.0,-16.730553282844078,65.04075143504791
10,-130.0,-16.730724824193608,65.04086608669519
10,-130.0,-16.730896365543135,65.04086608669519
10,-130.0,-16.73106790689266,65.04090684226635
10,-130.0,-16.731149062609862,65.04091049303061
10,-130.0,-16.731239448242192,65.04091347713738
10,-130.0,-16.731356035380294,65.04091049303061
10,-130.0,-16.73141098959172,65.04090907670013
10,-130.0,-16.731582530941246,65.04089740851528
10,-130.0,-16.731754072290776,65.0408841464469
10,-130.0,-16.731925613640303,65.04088321336266
10,-130.0,-16.732097154989834,65.04087152583404
10,-130.0,-16.73226869633936,65.04086212804461
10,-130.0,-16.73244023768889,65.04085713539419
10,-130.0,-16.732550944764608,65.04091049303061
10,-130.0,-16.732611779038418,65.04093993940852
10,-130.0,-16.73278332038795,65.04093993940852
10,-130.0,-16.732954861737475,65.04093306514748
10,-130.0,-16.733126403087006,65.04092785835708
10,-130.0,-16.733297944436533,65.04092613671301
10,-130.0,-16.73346948578606,65.04093064817425
10,-130.0,-16.73364102713559,65.04093064817425
10,-130.0,-16.733812568485117,65.04094312455636
10,-130.0,-16.733984109834648,65.04095651324873
10,-130.0,-16.734155651184174,65.0409669273069
10,-130.0,-16.734327192533705,65.04097188870975
10,-130.0,-16.734498733883232,65.04097188870975
10,-130.0,-16.734670275232762,65.04097093171579
10,-130.0,-16.73484181658229,65.04096804540794
10,-130.0,-16.73501335793182,65.04096850077707
10,-130.0,-16.735184899281347,65.0409743138659
10,-130.0,-16.735356440630873,65.04097658521754
10,-130.0,-16.735527981980404,65.0409814287997
10,-130.0,-16.73569952332993,65.04098199342081
10,-130.0,-16.73587106467946,65.04097196638043
10,-130.0,-16.736042606028988,65.04094997215854
10,-130.0,-16.73621414737852,65.04094479067801
10,-130.0,-16.736385688728046,65.04092022665107
10,-130.0,-16.73644223269495,65.04091049303061
10,-130.0,-16.736557230077576,65.04089199486836
10,-130.0,-16.736728771427103,65.04087196148214
10,-130.0,-16.736900312776633,65.04086254475499
10,-130.0,-16.73707185412616,65.04086539071017
10,-130.0,-16.737243395475687,65.04086139403799
10,-130.0,-16.737414936825218,65.04086129563046
10,-130.0,-16.737586478174745,65.04086173832857
10,-130.0,-16.737758019524275,65.04086754399812
10,-130.0,-16.737929560873802,65.0408819133895
10,-130.0,-16.738101102223332,65.04088371940925
10,-130.0,-16.73827264357286,65.0409104567446
10,-130.0,-16.73827286151636,65.0409104930306
10,-130.0,-16.73844418492239,65.04096286139423
10,-130.0,-16.738615726271917,65.04103809394269
10,-130.0,-16.738787267621447,65.0410497903938
10,-130.0,-16.738958808970974,65.0410497903938
10,-130.0,-16.7391303503205,65.04105670898204
10,-130.0,-16.73930189167003,65.0410557276724
10,-130.0,-16.73947343301956,65.0410440697268
10,-130.0,-16.73964497436909,65.04102471180775
10,-130.0,-16.739816515718616,65.04102471180775
10,-130.0,-16.739988057068146,65.04100505101624
10,-130.0,-16.740159598417673,65.04099058775465
10,-130.0,-16.740331139767203,65.04098405355455
10,-130.0,-16.74050268111673,65.04097908048286
10,-130.0,-16.74067422246626,65.04097643616035
10,-130.0,-16.740845763815788,65.04097315624732
10,-130.0,-16.741017305165315,65.04096489795681
10,-130.0,-16.741188846514845,65.04095367089774
10,-130.0,-16.741360387864372,65.04094248398282
10,-130.0,-16.741531929213902,65.04093992734144
10,-130.0,-16.74170347056343,65.04092761557759
10,-130.0,-16.74187501191296,65.04091236930766
10,-130.0,-16.74189516590895,65.04091049303061
10,-130.0,-16.742046553262487,65.04089809448381
10,-130.0,-16.742218094612017,65.0408840498021
10,-130.0,-16.742389635961544,65.0408712207385
10,-130.0,-16.742561177311075,65.04086629990056
10,-130.0,-16.7427327186606,65.04083743675403
10,-130.0,-16.74290426001013,65.04081305770971
10,-130.0,-16.74307580135966,65.04078417575637
10,-130.0,-16.743247342709186,65.04078185118323
10,-130.0,-16.743418884058716,65.04075791156556
10,-130.0,-16.743590425408243,65.04074698880721
10,-130.0,-16.743761966757774,65.04078320923372
10,-130.0,-16.743847501169558,65.04091049303061
10,-130.0,-16.743836330813437,65.04108243592547
10,-130.0,-16.7439335081073,65.04122131747097
10,-130.0,-16.74410504945683,65.04122562378812
10,-130.0,-16.744276590806358,65.04120861420576
10,-130.0,-16.74444813215589,65.04121177232986
10,-130.0,-16.744619673505415,65.04120485234485
10,-130.0,-16.744791214854942,65.04121574088585
10,-130.0,-16.744962756204472,65.04124074868912
10,-130.0,-16.745028770256088,65.04125437882033
10,-130.0,-16.745134297554,65.04128022726272
10,-130.0,-16.74530583890353,65.04128022726272
10,-130.0,-16.745477380253057,65.04132270687879
10,-130.0,-16.745648921602587,65.04135415624886
10,-130.0,-16.745820462952114,65.04137256161901
10,-130.0,-16.745992004301645,65.04138116929121
10,-130.0,-16.74616354565117,65.04138116929121
10,-130.0,-16.746335087000702,65.04138658719921
10,-130.0,-16.74650662835023,65.04139532945476
10,-130.0,-16.746678169699756,65.04141088410215
10,-130.0,-16.74680296235215,65.04142632171518
10,-130.0,-16.746849711049286,65.04143204897123
10,-130.0,-16.747021252398813,65.0414324703103
10,-130.0,-16.747192793748344,65.04145107933444
10,-130.0,-16.74736433509787,65.04146386134065
10,-130.0,-16.7475358764474,65.0414693867298
10,-130.0,-16.747707417796928,65.04146795915888
10,-130.0,-16.74787895914646,65.04145891215637
10,-130.0,-16.748050500495985,65.04145891215637
10,-130.0,-16.748222041845516,65.04144340269832
10,-130.0,-16.748393583195043,65.04142652981922
10,-130.0,-16.748394868620963,65.04142632171518
10,-130.0,-16.74856512454457,65.04141246048269
10,-130.0,-16.7487366658941,65.04140501779243
10,-130.0,-16.748780931615023,65.04142632171518
10,-130.0,-16.748908207243627,65.04149229370519
10,-130.0,-16.749079748593157,65.04148963502996
10,-130.0,-16.749251289942684,65.04149121739871
10,-130.0,-16.749422831292215,65.04149401213888
10,-130.0,-16.74959437264174,65.04150472282245
10,-130.0,-16.749765913991272,65.04150472282245
10,-130.0,-16.7499374553408,65.04152230739494
10,-130.0,-16.75010899669033,65.04154127608757
10,-130.0,-16.750280538039856,65.04155864891442
10,-130.0,-16.750452079389383,65.04157166834986
10,-130.0,-16.750623620738914,65.04157166834986
10,-130.0,-16.75079516208844,65.0415837674785
10,-130.0,-16.750943279665982,65.04159826461004
10,-130.0,-16.75096670343797,65.04160169483706
10,-130.0,-16.751138244787498,65.04163895332448
10,-130.0,-16.75130978613703,65.04167874262791
10,-130.0,-16.75148132748655,65.04171688952802
10,-130.0,-16.751652868836086,65.04171688952802
10,-130.0,-16.751824410185613,65.04175271375178
10,-130.0,-16.75191827007326,65.0417702075049
10,-130.0,-16.751995951535143,65.04178452199292
10,-130.0,-16.75216749288467,65.04180740838515
10,-130.0,-16.752339034234197,65.04182664945871
10,-130.0,-16.752510575583727,65.04183008569593
10,-130.0,-16.752682116933254,65.0418395727186
10,-130.0,-16.752853658282785,65.04184602790926
10,-130.0,-16.75302519963231,65.04185157486953
10,-130.0,-16.753196740981842,65.04185385695968
10,-130.0,-16.75336828233137,65.04193920597243
10,-130.0,-16.7535398236809,65.04193916043177
10,-130.0,-16.75355887684399,65.04194215039975
10,-130.0,-16.753711365030426,65.04195825987392
10,-130.0,-16.753882906379957,65.04199431174519
10,-130.0,-16.754054447729484,65.0420497302355
10,-130.0,-16.754196999378227,65.0421140932946
10,-130.0,-16.75422598907901,65.04212920905324
10,-130.0,-16.75439753042854,65.04214442862006
10,-130.0,-16.75456907177807,65.0422174735391
10,-130.0,-16.754740613127602,65.04228491283358
10,-130.0,-16.754743370221174,65.04228603618947
10,-130.0,-16.754912154477125,65.04232846804327
10,-130.0,-16.755083695826656,65.04236114112268
10,-130.0,-16.75525523717618,65.04239663476574
10,-130.0,-16.755426778525713,65.04239663476574
10,-130.0,-16.75559831987524,65.04243446213975
10,-130.0,-16.755740937649254,65.04245797908432
10,-130.0,-16.75576986122477,65.04246307228252
10,-130.0,-16.755941402574297,65.04249679109793
10,-130.0,-16.756112943923824,65.04252602019335
10,-130.0,-16.756284485273355,65.04253829128243
10,-130.0,-16.756456026622878,65.04255281988218
10,-130.0,-16.756627567972412,65.04258464841877
10,-130.0,-16.75679910932194,65.04262752280786
10,-130.0,-16.756807929144532,65.04262992197917
10,-130.0,-16.75697065067147,65.0427219021454
10,-130.0,-16.757102456852117,65.04280186487404
10,-130.0,-16.757142192020996,65.04281437299224
10,-130.0,-16.757313733370527,65.04281437299224
10,-130.0,-16.757485274720054,65.04286430105388
10,-130.0,-16.757656816069584,65.04290947470113
10,-130.0,-16.75782835741911,65.04294581136635
10,-130.0,-16.75799341066436,65.04297380776889
10,-130.0,-16.757999898768638,65.0429749544348
10,-130.0,-16.75817144011817,65.04299898359699
10,-130.0,-16.758342981467695,65.04299898359699
10,-130.0,-16.758514522817226,65.0430117241697
10,-130.0,-16.758686064166753,65.04301624045753
10,-130.0,-16.758857605516283,65.04301607826896
10,-130.0,-16.75902914686581,65.04300425673502
10,-130.0,-16.75920068821534,65.04300425673502
10,-130.0,-16.759372229564867,65.04298489990283
11,-130.0,-16.71974617782378,65.02924137955516
11,-130.0,-16.719574636474253,65.02924137955516
11,-130.0,-16.719403095124722,65.02928824466225
11,-130.0,-16.719231553775195,65.02932659603569
11,-130.0,-16.719060012425665,65.02935319511337
11,-130.0,-16.718888471076138,65.02936643008454
11,-130.0,-16.718716929726607,65.02936643008454
11,-130.0,-16.71854538837708,65.02936652596523
11,-130.0,-16.718373847027554,65.02935464001848
11,-130.0,-16.718202305678023,65.02933170713096
11,-130.0,-16.718030764328496,65.02929504819157
11,-130.0,-16.717859222978966,65.02929504819157
11,-130.0,-16.71768768162944,65.02923962644338
11,-130.0,-16.717641551147906,65.02921837618037
11,-130.0,-16.71751614027991,65.02914266015152
11,-130.0,-16.717387790541153,65.0290464332855
11,-130.0,-16.71734459893038,65.0290103761782
11,-130.0,-16.71723826309207,65.02887449039065
11,-130.0,-16.71717305758085,65.02876737096771
11,-130.0,-16.717114329733725,65.0287025474958
11,-130.0,-16.717026912362392,65.02853060460093
11,-130.0,-16.717001516231324,65.02838379329881
11,-130.0,-16.716996239631165,65.02835866170608
11,-130.0,-16.717001516231324,65.02834989247962
11,-130.0,-16.717097809095637,65.02818671881123
11,-130.0,-16.71717305758085,65.02813486987611
11,-130.0,-16.71734459893038,65.02802258556004
11,-130.0,-16.71751614027991,65.02802258556004
11,-130.0,-16.717530547519196,65.02801477591636
11,-130.0,-16.71768768162944,65.0279541902326
11,-130.0,-16.717859222978966,65.02790642230362
11,-130.0,-16.718030764328496,65.02787658959667
11,-130.0,-16.718202305678023,65.02786861062252
11,-130.0,-16.718373847027554,65.02786861062252
11,-130.0,-16.71854538837708,65.02787279537523
11,-130.0,-16.718716929726607,65.02788706681937
11,-130.0,-16.718888471076138,65.02790721212133
11,-130.0,-16.719060012425665,65.02792665159127
11,-130.0,-16.719231553775195,65.02792665159127
11,-130.0,-16.719403095124722,65.02794687529354
11,-130.0,-16.719574636474253,65.02797045385591
11,-130.0,-16.71974617782378,65.02799692174338
11,-130.0,-16.719771320421515,65.02801477591636
11,-130.0,-16.71991771917331,65.02811217823327
11,-130.0,-16.720089260522837,65.02814748159021
11,-130.0,-16.720260801872367,65.02814748159021
11,-130.0,-16.720408085131854,65.02818671881123
11,-130.0,-16.720432343221894,65.0281971981435
11,-130.0,-16.72060388457142,65.0283211751107
11,-130.0,-16.720638490835,65.02835866170608
11,-130.0,-16.720652970277353,65.02853060460093
11,-130.0,-16.720634258879542,65.0287025474958
11,-130.0,-16.72060388457142,65.02878053800025
11,-130.0,-16.720564117423756,65.02887449039065
11,-130.0,-16.720432343221894,65.02894396782847
11,-130.0,-16.720260801872367,65.02899954076302
11,-130.0,-16.720200954335386,65.0290464332855
11,-130.0,-16.720089260522837,65.02910420242479
11,-130.0,-16.71991771917331,65.02918106657314
11,-130.0,-16.719817046215727,65.02921837618037
11,-130.0,-16.71974617782378,65.02924137955516
12,-110.0,-16.75817144011817,65.04367319934327
12,-110.0,-16.75823908772986,65.04366157934831
12,-110.0,-16.758342981467695,65.04363943924142
12,-110.0,-16.758514522817226,65.04363943924142
12,-110.0,-16.758686064166753,65.0435961339784
12,-110.0,-16.758857605516283,65.0435387661846
12,-110.0,-16.75897355313539,65.04348963645346
12,-110.0,-16.75902914686581,65.04347616717489
12,-110.0,-16.75920068821534,65.04345010155858
12,-110.0,-16.759372229564867,65.04344180259719
12,-110.0,-16.759543770914398,65.04341129653501
12,-110.0,-16.759715312263925,65.04337835226569
12,-110.0,-16.75988685361345,65.04333847860943
12,-110.0,-16.75994623210365,65.0433176935586
12,-110.0,-16.760058394962982,65.04329544039055
12,-110.0,-16.76022993631251,65.04329028643124
12,-110.0,-16.76040147766204,65.04324652060683
12,-110.0,-16.760573019011566,65.04320155810132
12,-110.0,-16.760744560361097,65.04315735738187
12,-110.0,-16.760916101710624,65.04316178138383
12,-110.0,-16.76097492252181,65.04314575066374
12,-110.0,-16.761087643060154,65.04312774429904
12,-110.0,-16.76125918440968,65.04310544811871
12,-110.0,-16.76143072575921,65.04307841131526
12,-110.0,-16.76160226710874,65.043112498963
12,-110.0,-16.761773808458265,65.04307938567766
12,-110.0,-16.761945349807796,65.04305265712391
12,-110.0,-16.762116891157323,65.04307132912962
12,-110.0,-16.762288432506853,65.04303291129222
12,-110.0,-16.76245997385638,65.04298482787165
12,-110.0,-16.76263151520591,65.04298264786955
12,-110.0,-16.762665965526892,65.04297380776889
12,-110.0,-16.762803056555438,65.04293667188159
12,-110.0,-16.762974597904968,65.04289805436632
12,-110.0,-16.763146139254495,65.04287310129132
12,-110.0,-16.763317680604025,65.04285348578897
12,-110.0,-16.763489221953552,65.0428425773336
12,-110.0,-16.76366076330308,65.04282840097557
12,-110.0,-16.763803096977902,65.04280186487404
12,-110.0,-16.76383230465261,65.04279646439488
12,-110.0,-16.764003846002137,65.04275003806421
12,-110.0,-16.764175387351667,65.04269871276588
12,-110.0,-16.764346928701194,65.04269871276588
12,-110.0,-16.764518470050724,65.04264311775346
12,-110.0,-16.764557048058084,65.04262992197917
12,-110.0,-16.76469001140025,65.0425753518648
12,-110.0,-16.76486155274978,65.04250724912163
12,-110.0,-16.764989807666975,65.04245797908432
12,-110.0,-16.76503309409931,65.04243726828571
12,-110.0,-16.76520463544884,65.04243726828571
12,-110.0,-16.765376176798366,65.04237653156876
12,-110.0,-16.765547718147893,65.04232592679543
12,-110.0,-16.765719259497423,65.04229071538471
12,-110.0,-16.765762988328355,65.04228603618947
12,-110.0,-16.76589080084695,65.04227618488562
12,-110.0,-16.76606234219648,65.04227606406951
12,-110.0,-16.766233883546008,65.04226739127263
12,-110.0,-16.766405424895538,65.04226380432726
12,-110.0,-16.766576966245065,65.0422609860385
12,-110.0,-16.766748507594595,65.04225944708875
12,-110.0,-16.766920048944122,65.04225944708875
12,-110.0,-16.767091590293653,65.04225869230606
12,-110.0,-16.76726313164318,65.0422600294953
12,-110.0,-16.767434672992707,65.04226529052966
12,-110.0,-16.767606214342237,65.04227130265056
12,-110.0,-16.767777755691764,65.04227130265056
12,-110.0,-16.767949297041294,65.04227620574395
12,-110.0,-16.76812083839082,65.0422719283749
12,-110.0,-16.768292379740352,65.04225965557396
12,-110.0,-16.76846392108988,65.04224022927573
12,-110.0,-16.76863546243941,65.04224022927573
12,-110.0,-16.768807003788936,65.04220834343616
12,-110.0,-16.768978545138467,65.04217499714576
12,-110.0,-16.769150086487993,65.04212886283057
12,-110.0,-16.76919677708475,65.0421140932946
12,-110.0,-16.76932162783752,65.04207635726478
12,-110.0,-16.76949316918705,65.04207635726478
12,-110.0,-16.769664710536578,65.04203703072876
12,-110.0,-16.769836251886108,65.0420031852184
12,-110.0,-16.770007793235635,65.04197630176046
12,-110.0,-16.770179334585166,65.04195734815
12,-110.0,-16.770350875934692,65.04195734815
12,-110.0,-16.770522417284223,65.04194280926014
12,-110.0,-16.770533329244742,65.04194215039975
12,-110.0,-16.77069395863375,65.04193201616567
12,-110.0,-16.77086549998328,65.04192483831052
12,-110.0,-16.771037041332807,65.04192342306757
12,-110.0,-16.771208582682334,65.04192342306757
12,-110.0,-16.771244919496127,65.04194215039975
12,-110.0,-16.771380124031865,65.0420199135707
12,-110.0,-16.77155166538139,65.04202226749806
12,-110.0,-16.771723206730922,65.04201402963677
12,-110.0,-16.77189474808045,65.04199184198728
12,-110.0,-16.77206628942998,65.04198303811837
12,-110.0,-16.772237830779506,65.04195370408327
12,-110.0,-16.77228189469977,65.04194215039975
12,-110.0,-16.772409372129037,65.04191186011747
12,-110.0,-16.772580913478564,65.04186601369189
12,-110.0,-16.772752454828094,65.04181306696881
12,-110.0,-16.77292399617762,65.04181306696881
12,-110.0,-16.773068559687065,65.0417702075049
12,-110.0,-16.773095537527148,65.04176204690997
12,-110.0,-16.77326707887668,65.04171446438386
12,-110.0,-16.773438620226205,65.0416668116081
12,-110.0,-16.773610161575736,65.04161941361669
12,-110.0,-16.773781702925262,65.04161941361669
12,-110.0,-16.773861948207077,65.04159826461004
12,-110.0,-16.773953244274793,65.04157107658716
12,-110.0,-16.77412478562432,65.04152236191909
12,-110.0,-16.77429632697385,65.04147809785232
12,-110.0,-16.774467868323377,65.0414344423719
12,-110.0,-16.774639409672908,65.0414344423719
12,-110.0,-16.774667640058855,65.04142632171518
12,-110.0,-16.774810951022435,65.04136936159614
12,-110.0,-16.77498249237196,65.04128310875576
12,-110.0,-16.77503421220586,65.04125437882033
12,-110.0,-16.775154033721492,65.04118710288803
12,-110.0,-16.77532557507102,65.04118710288803
12,-110.0,-16.77549711642055,65.0411046848292
12,-110.0,-16.77554799423071,65.04108243592547
12,-110.0,-16.775668657770076,65.04102367254947
12,-110.0,-16.775840199119607,65.0409341018656
12,-110.0,-16.775885256182995,65.04091049303061
12,-110.0,-16.776011740469134,65.04082916624219
12,-110.0,-16.776183281818664,65.04082916624219
12,-110.0,-16.77632271391142,65.04073855013576
12,-110.0,-16.77635482316819,65.04071041799574
12,-110.0,-16.77652352062499,65.0405666072409
12,-110.0,-16.77652636451772,65.04056399612426
12,-110.0,-16.77669790586725,65.04041757474741
12,-110.0,-16.776869447216775,65.04041757474741
12,-110.0,-16.77689774924257,65.04039466434604
12,-110.0,-16.777040988566306,65.04030068373001
12,-110.0,-16.777162204770118,65.04022272145119
12,-110.0,-16.777212529915833,65.04016409941113
12,-110.0,-16.777384071265363,65.04008675706838
12,-110.0,-16.77744204501417,65.04005077855633
12,-110.0,-16.77755561261489,65.03998706097877
12,-110.0,-16.77772715396442,65.03992236738992
12,-110.0,-16.777766888155366,65.03987883566147
12,-110.0,-16.777898695313947,65.03980346828425
12,-110.0,-16.778070236663478,65.0397272930916
12,-110.0,-16.77809052241621,65.03970689276662
12,-110.0,-16.778241778013005,65.03961557180304
12,-110.0,-16.778413319362535,65.03961557180304
12,-110.0,-16.778544651431567,65.03953494987175
12,-110.0,-16.778584860712062,65.03950501167668
12,-110.0,-16.77875640206159,65.03937558564708
12,-110.0,-16.778772872588906,65.0393630069769
12,-110.0,-16.77892794341112,65.0392369056928
12,-110.0,-16.779099484760646,65.0392369056928
12,-110.0,-16.77915169631569,65.03919106408205
12,-110.0,-16.779271026110177,65.03909268911949
12,-110.0,-16.779348505973115,65.0390191211872
12,-110.0,-16.779442567459704,65.03893446298204
12,-110.0,-16.779534038013175,65.03884717829233
12,-110.0,-16.779614108809234,65.03878127165065
12,-110.0,-16.77978565015876,65.03872940385835
12,-110.0,-16.77993161850835,65.03867523539748
12,-110.0,-16.77995719150829,65.03865884622518
12,-110.0,-16.78012873285782,65.03854040111725
12,-110.0,-16.780181218131986,65.03850329250263
12,-110.0,-16.78030027420735,65.03841086371636
12,-110.0,-16.780404623979223,65.03833134960776
12,-110.0,-16.780471815556872,65.03829897924538
12,-110.0,-16.780643356906403,65.03827855730074
12,-110.0,-16.780810512528138,65.03815940671291
12,-110.0,-16.780814898255933,65.03815653161837
12,-110.0,-16.78098643960546,65.03804477471634
12,-110.0,-16.781075920942573,65.03798746381806
12,-110.0,-16.78115798095499,65.03794008234588
12,-110.0,-16.781329522304517,65.03794008234588
12,-110.0,-16.781501063654048,65.03783603219826
12,-110.0,-16.781532845605838,65.03781552092319
12,-110.0,-16.781672605003575,65.03770890958205
12,-110.0,-16.78175846652171,65.03764357802834
12,-110.0,-16.781844146353105,65.03751037037551
12,-110.0,-16.782015687702632,65.0374854521082
12,-110.0,-16.782037630824274,65.03747163513349
12,-110.0,-16.78204345070366,65.03729969223862
12,-110.0,-16.782030347108403,65.03712774934377
12,-110.0,-16.782020542893758,65.03695580644892
12,-110.0,-16.782030133358923,65.03678386355405
12,-110.0,-16.782064365906834,65.0366119206592
12,-110.0,-16.782187229052163,65.03644749411595
12,-110.0,-16.782192934706256,65.03643997776435
12,-110.0,-16.782314856164255,65.03626803486948
12,-110.0,-16.78235877040169,65.03621587051367
12,-110.0,-16.782530311751216,65.03621587051367
12,-110.0,-16.78265543343847,65.03609609197463
12,-110.0,-16.782701853100747,65.03606830872
12,-110.0,-16.782873394450274,65.03599706876922
12,-110.0,-16.783044935799804,65.03594955754123
12,-110.0,-16.783155387813053,65.03592414907978
12,-110.0,-16.78321647714933,65.03591035891289
12,-110.0,-16.78338801849886,65.03590481216668
12,-110.0,-16.78355955984839,65.03583253824966
12,-110.0,-16.783689488651316,65.03575220618491
12,-110.0,-16.78373110119792,65.03571839262709
12,-110.0,-16.783902642547446,65.03558361308201
12,-110.0,-16.784074183896976,65.03558361308201
12,-110.0,-16.784079466493942,65.03558026329006
12,-110.0,-16.78421707708989,65.0354083203952
12,-110.0,-16.784245725246503,65.03527501312881
12,-110.0,-16.784253342562963,65.03523637750034
12,-110.0,-16.784275184702608,65.03506443460549
12,-110.0,-16.784291304457962,65.03489249171064
12,-110.0,-16.784332716934486,65.03472054881577
12,-110.0,-16.784409641222464,65.03454860592092
12,-110.0,-16.78441726659603,65.03452565817719
12,-110.0,-16.78458880794556,65.03452565817719
12,-110.0,-16.784643502288887,65.03437666302607
12,-110.0,-16.784647931444297,65.0342047201312
12,-110.0,-16.78463365911547,65.03403277723635
12,-110.0,-16.78462352770896,65.0338608343415
12,-110.0,-16.78458880794556,65.03372547853209
12,-110.0,-16.784578243213495,65.03368889144663
12,-110.0,-16.78447015895512,65.03351694855178
12,-110.0,-16.78441726659603,65.03347691660879
12,-110.0,-16.784245725246503,65.03339298962848
12,-110.0,-16.784074183896976,65.03339298962848
12,-110.0,-16.783929343497782,65.03334500565693
12,-110.0,-16.783902642547446,65.03333861556816
12,-110.0,-16.78373110119792,65.03330826519257
12,-110.0,-16.78355955984839,65.03327355099297
12,-110.0,-16.78338801849886,65.03322759548459
12,-110.0,-16.78321647714933,65.03317862635356
12,-110.0,-16.783044935799804,65.03317689195009
12,-110.0,-16.783034299054272,65.03317306276206
12,-110.0,-16.782873394450274,65.03311637526546
12,-110.0,-16.782701853100747,65.03304881648654
12,-110.0,-16.782584117504232,65.03300111986721
12,-110.0,-16.782530311751216,65.03296898725469
12,-110.0,-16.78235877040169,65.03286947685484
12,-110.0,-16.78232063514376,65.03282917697236
12,-110.0,-16.78220634761225,65.03265723407749
12,-110.0,-16.782187229052163,65.03259882083248
12,-110.0,-16.782015687702632,65.03259882083248
12,-110.0,-16.78197844353077,65.03248529118264
12,-110.0,-16.782015687702632,65.03244997882035
12,-110.0,-16.782147699259024,65.03231334828779
12,-110.0,-16.78217589913279,65.03214140539292
12,-110.0,-16.782187229052163,65.03212059169296
12,-110.0,-16.78225606132735,65.03196946249807
12,-110.0,-16.78234503840404,65.03179751960322
12,-110.0,-16.78235877040169,65.03175218405619
12,-110.0,-16.78239379397109,65.03162557670835
12,-110.0,-16.782394944395786,65.0314536338135
12,-110.0,-16.78235877040169,65.0313760084993
12,-110.0,-16.78230599294988,65.03128169091865
12,-110.0,-16.782187229052163,65.03116897853806
12,-110.0,-16.78212784721254,65.03110974802378
12,-110.0,-16.782037290761203,65.03093780512893
12,-110.0,-16.782015687702632,65.03091357363014
12,-110.0,-16.781855537521487,65.03076586223408
12,-110.0,-16.781844146353105,65.0307536393105
12,-110.0,-16.781675955044882,65.03059391933921
12,-110.0,-16.781672605003575,65.03058979775818
12,-110.0,-16.781527472341203,65.03042197644436
12,-110.0,-16.781501063654048,65.0303931860494
12,-110.0,-16.781354862345577,65.0302500335495
12,-110.0,-16.781329522304517,65.03023099377909
12,-110.0,-16.78115798095499,65.03023099377909
12,-110.0,-16.78098643960546,65.03009451428007
12,-110.0,-16.78097008519879,65.03007809065464
12,-110.0,-16.780814898255933,65.02992937796058
12,-110.0,-16.780793002888416,65.02990614775979
12,-110.0,-16.780643356906403,65.0297871209226
12,-110.0,-16.780571454205255,65.02973420486494
12,-110.0,-16.780471815556876,65.02960065726528
12,-110.0,-16.780437474630432,65.02956226197007
12,-110.0,-16.78030027420735,65.02946274888991
12,-110.0,-16.780218967693987,65.02939031907522
12,-110.0,-16.780162372305426,65.02921837618037
12,-110.0,-16.78012873285782,65.02919682994694
12,-110.0,-16.77995719150829,65.02919682994694
12,-110.0,-16.77978565015876,65.02910949847451
12,-110.0,-16.779649352681197,65.0290464332855
12,-110.0,-16.779614108809234,65.02903100737761
12,-110.0,-16.779442567459704,65.02896450926147
12,-110.0,-16.779271026110177,65.02889469643398
12,-110.0,-16.779230357318323,65.02887449039065
12,-110.0,-16.77912292632218,65.0287025474958
12,-110.0,-16.779271026110177,65.02857288433658
12,-110.0,-16.779303353097642,65.02853060460093
12,-110.0,-16.779435659836846,65.02835866170608
12,-110.0,-16.779442567459704,65.02834441026343
12,-110.0,-16.77950929646521,65.02818671881123
12,-110.0,-16.779614108809234,65.02808219075835
12,-110.0,-16.779678803318248,65.02801477591636
12,-110.0,-16.779638095347416,65.02784283302151
12,-110.0,-16.779614108809234,65.02782920436084
12,-110.0,-16.779442567459704,65.02782920436084
12,-110.0,-16.779271026110177,65.02774148693292
12,-110.0,-16.779120170076375,65.02767089012666
12,-110.0,-16.779099484760646,65.0276667249816
12,-110.0,-16.77892794341112,65.02764034308993
12,-110.0,-16.77875640206159,65.02761152720434
12,-110.0,-16.778584860712062,65.02759091740444
12,-110.0,-16.778413319362535,65.02757838149284
12,-110.0,-16.778241778013005,65.02754920493456
12,-110.0,-16.778070236663478,65.02753090973727
12,-110.0,-16.777898695313947,65.0275102074878
12,-110.0,-16.777865067250286,65.02749894723179
12,-110.0,-16.77772715396442,65.0274344296725
12,-110.0,-16.77755561261489,65.0274344296725
12,-110.0,-16.777417220607795,65.02732700433694
12,-110.0,-16.777384071265363,65.02730759600342
12,-110.0,-16.777212529915833,65.02721652918655
12,-110.0,-16.777100020055563,65.02715506144209
12,-110.0,-16.777040988566306,65.02709928071991
12,-110.0,-16.776966041914513,65.02698311854722
12,-110.0,-16.776963594944522,65.02681117565237
12,-110.0,-16.777040988566306,65.02670442426643
12,-110.0,-16.777098689398642,65.02663923275752
12,-110.0,-16.777078349673978,65.02646728986265
12,-110.0,-16.777040988566306,65.02642864434574
12,-110.0,-16.776944324275338,65.0262953469678
12,-110.0,-16.776869447216775,65.02622801998804
12,-110.0,-16.77675820140773,65.02612340407295
12,-110.0,-16.77669790586725,65.02608370770723
12,-110.0,-16.77652636451772,65.02598320977638
12,-110.0,-16.77647121481809,65.02595146117808
12,-110.0,-16.77635482316819,65.0258827120535
12,-110.0,-16.776183281818664,65.02581097316626
12,-110.0,-16.776011740469134,65.0257939791722
12,-110.0,-16.775980044782973,65.02577951828323
12,-110.0,-16.775840199119607,65.02569281905157
12,-110.0,-16.775712659034934,65.02560757538838
12,-110.0,-16.775668657770076,65.02553846100821
12,-110.0,-16.775618150458072,65.02543563249351
12,-110.0,-16.77549711642055,65.02531622705231
12,-110.0,-16.775450509707277,65.02526368959866
12,-110.0,-16.77532557507102,65.02510028974413
12,-110.0,-16.77531913228392,65.02509174670381
12,-110.0,-16.775154033721492,65.02493155146014
12,-110.0,-16.775140612216834,65.02491980380894
12,-110.0,-16.77498249237196,65.02480247989385
12,-110.0,-16.774810951022435,65.02480247989385
12,-110.0,-16.774718792903982,65.02474786091409
12,-110.0,-16.774639409672908,65.02463884698834
12,-110.0,-16.77458526550242,65.02457591801922
12,-110.0,-16.774572709117898,65.02440397512437
12,-110.0,-16.774508500876337,65.02423203222952
12,-110.0,-16.774467868323377,65.02420222556933
12,-110.0,-16.77429632697385,65.02408987279182
12,-110.0,-16.774270482602795,65.02406008933467
12,-110.0,-16.77412478562432,65.0239307930814
12,-110.0,-16.774000880966852,65.0238881464398
12,-110.0,-16.773953244274793,65.02387561122488
12,-110.0,-16.773781702925262,65.02383624430593
12,-110.0,-16.773610161575736,65.02383624430593
12,-110.0,-16.773438620226205,65.02377112774832
12,-110.0,-16.773362802634136,65.02371620354495
12,-110.0,-16.77326707887668,65.02365352392846
12,-110.0,-16.773145224921585,65.0235442606501
12,-110.0,-16.773095537527148,65.02351745976213
12,-110.0,-16.77292399617762,65.02340292366424
12,-110.0,-16.77288248439197,65.02337231775523
12,-110.0,-16.772752454828094,65.02330972789433
12,-110.0,-16.772580913478564,65.02330972789433
12,-110.0,-16.772409372129037,65.02322507732593
12,-110.0,-16.77236069447815,65.02320037486038
12,-110.0,-16.772237830779506,65.02314521837242
12,-110.0,-16.77206628942998,65.02306960500808
12,-110.0,-16.771975709122252,65.02302843196553
12,-110.0,-16.77189474808045,65.02294618312743
12,-110.0,-16.77179597972086,65.02285648907066
12,-110.0,-16.771723206730922,65.02281703966
12,-110.0,-16.77155166538139,65.02278960400278
12,-110.0,-16.771380124031865,65.02274421411113
12,-110.0,-16.771226615904247,65.02268454617581
12,-110.0,-16.771208582682334,65.02267687027575
12,-110.0,-16.771037041332807,65.02261114892731
12,-110.0,-16.77086549998328,65.02254906646414
12,-110.0,-16.770758206396465,65.02251260328096
12,-110.0,-16.77069395863375,65.02248965872775
12,-110.0,-16.770522417284223,65.02248965872775
12,-110.0,-16.770350875934692,65.0224429082601
12,-110.0,-16.770179334585166,65.02239910573007
12,-110.0,-16.770007793235635,65.02235608552246
12,-110.0,-16.76995599829897,65.02234066038608
12,-110.0,-16.769836251886108,65.02229597080411
12,-110.0,-16.769664710536578,65.02222929180361
12,-110.0,-16.76949316918705,65.02222929180361
12,-110.0,-16.769341269409377,65.02216871749124
12,-110.0,-16.76932162783752,65.02215915374792
12,-110.0,-16.769150086487993,65.02208167925373
12,-110.0,-16.768978545138467,65.02201131654957
12,-110.0,-16.768939806988726,65.02199677459639
12,-110.0,-16.768807003788936,65.02188725391508
12,-110.0,-16.768733756010608,65.02182483170152
12,-110.0,-16.76863546243941,65.02178378077704
12,-110.0,-16.76846392108988,65.02178378077704
12,-110.0,-16.768292379740352,65.02171155636232
12,-110.0,-16.76814224626476,65.02165288880667
12,-110.0,-16.76812083839082,65.021645573053
12,-110.0,-16.767949297041294,65.02159624962042
12,-110.0,-16.767777755691764,65.02155254413657
12,-110.0,-16.767606214342237,65.02153902100775
12,-110.0,-16.767434672992707,65.02153677722629
12,-110.0,-16.76726313164318,65.02155643585304
12,-110.0,-16.767091590293653,65.02159668711813
12,-110.0,-16.766920048944122,65.02164770987014
12,-110.0,-16.766901068208796,65.02165288880667
12,-110.0,-16.766748507594595,65.02168363267808
12,-110.0,-16.766576966245065,65.02168853750824
12,-110.0,-16.766405424895538,65.02171860029534
12,-110.0,-16.766233883546008,65.0217371060323
12,-110.0,-16.76606234219648,65.02174244129071
12,-110.0,-16.76589080084695,65.02173600591937
12,-110.0,-16.765719259497423,65.02173640677191
12,-110.0,-16.765547718147893,65.02171714898228
12,-110.0,-16.765376176798366,65.02168431522502
12,-110.0,-16.765240195983182,65.02165288880667
12,-110.0,-16.76520463544884,65.02164522668244
12,-110.0,-16.76503309409931,65.0216047840923
12,-110.0,-16.76486155274978,65.0216047840923
12,-110.0,-16.76469001140025,65.02156900457784
12,-110.0,-16.764518470050724,65.02153332968969
12,-110.0,-16.764346928701194,65.02149565058824
12,-110.0,-16.76432784999701,65.02148094591182
12,-110.0,-16.764175387351667,65.02136067916612
12,-110.0,-16.764003846002137,65.02131825208123
12,-110.0,-16.76383230465261,65.02131825208123
12,-110.0,-16.76379956104935,65.02130900301695
12,-110.0,-16.76366076330308,65.02126766653572
12,-110.0,-16.763489221953552,65.02122622228404
12,-110.0,-16.763317680604025,65.02119441661425
12,-110.0,-16.763146139254495,65.02116203994876
12,-110.0,-16.762974597904968,65.02116203994876
12,-110.0,-16.76280502161363,65.0211370601221
12,-110.0,-16.762803056555438,65.02113678618265
12,-110.0,-16.76263151520591,65.02111869079872
12,-110.0,-16.76245997385638,65.02110859699724
12,-110.0,-16.762288432506853,65.02110781429816
12,-110.0,-16.762116891157323,65.02111755318387
12,-110.0,-16.761945349807796,65.02111755318387
12,-110.0,-16.761773808458265,65.02113232372811
12,-110.0,-16.76168766823848,65.0211370601221
12,-110.0,-16.76160226710874,65.02114237705995
12,-110.0,-16.76143072575921,65.02115245749837
12,-110.0,-16.76125918440968,65.02114224617803
12,-110.0,-16.761087643060158,65.02114227098733
12,-110.0,-16.761035424362866,65.0211370601221
12,-110.0,-16.760916101710624,65.02112577461972
12,-110.0,-16.760744560361097,65.02112370745456
12,-110.0,-16.760573019011566,65.02113376390005
12,-110.0,-16.760559239947526,65.0211370601221
12,-110.0,-16.760401477662043,65.02118748998451
12,-110.0,-16.76022993631251,65.02118748998451
12,-110.0,-16.760058394962982,65.02128383633368
12,-110.0,-16.760024151024176,65.02130900301695
12,-110.0,-16.75988685361345,65.02144733010991
12,-110.0,-16.759840096627215,65.02148094591182
12,-110.0,-16.759715312263925,65.0215292382961
12,-110.0,-16.759543770914398,65.0215292382961
12,-110.0,-16.759372229564867,65.02155491209717
12,-110.0,-16.75920068821534,65.02155961927247
12,-110.0,-16.75902914686581,65.02155624274334
12,-110.0,-16.758857605516283,65.02155563321028
12,-110.0,-16.758686064166753,65.02155319730166
12,-110.0,-16.758514522817226,65.02156153678705
12,-110.0,-16.758342981467695,65.02155627318828
12,-110.0,-16.75822200631418,65.02148094591182
12,-110.0,-16.75817144011817,65.02143839874446
12,-110.0,-16.757999898768638,65.021360644569
12,-110.0,-16.757919626986336,65.02130900301695
12,-110.0,-16.75782835741911,65.02125871788184
12,-110.0,-16.757656816069584,65.02125871788184
12,-110.0,-16.757485274720054,65.02115610250569
12,-110.0,-16.757453047474318,65.0211370601221
12,-110.0,-16.757313733370527,65.02106425090618
12,-110.0,-16.757142192020996,65.0209769278072
12,-110.0,-16.757117262299396,65.02096511722725
12,-110.0,-16.75697065067147,65.02089581899224
12,-110.0,-16.75679910932194,65.0208226703184
12,-110.0,-16.756627567972412,65.0208226703184
12,-110.0,-16.756555987136974,65.02079317433238
12,-110.0,-16.75645602662288,65.02074793713578
12,-110.0,-16.756284485273355,65.02068075554894
12,-110.0,-16.756112943923824,65.02062450594627
12,-110.0,-16.756097666056483,65.02062123143753
12,-110.0,-16.755941402574297,65.02059687005362
12,-110.0,-16.75576986122477,65.02057472801965
12,-110.0,-16.75559831987524,65.02052414731062
12,-110.0,-16.755426778525713,65.02047567743288
12,-110.0,-16.755353405663634,65.02044928854268
12,-110.0,-16.755255237176183,65.02043083726103
12,-110.0,-16.755083695826656,65.02038241981613
12,-110.0,-16.754912154477125,65.02032702047987
12,-110.0,-16.754741549146402,65.02027734564781
12,-110.0,-16.7547406131276,65.02027707868592
12,-110.0,-16.754569071778068,65.02027707868592
12,-110.0,-16.75439753042854,65.02024401614186
12,-110.0,-16.75422598907901,65.02022750883023
12,-110.0,-16.754054447729484,65.02021860968738
12,-110.0,-16.753882906379957,65.02021305810747
12,-110.0,-16.753711365030426,65.02021305810747
12,-110.0,-16.7535398236809,65.02020991355587
12,-110.0,-16.75336828233137,65.02020424246666
12,-110.0,-16.753196740981842,65.020195171578
12,-110.0,-16.75302519963231,65.02018427568797
12,-110.0,-16.752853658282785,65.02017570882941
12,-110.0,-16.752682116933254,65.02016991282392
12,-110.0,-16.752510575583727,65.02015410637628
12,-110.0,-16.752339034234197,65.02013605114952
12,-110.0,-16.75216749288467,65.02011425258719
12,-110.0,-16.752106872729577,65.02010540275296
12,-110.0,-16.751995951535143,65.02009009829554
12,-110.0,-16.751824410185613,65.02009009829554
12,-110.0,-16.751652868836086,65.02006199036803
12,-110.0,-16.751481327486555,65.02003115695399
12,-110.0,-16.75130978613703,65.02000069583674
12,-110.0,-16.7512105764552,65.01993345985811
12,-110.0,-16.751138244787498,65.019885315935
12,-110.0,-16.75096670343797,65.0198767575601
12,-110.0,-16.75079516208844,65.01986365273848
12,-110.0,-16.750623620738914,65.01985018943398
12,-110.0,-16.750452079389383,65.01984303254893
12,-110.0,-16.750280538039856,65.01983732029244
12,-110.0,-16.75010899669033,65.01982695568313
12,-110.0,-16.7499374553408,65.01983183577826
12,-110.0,-16.749765913991272,65.01982715905876
12,-110.0,-16.74959437264174,65.0198389278763
12,-110.0,-16.749422831292215,65.01988109805075
12,-110.0,-16.74930952877024,65.01993345985811
12,-110.0,-16.749251289942684,65.01995571810299
12,-110.0,-16.749079748593157,65.0199726346356
12,-110.0,-16.748914324559994,65.02010540275296
12,-110.0,-16.74890820724363,65.02011031290716
12,-110.0,-16.7487366658941,65.0202689109653
12,-110.0,-16.748728982820186,65.02027734564781
12,-110.0,-16.74858932188262,65.02044928854268
12,-110.0,-16.74856512454457,65.02046365997077
12,-110.0,-16.748393583195043,65.02048987930335
12,-110.0,-16.748327098604346,65.02062123143753
12,-110.0,-16.748244557674475,65.02079317433238
12,-110.0,-16.748222041845516,65.020887924611
12,-110.0,-16.748205650435217,65.02096511722725
12,-110.0,-16.748126659988756,65.0211370601221
12,-110.0,-16.748050500495985,65.02127759337597
12,-110.0,-16.74787895914646,65.02129836048684
12,-110.0,-16.747862004519032,65.02130900301695
12,-110.0,-16.747764618087317,65.02148094591182
12,-110.0,-16.747707417796928,65.02156144385509
12,-110.0,-16.74764437469071,65.02165288880667
12,-110.0,-16.7475358764474,65.02179356637899
12,-110.0,-16.747512932147977,65.02182483170152
12,-110.0,-16.747413953967765,65.02199677459639
12,-110.0,-16.74736433509787,65.02214907071338
12,-110.0,-16.747192793748344,65.02214907071338
12,-110.0,-16.747186683915555,65.02216871749124
12,-110.0,-16.74716012454525,65.02234066038609
12,-110.0,-16.747128302012328,65.02251260328096
12,-110.0,-16.74705281313573,65.02268454617581
12,-110.0,-16.747021252398813,65.02271731964991
12,-110.0,-16.746888838052683,65.02285648907066
12,-110.0,-16.746849711049286,65.02288183546774
12,-110.0,-16.746678169699756,65.02288183546774
12,-110.0,-16.74650662835023,65.02299426721754
12,-110.0,-16.746455215959408,65.02302843196553
12,-110.0,-16.746335087000702,65.02309344267113
12,-110.0,-16.74616354565117,65.02318809767587
12,-110.0,-16.7461414810559,65.02320037486038
12,-110.0,-16.745992004301645,65.0232521463434
12,-110.0,-16.745820462952114,65.02327614248462
12,-110.0,-16.745648921602587,65.023355756099
12,-110.0,-16.74561027260235,65.02337231775523
12,-110.0,-16.745477380253057,65.02342611775316
12,-110.0,-16.74530583890353,65.02348803062638
12,-110.0,-16.745134297554,65.02350242491418
12,-110.0,-16.744962756204472,65.02354371951058
12,-110.0,-16.74496102129561,65.0235442606501
12,-110.0,-16.744791214854942,65.02360204001117
12,-110.0,-16.744619673505415,65.0236607589503
12,-110.0,-16.744453004288317,65.02371620354495
12,-110.0,-16.74444813215589,65.02371789993246
12,-110.0,-16.744276590806358,65.02371789993246
12,-110.0,-16.74410504945683,65.0237752762803
12,-110.0,-16.7439335081073,65.02382762612046
12,-110.0,-16.743761966757774,65.02387366777796
12,-110.0,-16.743702980776966,65.0238881464398
12,-110.0,-16.743590425408243,65.02391531995278
12,-110.0,-16.743418884058716,65.02391531995278
12,-110.0,-16.743247342709186,65.02395488898573
12,-110.0,-16.74307580135966,65.02399520785804
12,-110.0,-16.74290426001013,65.02403515602592
12,-110.0,-16.742799193761684,65.02406008933467
12,-110.0,-16.7427327186606,65.02407276456732
12,-110.0,-16.742561177311075,65.02407579682382
12,-110.0,-16.742389635961544,65.02411586370219
12,-110.0,-16.742218094612017,65.0241545640609
12,-110.0,-16.742046553262487,65.02419260964794
12,-110.0,-16.74187501191296,65.02423047440504
12,-110.0,-16.74170347056343,65.02423047440504
12,-110.0,-16.741696177964766,65.02423203222952
12,-110.0,-16.741531929213906,65.02426716806002
12,-110.0,-16.741360387864372,65.02430443730329
12,-110.0,-16.741188846514845,65.02434669928213
12,-110.0,-16.741017305165315,65.02435867613903
12,-110.0,-16.740845763815788,65.02439558177073
12,-110.0,-16.740819835914102,65.02440397512437
12,-110.0,-16.74067422246626,65.02445365597248
12,-110.0,-16.74050268111673,65.0245229206969
12,-110.0,-16.74039606557696,65.02457591801924
12,-110.0,-16.740331139767203,65.02461272435637
12,-110.0,-16.740159598417673,65.02461272435637
12,-110.0,-16.739988057068146,65.02474403039115
12,-110.0,-16.7399842535901,65.02474786091409
12,-110.0,-16.739862444299707,65.02491980380894
12,-110.0,-16.739816515718616,65.02503439308127
12,-110.0,-16.739796841525788,65.02509174670381
12,-110.0,-16.739746319400467,65.02526368959866
12,-110.0,-16.73964497436909,65.02542872238831
12,-110.0,-16.73947343301956,65.02542872238831
12,-110.0,-16.739467232374913,65.02543563249351
12,-110.0,-16.739312285498542,65.02560757538838
12,-110.0,-16.73930189167003,65.0256111458776
12,-110.0,-16.739291764233222,65.02560757538838
12,-110.0,-16.7391303503205,65.02555042070438
12,-110.0,-16.738958808970974,65.02554958242726
12,-110.0,-16.738787267621447,65.02552103086768
12,-110.0,-16.738615726271917,65.02552103086768
12,-110.0,-16.73844418492239,65.02547549713383
12,-110.0,-16.738307826412125,65.02543563249351
12,-110.0,-16.73827264357286,65.0254242736718
12,-110.0,-16.738101102223332,65.02537481858946
12,-110.0,-16.737929560873802,65.02533139114034
12,-110.0,-16.737758019524275,65.02533139114034
12,-110.0,-16.737586478174745,65.02529076278496
12,-110.0,-16.737475502839516,65.02526368959866
12,-110.0,-16.737414936825218,65.02524829948001
12,-110.0,-16.737243395475687,65.02519999999613
12,-110.0,-16.737071854126164,65.02514188764209
12,-110.0,-16.73694771083411,65.02509174670381
12,-110.0,-16.736900312776633,65.02506945849238
12,-110.0,-16.736728771427103,65.02506945849238
12,-110.0,-16.736557230077572,65.02497770229698
12,-110.0,-16.736462778416964,65.02491980380894
12,-110.0,-16.736385688728046,65.02486585603614
12,-110.0,-16.736216509940803,65.02474786091409
12,-110.0,-16.73621414737852,65.02474405235088
12,-110.0,-16.73610397882237,65.02457591801924
12,-110.0,-16.736042606028988,65.02452172749726
12,-110.0,-16.73589496091288,65.02440397512437
12,-110.0,-16.73587106467946,65.024382823816
12,-110.0,-16.73569952332993,65.02425409940147
12,-110.0,-16.735527981980404,65.02425409940147
12,-110.0,-16.735490383648603,65.02423203222952
12,-110.0,-16.735356440630873,65.02416372446353
12,-110.0,-16.735184899281347,65.02409532247145
12,-110.0,-16.735073916955642,65.02406008933467
12,-110.0,-16.73501335793182,65.02403975359321
12,-110.0,-16.73484181658229,65.02398673946043
12,-110.0,-16.734670275232762,65.02395667045556
12,-110.0,-16.734498733883232,65.0239368633422
12,-110.0,-16.734327192533705,65.02388981214274
12,-110.0,-16.734320997330897,65.0238881464398
12,-110.0,-16.734155651184174,65.0238455653245
12,-110.0,-16.733984109834648,65.02380271978922
12,-110.0,-16.733812568485117,65.02375997924224
12,-110.0,-16.73364102713559,65.02375997924224
12,-110.0,-16.73346948578606,65.0237228308856
12,-110.0,-16.733433822843708,65.02371620354495
12,-110.0,-16.733297944436533,65.02366964270671
12,-110.0,-16.733126403087006,65.02358344887183
12,-110.0,-16.732954861737475,65.02356104292714
12,-110.0,-16.732819080070282,65.0235442606501
12,-110.0,-16.73278332038795,65.02353997488017
12,-110.0,-16.732611779038418,65.02353997488017
12,-110.0,-16.73244023768889,65.02352034280122
12,-110.0,-16.73226869633936,65.02350067714767
12,-110.0,-16.732097154989834,65.02348311624061
12,-110.0,-16.731925613640303,65.02346816058386
12,-110.0,-16.731754072290776,65.02346816058386
12,-110.0,-16.731582530941246,65.02345781977587
12,-110.0,-16.73141098959172,65.0234463376729
12,-110.0,-16.731239448242192,65.02343178986395
12,-110.0,-16.73106790689266,65.02341145199664
12,-110.0,-16.730896365543135,65.02338404653939
12,-110.0,-16.730724824193604,65.02338234533141
12,-110.0,-16.730675809152658,65.02337231775523
12,-110.0,-16.730553282844078,65.02334395730725
12,-110.0,-16.730381741494547,65.02329326783816
12,-110.0,-16.73021020014502,65.02323083115223
12,-110.0,-16.73013296147692,65.02320037486038
12,-110.0,-16.73003865879549,65.02315658213058
12,-110.0,-16.729867117445963,65.02315658213058
12,-110.0,-16.729695576096432,65.02306814121008
12,-110.0,-16.72962646925655,65.02302843196553
12,-110.0,-16.729524034746905,65.02289167505118
12,-110.0,-16.72949991019641,65.02285648907066
12,-110.0,-16.72935249339738,65.02273233399896
12,-110.0,-16.729300297515724,65.02268454617581
12,-110.0,-16.729180952047848,65.02257151711889
12,-110.0,-16.729121992966878,65.02251260328096
12,-110.0,-16.72900941069832,65.02239940873403
12,-110.0,-16.728953866275994,65.02234066038609
12,-110.0,-16.72883786934879,65.022182217958
12,-110.0,-16.728666327999264,65.022182217958
12,-110.0,-16.728657375732944,65.02216871749124
12,-110.0,-16.728666327999264,65.02215804538947
12,-110.0,-16.728789891483753,65.02199677459639
12,-110.0,-16.728796478922938,65.02182483170152
12,-110.0,-16.728810204719586,65.02165288880667
12,-110.0,-16.72881280145182,65.02148094591182
12,-110.0,-16.728816878397602,65.02130900301695
12,-110.0,-16.72883786934879,65.02126746303821
12,-110.0,-16.728911832866704,65.0211370601221
12,-110.0,-16.729009410698318,65.02107173854836
12,-110.0,-16.729180952047848,65.02103058764817
12,-110.0,-16.72935249339738,65.02098469350577
12,-110.0,-16.72939731179671,65.02096511722725
12,-110.0,-16.729524034746905,65.02090386107848
12,-110.0,-16.729695576096432,65.02081562530819
12,-110.0,-16.729735337786092,65.02079317433238
12,-110.0,-16.729867117445963,65.0206738600595
12,-110.0,-16.73003865879549,65.0206738600595
12,-110.0,-16.73008892435058,65.02062123143753
12,-110.0,-16.730173303441813,65.02044928854268
12,-110.0,-16.73018449654962,65.02027734564781
12,-110.0,-16.730119030633887,65.02010540275296
12,-110.0,-16.73003865879549,65.020007577658
12,-110.0,-16.72998028523131,65.01993345985811
12,-110.0,-16.729867117445963,65.01979781797537
12,-110.0,-16.72983557872371,65.01976151696324
12,-110.0,-16.72973070991508,65.01958957406839
12,-110.0,-16.729695576096432,65.01944306935529
12,-110.0,-16.729688813828112,65.01941763117354
12,-110.0,-16.729695576096432,65.0192463620361
12,-110.0,-16.72969560205451,65.01924568827867
12,-110.0,-16.729700846826542,65.01907374538382
12,-110.0,-16.729695576096432,65.01904153165748
12,-110.0,-16.72965527877328,65.01890180248897
12,-110.0,-16.729524034746905,65.0188224442298
12,-110.0,-16.72935249339738,65.01875837461876
12,-110.0,-16.729180952047848,65.01875837461876
12,-110.0,-16.729071168787165,65.0187298595941
12,-110.0,-16.72900941069832,65.01871441996694
12,-110.0,-16.72883786934879,65.01864506218439
12,-110.0,-16.72871866278269,65.01855791669925
12,-110.0,-16.728666327999264,65.01853413943263
12,-110.0,-16.728494786649733,65.01844943325803
12,-110.0,-16.728357397248416,65.0183859738044
12,-110.0,-16.728323245300206,65.01837626761605
12,-110.0,-16.728151703950676,65.01837626761605
12,-110.0,-16.72798016260115,65.0183376660824
12,-110.0,-16.727808621251622,65.01831137439359
12,-110.0,-16.727637079902095,65.0182915351685
12,-110.0,-16.727465538552565,65.0182754516411
12,-110.0,-16.727293997203034,65.01826616884586
12,-110.0,-16.727122455853507,65.01826147708296
12,-110.0,-16.726950914503977,65.01825050175506
12,-110.0,-16.726890500625842,65.01821403090953
12,-110.0,-16.72677937315445,65.01816154737479
12,-110.0,-16.72660783180492,65.0181551899071
12,-110.0,-16.726436290455393,65.01814735502562
12,-110.0,-16.726264749105862,65.01814735502562
12,-110.0,-16.726093207756335,65.01813529336826
12,-110.0,-16.72592166640681,65.01812006672014
12,-110.0,-16.725750125057278,65.01813352163856
12,-110.0,-16.72557858370775,65.01817525590201
12,-110.0,-16.72540704235822,65.01817525590201
12,-110.0,-16.725264843683057,65.01821403090953
12,-110.0,-16.725235501008694,65.01822536167609
12,-110.0,-16.725063959659163,65.0182831812676
12,-110.0,-16.724892418309636,65.01828731153088
12,-110.0,-16.724720876960106,65.01828579978898
12,-110.0,-16.72454933561058,65.01828579978898
12,-110.0,-16.72437779426105,65.01828869337777
12,-110.0,-16.72420625291152,65.01829448005256
12,-110.0,-16.724034711561995,65.01830183224266
12,-110.0,-16.723863170212464,65.01830927573869
12,-110.0,-16.723691628862937,65.01830927573869
12,-110.0,-16.723520087513407,65.01831416588618
12,-110.0,-16.72334854616388,65.01831752915339
12,-110.0,-16.72317700481435,65.0183222162263
12,-110.0,-16.723005463464823,65.01832973722833
12,-110.0,-16.722833922115292,65.01833258173014
12,-110.0,-16.722662380765765,65.01833863234889
12,-110.0,-16.722490839416235,65.01834815356936
12,-110.0,-16.722319298066708,65.01835828041078
12,-110.0,-16.72214775671718,65.01837046107569
12,-110.0,-16.72197621536765,65.01837182131149
12,-110.0,-16.721809990908504,65.0183859738044
12,-110.0,-16.721804674018124,65.01838666069577
12,-110.0,-16.721633132668593,65.01841294658263
12,-110.0,-16.721461591319066,65.01844091966784
12,-110.0,-16.721290049969532,65.01846673867567
12,-110.0,-16.72111850862001,65.01847945474218
12,-110.0,-16.72094696727048,65.0184911183183
12,-110.0,-16.72077542592095,65.01851689293872
12,-110.0,-16.72060388457142,65.01854360132263
12,-110.0,-16.720516206205097,65.01855791669925
12,-110.0,-16.720432343221894,65.01857610687824
12,-110.0,-16.720260801872367,65.01857610687824
12,-110.0,-16.720089260522837,65.01861393665956
12,-110.0,-16.71991771917331,65.01855802268608
12,-110.0,-16.71974617782378,65.01863567442525
12,-110.0,-16.719574636474253,65.01871248962544
12,-110.0,-16.719403095124722,65.0187183983671
12,-110.0,-16.719231553775195,65.01868138623097
12,-110.0,-16.719060012425665,65.01872022698907
12,-110.0,-16.719018164009597,65.0187298595941
12,-110.0,-16.718888471076138,65.01879947253404
12,-110.0,-16.71871692972661,65.01881504079549
12,-110.0,-16.71854538837708,65.01881504079549
12,-110.0,-16.718373847027554,65.01885894264015
12,-110.0,-16.718202305678023,65.01890052754722
12,-110.0,-16.7181971429167,65.01890180248897
12,-110.0,-16.718030764328496,65.01895394136886
12,-110.0,-16.717859222978966,65.01900589513903
12,-110.0,-16.71768768162944,65.01900589513903
12,-110.0,-16.71751614027991,65.01905648909714
12,-110.0,-16.71745908909017,65.01907374538382
12,-110.0,-16.71734459893038,65.0191193808476
12,-110.0,-16.71717305758085,65.01918496697597
12,-110.0,-16.717001516231324,65.01924510569842
12,-110.0,-16.716829974881794,65.01924510569842
12,-110.0,-16.7168283815292,65.01924568827867
12,-110.0,-16.716658433532267,65.0193214502451
12,-110.0,-16.71648689218274,65.01938855601088
12,-110.0,-16.716409553410823,65.01941763117354
12,-110.0,-16.71631535083321,65.01946054917826
12,-110.0,-16.716143809483683,65.01946054917826
12,-110.0,-16.715972268134152,65.01953602039399
12,-110.0,-16.715847689524495,65.01958957406839
12,-110.0,-16.715800726784625,65.0196145050172
12,-110.0,-16.715629185435095,65.0197068540985
12,-110.0,-16.71553031252173,65.01976151696324
12,-110.0,-16.715457644085568,65.01981307249879
12,-110.0,-16.715286102736037,65.01981307249879
12,-110.0,-16.71511456138651,65.01993087763962
12,-110.0,-16.715110854051602,65.01993345985811
12,-110.0,-16.71494302003698,65.02006123030328
12,-110.0,-16.714881920849745,65.02010540275296
12,-110.0,-16.714771478687453,65.02026406156335
12,-110.0,-16.714599937337923,65.02018869652325
12,-110.0,-16.71447540877595,65.02027734564781
12,-110.0,-16.714428395988396,65.02034493170814
12,-110.0,-16.71435822857861,65.02044928854268
12,-110.0,-16.71425685463887,65.02052660961996
12,-110.0,-16.714128614923766,65.02062123143753
12,-110.0,-16.71408531328934,65.02065487517157
12,-110.0,-16.71391377193981,65.02071988660532
12,-110.0,-16.71374223059028,65.02078178615915
12,-110.0,-16.713726423881624,65.02079317433238
12,-110.0,-16.713570689240754,65.02090451851902
12,-110.0,-16.713479505411453,65.02096511722725
12,-110.0,-16.713399147891224,65.02102041243582
12,-110.0,-16.713227606541697,65.02112913396414
12,-110.0,-16.713056065192166,65.02112913396414
12,-110.0,-16.71304370475658,65.0211370601221
12,-110.0,-16.71288452384264,65.02124841146772
12,-110.0,-16.712796050534337,65.02130900301695
12,-110.0,-16.712712982493112,65.02137306574018
12,-110.0,-16.712571908148142,65.02148094591182
12,-110.0,-16.712541441143582,65.02150694968985
12,-110.0,-16.712369899794055,65.02150694968985
12,-110.0,-16.712198358444525,65.02165025832804
12,-110.0,-16.712195189049194,65.02165288880667
12,-110.0,-16.712026817094998,65.02180590187035
12,-110.0,-16.712005197773294,65.02182483170152
12,-110.0,-16.711855275745467,65.02196620823084
12,-110.0,-16.71168373439594,65.02198173130256
12,-110.0,-16.711650361074376,65.02199677459639
12,-110.0,-16.71151219304641,65.02213396863574
12,-110.0,-16.71147623578089,65.02216871749124
12,-110.0,-16.711340651696883,65.02230311369806
12,-110.0,-16.711302654777423,65.02234066038609
12,-110.0,-16.711169110347353,65.02246847839739
12,-110.0,-16.710997568997826,65.02249115902785
12,-110.0,-16.71095007676968,65.02251260328096
12,-110.0,-16.7108260276483,65.02261733874543
12,-110.0,-16.71074169524909,65.02268454617581
12,-110.0,-16.71065448629877,65.02276190781247
12,-110.0,-16.71054629764606,65.02285648907068
12,-110.0,-16.71048294494924,65.02293388279949
12,-110.0,-16.71031140359971,65.0229888376632
12,-110.0,-16.710222364386578,65.02302843196553
12,-110.0,-16.710185860057493,65.02320037486038
12,-110.0,-16.71022681197438,65.02337231775523
12,-110.0,-16.710139862250184,65.02351579407456
12,-110.0,-16.71012682667064,65.0235442606501
12,-110.0,-16.710060198721354,65.02371620354495
12,-110.0,-16.709968320900654,65.02379373357905
12,-110.0,-16.70985139991965,65.0238881464398
12,-110.0,-16.709796779551127,65.02391304926421
12,-110.0,-16.709625238201596,65.02393093331
12,-110.0,-16.70945369685207,65.02405784695418
12,-110.0,-16.70945045329986,65.02406008933467
12,-110.0,-16.70928215550254,65.02418676665647
12,-110.0,-16.709216812871723,65.02423203222952
12,-110.0,-16.709110614153012,65.02430418432203
12,-110.0,-16.708939072803485,65.02430418432203
12,-110.0,-16.708782631237085,65.02440397512437
12,-110.0,-16.708767531453955,65.02441334625723
12,-110.0,-16.708595990104428,65.02455639773683
12,-110.0,-16.70857886139352,65.02457591801924
12,-110.0,-16.708516713176564,65.02474786091409
12,-110.0,-16.708424448754897,65.0248749459825
12,-110.0,-16.70825290740537,65.0248749459825
12,-110.0,-16.70820892792215,65.02491980380894
12,-110.0,-16.70808136605584,65.02497649659568
12,-110.0,-16.707909824706313,65.02501808277584
12,-110.0,-16.707738283356782,65.02505120765139
12,-110.0,-16.707566742007256,65.02509087380353
12,-110.0,-16.707395200657725,65.02509087380353
12,-110.0,-16.707392168338007,65.02509174670381
12,-110.0,-16.707223659308198,65.02521230466706
12,-110.0,-16.707168739176694,65.02526368959866
12,-110.0,-16.70705211795867,65.02539987615909
12,-110.0,-16.707016214528352,65.02543563249351
12,-110.0,-16.70688057660914,65.02548463397812
12,-110.0,-16.706709035259614,65.02548463397812
12,-110.0,-16.706537493910083,65.02554056675646
12,-110.0,-16.706365952560557,65.02560187200184
12,-110.0,-16.706353860673108,65.02560757538838
12,-110.0,-16.706194411211026,65.02576274138441
12,-110.0,-16.706180521028624,65.02577951828323
12,-110.0,-16.706194411211026,65.02580867311579
12,-110.0,-16.706275035360495,65.02595146117808
12,-110.0,-16.70630015736885,65.02612340407295
12,-110.0,-16.70631350726484,65.0262953469678
12,-110.0,-16.706194411211026,65.02643898165152
12,-110.0,-16.706171864702874,65.02646728986265
12,-110.0,-16.706194411211026,65.02656411648185
12,-110.0,-16.706365952560557,65.02656411648185
12,-110.0,-16.706382624284434,65.02663923275752
12,-110.0,-16.706400821010313,65.02681117565237
12,-110.0,-16.706365952560557,65.02685092895486
12,-110.0,-16.70625134919448,65.02698311854722
12,-110.0,-16.706271659488205,65.02715506144209
12,-110.0,-16.706278238822804,65.02732700433694
12,-110.0,-16.70627886784179,65.02749894723179
12,-110.0,-16.7063140100615,65.02767089012666
12,-110.0,-16.70634853577856,65.02784283302151
12,-110.0,-16.70635615656198,65.02801477591636
12,-110.0,-16.706365952560557,65.02809754774535
12,-110.0,-16.706377409787997,65.02818671881123
12,-110.0,-16.706458451242867,65.02835866170608
12,-110.0,-16.706537493910083,65.02848246898668
12,-110.0,-16.706560479384798,65.02853060460095
12,-110.0,-16.706624338376344,65.0287025474958
12,-110.0,-16.706709035259614,65.02884600977426
12,-110.0,-16.70672584957114,65.02887449039065
12,-110.0,-16.706842211899694,65.0290464332855
12,-110.0,-16.70688057660914,65.0290832290519
12,-110.0,-16.707031731439194,65.02921837618037
12,-110.0,-16.70705211795867,65.02923447286352
12,-110.0,-16.707223659308198,65.02929151763809
12,-110.0,-16.707395200657725,65.02936891166073
12,-110.0,-16.70742369484052,65.02939031907522
12,-110.0,-16.707566742007252,65.02956015544454
12,-110.0,-16.707568314979383,65.02956226197007
12,-110.0,-16.707636611580405,65.02973420486494
12,-110.0,-16.707690117250138,65.02990614775979
12,-110.0,-16.707725379239477,65.03007809065464
12,-110.0,-16.707738283356782,65.03011353307281
12,-110.0,-16.707799322573017,65.0302500335495
12,-110.0,-16.707895531931566,65.03042197644436
12,-110.0,-16.707909824706313,65.03044099618056
12,-110.0,-16.708038151795122,65.03059391933921
12,-110.0,-16.70808136605584,65.03064390516155
12,-110.0,-16.70818514807124,65.03076586223408
12,-110.0,-16.70825290740537,65.03084978571933
12,-110.0,-16.7083357877419,65.03093780512893
12,-110.0,-16.708424448754897,65.03099328909035
12,-110.0,-16.708595990104428,65.03107164035197
12,-110.0,-16.708713650889358,65.03110974802378
12,-110.0,-16.708767531453955,65.03112327377016
12,-110.0,-16.708939072803485,65.03112327377016
12,-110.0,-16.709110614153012,65.03116248215807
12,-110.0,-16.70928215550254,65.03119592584278
12,-110.0,-16.70945369685207,65.0312199387794
12,-110.0,-16.709625238201596,65.03122999236201
12,-110.0,-16.709726069459514,65.03128169091865
12,-110.0,-16.709796779551127,65.03131565169633
12,-110.0,-16.709968320900654,65.03132064047816
12,-110.0,-16.710139862250184,65.03132867691684
12,-110.0,-16.71031140359971,65.03135033250447
12,-110.0,-16.71048294494924,65.03138989807678
12,-110.0,-16.710640879228908,65.0314536338135
12,-110.0,-16.71065448629877,65.03146235173854
12,-110.0,-16.7108260276483,65.03146235173854
12,-110.0,-16.710995575069614,65.03162557670835
12,-110.0,-16.710997568997826,65.03163019860928
12,-110.0,-16.71106389866555,65.03179751960322
12,-110.0,-16.711127525145386,65.03196946249807
12,-110.0,-16.711169110347353,65.03210805824804
12,-110.0,-16.711179031405166,65.03214140539292
12,-110.0,-16.711233614824103,65.03231334828779
12,-110.0,-16.711310714723453,65.03248529118264
12,-110.0,-16.711340651696887,65.03258749925061
12,-110.0,-16.711362608071266,65.03265723407749
12,-110.0,-16.711468478676167,65.03282917697236
12,-110.0,-16.711509558008267,65.03300111986721
12,-110.0,-16.71151219304641,65.03303007909452
12,-110.0,-16.71152615548573,65.03317306276206
12,-110.0,-16.71157197304271,65.03334500565693
12,-110.0,-16.711647614536417,65.03351694855178
12,-110.0,-16.71168373439594,65.03357212759431
12,-110.0,-16.711777443476542,65.03368889144663
12,-110.0,-16.711855275745467,65.03376143293002
12,-110.0,-16.71198866672136,65.0338608343415
12,-110.0,-16.712026817094998,65.033885274965
12,-110.0,-16.712198358444525,65.03400757164442
12,-110.0,-16.712227667041876,65.03403277723635
12,-110.0,-16.71232866288636,65.0342047201312
12,-110.0,-16.712369899794055,65.03427548716988
12,-110.0,-16.712446953296528,65.03437666302607
12,-110.0,-16.71254144114358,65.03450755967263
12,-110.0,-16.712712982493112,65.03450755967263
12,-110.0,-16.712740235728496,65.03454860592092
12,-110.0,-16.712712982493112,65.03462228100858
12,-110.0,-16.712679522822775,65.03472054881577
12,-110.0,-16.712712982493112,65.03476825985392
12,-110.0,-16.71288452384264,65.03476825985392
12,-110.0,-16.712972649869624,65.03489249171064
12,-110.0,-16.713056065192166,65.03498337514917
12,-110.0,-16.71313367763557,65.03506443460549
12,-110.0,-16.713227606541697,65.03514294332889
12,-110.0,-16.71334596689683,65.03523637750034
12,-110.0,-16.713399147891224,65.03527921556649
12,-110.0,-16.71355513481513,65.0354083203952
12,-110.0,-16.713570689240754,65.03542393798271
12,-110.0,-16.71372466282986,65.03558026329006
12,-110.0,-16.71374223059028,65.03561081035423
12,-110.0,-16.713836697364076,65.03575220618491
12,-110.0,-16.71391377193981,65.03579149898856
12,-110.0,-16.71408531328934,65.03579149898856
12,-110.0,-16.71425685463887,65.03586431147079
12,-110.0,-16.71441683348927,65.03592414907978
12,-110.0,-16.714428395988396,65.03592824333772
12,-110.0,-16.714599937337926,65.0359916177327
12,-110.0,-16.714771478687453,65.03605652828449
12,-110.0,-16.714872581486667,65.03609609197463
12,-110.0,-16.71494302003698,65.03613170566453
12,-110.0,-16.71511456138651,65.03613170566453
12,-110.0,-16.715286102736037,65.03621249907819
12,-110.0,-16.71542224372442,65.03626803486948
12,-110.0,-16.715457644085568,65.03628658846146
12,-110.0,-16.715629185435095,65.03638568417057
12,-110.0,-16.715717854149602,65.03643997776435
12,-110.0,-16.715800726784625,65.03650218259548
12,-110.0,-16.715963252237184,65.0366119206592
12,-110.0,-16.715972268134152,65.03661817139357
12,-110.0,-16.716143809483683,65.0366237471285
12,-110.0,-16.716270716121137,65.03678386355405
12,-110.0,-16.71631535083321,65.03681501775714
12,-110.0,-16.716486892182736,65.03692513698549
12,-110.0,-16.71653991781362,65.03695580644892
12,-110.0,-16.716658433532267,65.0370313004569
12,-110.0,-16.716823487043225,65.03712774934377
12,-110.0,-16.716829974881794,65.037130895807
12,-110.0,-16.717001516231324,65.03720992832919
12,-110.0,-16.71717305758085,65.03727744009498
12,-110.0,-16.71734459893038,65.03728740316184
12,-110.0,-16.71737284750307,65.03729969223862
12,-110.0,-16.71751614027991,65.0373524802071
12,-110.0,-16.71768768162944,65.03741205689334
12,-110.0,-16.717859222978966,65.03746655589369
12,-110.0,-16.717876728229328,65.03747163513349
12,-110.0,-16.718030764328496,65.03751259406832
12,-110.0,-16.718202305678023,65.03751259406832
12,-110.0,-16.718373847027554,65.03755660761455
12,-110.0,-16.71854538837708,65.03759788752416
12,-110.0,-16.718716929726607,65.03763559227201
12,-110.0,-16.718751538562287,65.03764357802834
12,-110.0,-16.718888471076138,65.03770804030086
12,-110.0,-16.719060012425665,65.0377904482154
12,-110.0,-16.719231553775195,65.03780322744242
12,-110.0,-16.719284833309022,65.03781552092319
12,-110.0,-16.719403095124722,65.03784382962115
12,-110.0,-16.719574636474253,65.03789878868301
12,-110.0,-16.71974617782378,65.03796858886314
12,-110.0,-16.719789799152373,65.03798746381806
12,-110.0,-16.71991771917331,65.03802312371668
12,-110.0,-16.720089260522837,65.03806204303153
12,-110.0,-16.720260801872367,65.03806204303153
12,-110.0,-16.720432343221894,65.03809335801502
12,-110.0,-16.72060388457142,65.0381228181825
12,-110.0,-16.72077542592095,65.03815471326298
12,-110.0,-16.720799428566608,65.03815940671291
12,-110.0,-16.72094696727048,65.03818883125643
12,-110.0,-16.72111850862001,65.03818883125643
12,-110.0,-16.721290049969536,65.03823397069615
12,-110.0,-16.721461591319066,65.0382906617903
12,-110.0,-16.721564983629264,65.03833134960776
12,-110.0,-16.721633132668593,65.03835561592376
12,-110.0,-16.721804674018124,65.03841760097416
12,-110.0,-16.72197621536765,65.0384751592561
12,-110.0,-16.72214775671718,65.0384751592561
12,-110.0,-16.722219227712063,65.03850329250261
12,-110.0,-16.722319298066708,65.03859084153977
12,-110.0,-16.72239020956031,65.03867523539748
12,-110.0,-16.722490839416235,65.03875514544272
12,-110.0,-16.722592701166768,65.03884717829233
12,-110.0,-16.722662380765765,65.03889303889827
12,-110.0,-16.722833922115292,65.03898462608298
12,-110.0,-16.72293389184907,65.0390191211872
12,-110.0,-16.723005463464823,65.03903915992866
12,-110.0,-16.72317700481435,65.03904574638273
12,-110.0,-16.72334854616388,65.03907658167023
12,-110.0,-16.723520087513407,65.03910482756133
12,-110.0,-16.723691628862937,65.03912974233897
12,-110.0,-16.723863170212464,65.03914613839842
12,-110.0,-16.724034711561995,65.03914882903342
12,-110.0,-16.72420625291152,65.0391513210509
12,-110.0,-16.72437779426105,65.03916051500461
12,-110.0,-16.72454933561058,65.03917293089874
12,-110.0,-16.72463498053506,65.03919106408205
12,-110.0,-16.724720876960106,65.03921521285432
12,-110.0,-16.724892418309636,65.0392968413778
12,-110.0,-16.725063959659167,65.0392968413778
12,-110.0,-16.725191741680355,65.0393630069769
12,-110.0,-16.725235501008694,65.03940115813573
12,-110.0,-16.725378580700504,65.03953494987176
12,-110.0,-16.72540704235822,65.03954619359939
12,-110.0,-16.72557858370775,65.03961304467087
12,-110.0,-16.725750125057278,65.03967479322463
12,-110.0,-16.725840163569693,65.03970689276662
12,-110.0,-16.72592166640681,65.03973983734969
12,-110.0,-16.726093207756335,65.03973983734969
12,-110.0,-16.72626474910586,65.03980278853922
12,-110.0,-16.726436290455393,65.0398608240746
12,-110.0,-16.726497075044303,65.03987883566147
12,-110.0,-16.72660783180492,65.03991211206757
12,-110.0,-16.72677937315445,65.03995251311204
12,-110.0,-16.726950914503977,65.03998017521731
12,-110.0,-16.727122455853507,65.03998017521731
12,-110.0,-16.727293997203034,65.03999689745255
12,-110.0,-16.727465538552565,65.0400259519727
12,-110.0,-16.727535285038037,65.04005077855633
12,-110.0,-16.72763707990209,65.04010988310371
12,-110.0,-16.727788961042418,65.04022272145119
12,-110.0,-16.727808621251622,65.04023455516305
12,-110.0,-16.727969369527123,65.04039466434604
12,-110.0,-16.72798016260115,65.04041696700689
12,-110.0,-16.728151703950676,65.04041696700689
12,-110.0,-16.7282123720635,65.0405666072409
12,-110.0,-16.728323245300206,65.0407201631788
12,-110.0,-16.728338664934657,65.04073855013576
12,-110.0,-16.728494786649733,65.0409081256189
12,-110.0,-16.72849787424053,65.04091049303061
12,-110.0,-16.728666327999264,65.04105698229856
12,-110.0,-16.728690304037688,65.04108243592547
12,-110.0,-16.72883786934879,65.0412138565606
12,-110.0,-16.72889765497526,65.04125437882033
12,-110.0,-16.72900941069832,65.04129167648111
12,-110.0,-16.729180952047848,65.04134111260748
12,-110.0,-16.72935249339738,65.04134111260748
12,-110.0,-16.729524034746905,65.04139256867849
12,-110.0,-16.729625605909963,65.04142632171518
12,-110.0,-16.729695576096432,65.04144573355626
12,-110.0,-16.729867117445963,65.04148712496206
12,-110.0,-16.730038658795486,65.0415127433962
12,-110.0,-16.73021020014502,65.04151649709218
12,-110.0,-16.730359229629773,65.04159826461004
12,-110.0,-16.730381741494547,65.04160946433082
12,-110.0,-16.730553282844078,65.04159905923018
12,-110.0,-16.73056053578202,65.04159826461004
12,-110.0,-16.7307248241936,65.04156104048477
12,-110.0,-16.730896365543135,65.04156087146094
12,-110.0,-16.73106790689266,65.04154816754797
12,-110.0,-16.731239448242192,65.04154142390331
12,-110.0,-16.73141098959172,65.04152176267527
12,-110.0,-16.731582530941246,65.04151102396206
12,-110.0,-16.731754072290776,65.04150542925719
12,-110.0,-16.731925613640303,65.04150153230407
12,-110.0,-16.732097154989834,65.04150153230407
12,-110.0,-16.73226869633936,65.04149817223032
12,-110.0,-16.73244023768889,65.04149810591376
12,-110.0,-16.732611779038418,65.04150387128253
12,-110.0,-16.73278332038795,65.0415125416115
12,-110.0,-16.732954861737475,65.0415125416115
12,-110.0,-16.733126403087006,65.04152693362217
12,-110.0,-16.73329794443653,65.04154220179542
12,-110.0,-16.73346948578606,65.04155305632455
12,-110.0,-16.73364102713559,65.04156166909154
12,-110.0,-16.733812568485117,65.04156166909154
12,-110.0,-16.733984109834648,65.04156862828296
12,-110.0,-16.734155651184174,65.04157360307559
12,-110.0,-16.734327192533705,65.0415801203012
12,-110.0,-16.734498733883232,65.0415846151216
12,-110.0,-16.734670275232762,65.0415846151216
12,-110.0,-16.73484181658229,65.04158091023035
12,-110.0,-16.73501335793182,65.04157274351927
12,-110.0,-16.735184899281347,65.04156288164133
12,-110.0,-16.735356440630873,65.04155653959967
12,-110.0,-16.735527981980404,65.04155846178622
12,-110.0,-16.73569952332993,65.04155678766095
12,-110.0,-16.73587106467946,65.04156846169721
12,-110.0,-16.736042606028988,65.04159812793853
12,-110.0,-16.736043159718935,65.04159826461003
12,-110.0,-16.73621414737852,65.04171787581122
12,-110.0,-16.736283674942886,65.0417702075049
12,-110.0,-16.736385688728046,65.04180708686152
12,-110.0,-16.736557230077576,65.04181448366889
12,-110.0,-16.736728771427103,65.04184335181199
12,-110.0,-16.736900312776633,65.04185059901315
12,-110.0,-16.73707185412616,65.04183672345344
12,-110.0,-16.737243395475687,65.04182046947292
12,-110.0,-16.737414936825218,65.04181435872154
12,-110.0,-16.737586478174745,65.04180781749531
12,-110.0,-16.737758019524275,65.04179782521707
12,-110.0,-16.737929560873802,65.04179602771748
12,-110.0,-16.738101102223332,65.0417968029408
12,-110.0,-16.73827264357286,65.04179791272526
12,-110.0,-16.73844418492239,65.04179791272526
12,-110.0,-16.738615726271917,65.04180216405888
12,-110.0,-16.738787267621447,65.04180339432843
12,-110.0,-16.738958808970974,65.04180278259784
12,-110.0,-16.7391303503205,65.04180678181736
12,-110.0,-16.73930189167003,65.04180678181736
12,-110.0,-16.73947343301956,65.04182456010068
12,-110.0,-16.73964497436909,65.0418436000387
12,-110.0,-16.739816515718616,65.04185808789256
12,-110.0,-16.739988057068146,65.04186111803611
12,-110.0,-16.740159598417673,65.04186111803611
12,-110.0,-16.740331139767203,65.04184923241709
12,-110.0,-16.74050268111673,65.04186409380426
12,-110.0,-16.74067422246626,65.0419004824391
12,-110.0,-16.740845763815788,65.0419337656836
12,-110.0,-16.741017305165315,65.0419337656836
12,-110.0,-16.74106334192522,65.04194215039975
12,-110.0,-16.741188846514845,65.04198284737927
12,-110.0,-16.741360387864372,65.04208320099994
12,-110.0,-16.741454889953562,65.0421140932946
12,-110.0,-16.741531929213902,65.04213497184375
12,-110.0,-16.74170347056343,65.04218003157453
12,-110.0,-16.74187501191296,65.04221289735466
12,-110.0,-16.742046553262487,65.04221289735466
12,-110.0,-16.742218094612017,65.04224119316925
12,-110.0,-16.742389635961544,65.04227072071076
12,-110.0,-16.74244403473312,65.04228603618947
12,-110.0,-16.742561177311075,65.04232250751653
12,-110.0,-16.7427327186606,65.04238799018349
12,-110.0,-16.74290426001013,65.0424430845302
12,-110.0,-16.74307580135966,65.04244794885457
12,-110.0,-16.743109651940227,65.04245797908432
12,-110.0,-16.743247342709186,65.04249100889109
12,-110.0,-16.743418884058716,65.04251582883141
12,-110.0,-16.743590425408243,65.04252904731959
12,-110.0,-16.743761966757774,65.0425410850111
12,-110.0,-16.7439335081073,65.0425410850111
12,-110.0,-16.74410504945683,65.04255961393044
12,-110.0,-16.744276590806358,65.04258374974313
12,-110.0,-16.74444813215589,65.04260341621806
12,-110.0,-16.744619673505415,65.04260835851358
12,-110.0,-16.744791214854942,65.04260835851358
12,-110.0,-16.744962756204472,65.04260228867558
12,-110.0,-16.74502885683135,65.04262992197917
12,-110.0,-16.745134297554,65.04268082894089
12,-110.0,-16.74530583890353,65.04267185719111
12,-110.0,-16.745477380253057,65.04266899954894
12,-110.0,-16.745648921602587,65.04267740448384
12,-110.0,-16.745820462952114,65.04267740448384
12,-110.0,-16.745992004301645,65.04269994425147
12,-110.0,-16.74616354565117,65.04272343812858
12,-110.0,-16.746335087000702,65.04273362055463
12,-110.0,-16.74650662835023,65.04273026040163
12,-110.0,-16.746678169699756,65.04273026040163
12,-110.0,-16.746849711049286,65.04271868014588
12,-110.0,-16.747021252398813,65.04270342016531
12,-110.0,-16.747192793748344,65.04270282353427
12,-110.0,-16.74736433509787,65.04271835929102
12,-110.0,-16.7475358764474,65.04271835929102
12,-110.0,-16.747707417796928,65.04276544092122
12,-110.0,-16.747791698497736,65.04280186487404
12,-110.0,-16.74787895914646,65.04287989960427
12,-110.0,-16.748050500495985,65.04290728955459
12,-110.0,-16.748222041845516,65.04287467554676
12,-110.0,-16.748393583195043,65.04285690640543
12,-110.0,-16.74856512454457,65.0428297849435
12,-110.0,-16.7487366658941,65.04283046481024
12,-110.0,-16.748908207243627,65.04284643723024
12,-110.0,-16.749079748593157,65.04287386686508
12,-110.0,-16.749251289942684,65.0428824966886
12,-110.0,-16.749422831292215,65.0428824966886
12,-110.0,-16.74959437264174,65.04283906026231
12,-110.0,-16.749765913991272,65.0428079642969
12,-110.0,-16.7499374553408,65.04283216433957
12,-110.0,-16.75010899669033,65.04293144817385
12,-110.0,-16.750280538039856,65.04293144817385
12,-110.0,-16.75035051294418,65.04297380776889
12,-110.0,-16.750452079389383,65.0430087592586
12,-110.0,-16.750623620738914,65.04301926950006
12,-110.0,-16.75079516208844,65.04299849796038
12,-110.0,-16.75096670343797,65.0429827476754
12,-110.0,-16.751138244787498,65.04298093731181
12,-110.0,-16.75130978613703,65.04298573883081
12,-110.0,-16.751481327486555,65.04298259875208
12,-110.0,-16.75161742541047,65.04297380776889
12,-110.0,-16.751652868836086,65.04296840897352
12,-110.0,-16.751824410185613,65.04295824606851
12,-110.0,-16.751995951535143,65.04295824606851
12,-110.0,-16.75216749288467,65.04293871565231
12,-110.0,-16.752339034234197,65.04294085019237
12,-110.0,-16.752510575583727,65.04295966936373
12,-110.0,-16.752566660299713,65.04297380776889
12,-110.0,-16.752682116933254,65.04298827283122
12,-110.0,-16.752853658282785,65.04301639708598
12,-110.0,-16.75302519963231,65.04301639708598
12,-110.0,-16.753196740981842,65.04304835567548
12,-110.0,-16.75336828233137,65.04307577291411
12,-110.0,-16.7535398236809,65.04309651585318
12,-110.0,-16.753711365030426,65.04311623079576
12,-110.0,-16.753882906379957,65.04311623079576
12,-110.0,-16.754054447729484,65.04313401458619
12,-110.0,-16.754147314380177,65.04314575066374
12,-110.0,-16.75422598907901,65.04315562551871
12,-110.0,-16.75439753042854,65.04317809375041
12,-110.0,-16.754569071778068,65.04319604083001
12,-110.0,-16.7547406131276,65.04320784199562
12,-110.0,-16.754912154477125,65.04328081720571
12,-110.0,-16.75506633289698,65.0433176935586
12,-110.0,-16.755083695826656,65.04332009835434
12,-110.0,-16.755255237176183,65.04335827878363
12,-110.0,-16.755426778525713,65.04341342224133
12,-110.0,-16.75559831987524,65.04347275487166
12,-110.0,-16.75576986122477,65.04347275487166
12,-110.0,-16.75581637831643,65.04348963645346
12,-110.0,-16.755941402574297,65.04350736248777
12,-110.0,-16.756112943923824,65.04352953091772
12,-110.0,-16.756284485273355,65.04355451378852
12,-110.0,-16.75645602662288,65.0435872410207
12,-110.0,-16.756627567972412,65.04361174374577
12,-110.0,-16.75679910932194,65.04362136112235
12,-110.0,-16.75697065067147,65.04365082515822
12,-110.0,-16.757048956578572,65.04366157934831
12,-110.0,-16.757142192020996,65.04367203830066
12,-110.0,-16.757313733370527,65.04368770563863
12,-110.0,-16.757485274720054,65.04369951593506
12,-110.0,-16.757656816069584,65.04369951593506
12,-110.0,-16.75782835741911,65.04370125933895
12,-110.0,-16.757999898768638,65.04369379750476
12,-110.0,-16.75817144011817,65.04367319934326
13,-110.0,-16.719574636474253,65.02889465733209
13,-110.0,-16.719403095124722,65.02890228040573
13,-110.0,-16.719231553775195,65.02896803360062
13,-110.0,-16.719060012425665,65.02900999206814
13,-110.0,-16.718888471076138,65.02902793049881
13,-110.0,-16.718716929726607,65.02902470725759
13,-110.0,-16.71854538837708,65.02902470725759
13,-110.0,-16.718373847027554,65.02899447202293
13,-110.0,-16.718202305678023,65.02892763791166
13,-110.0,-16.71811302647852,65.02887449039065
13,-110.0,-16.718030764328496,65.02880498365849
13,-110.0,-16.71792721221446,65.0287025474958
13,-110.0,-16.717883326902964,65.02853060460093
13,-110.0,-16.717897531085274,65.02835866170608
13,-110.0,-16.718030764328496,65.02826144489238
13,-110.0,-16.718202305678023,65.02820520301997
13,-110.0,-16.718373847027554,65.02818938844328
13,-110.0,-16.71854538837708,65.02818938844328
13,-110.0,-16.718716929726607,65.0281926025034
13,-110.0,-16.718888471076138,65.02822949872716
13,-110.0,-16.719060012425665,65.02827151083778
13,-110.0,-16.719231553775195,65.02832461059434
13,-110.0,-16.71940309512472,65.02834133879038
13,-110.0,-16.71948997235858,65.02835866170608
13,-110.0,-16.719574636474253,65.02838521083208
13,-110.0,-16.71974617782378,65.02847645333489
13,-110.0,-16.719807616919567,65.02853060460092
13,-110.0,-16.71979415118564,65.0287025474958
13,-110.0,-16.71974617782378,65.02876042184556
13,-110.0,-16.719629046631837,65.02887449039065
13,-110.0,-16.719574636474253,65.02889465733209
14,-90.0,-16.748222041845516,65.04437543089495
14,-90.0,-16.74833540843699,65.04434935092775
14,-90.0,-16.748393583195043,65.04433361198838
14,-90.0,-16.74856512454457,65.04427819999445
14,-90.0,-16.7487366658941,65.04421647876676
14,-90.0,-16.748908207243627,65.0442078336891
14,-90.0,-16.749005609744476,65.04417740803288
14,-90.0,-16.749079748593157,65.04415597332687
14,-90.0,-16.749251289942684,65.04412251262573
14,-90.0,-16.749422831292215,65.04410114029719
14,-90.0,-16.74959437264174,65.04407557522633
14,-90.0,-16.749765913991272,65.04407557522633
14,-90.0,-16.7499374553408,65.04404432949644
14,-90.0,-16.75010899669033,65.0440084281123
14,-90.0,-16.75012786695833,65.04400546513803
14,-90.0,-16.750280538039856,65.0439825349157
14,-90.0,-16.750452079389383,65.04396764319455
14,-90.0,-16.750623620738914,65.04396764319455
14,-90.0,-16.75079516208844,65.04395993707797
14,-90.0,-16.750966703437975,65.04394794739504
14,-90.0,-16.751138244787498,65.04393586295342
14,-90.0,-16.75130978613703,65.04393068915527
14,-90.0,-16.751481327486555,65.04393068915527
14,-90.0,-16.751652868836086,65.04393464597553
14,-90.0,-16.751824410185613,65.0439449021719
14,-90.0,-16.751995951535143,65.04395076662777
14,-90.0,-16.75216749288467,65.04394801291807
14,-90.0,-16.752339034234197,65.0439403122623
14,-90.0,-16.752510575583727,65.04394026819458
14,-90.0,-16.75268211693325,65.04393036109963
14,-90.0,-16.752853658282785,65.04400464785483
14,-90.0,-16.75302519963231,65.04398444160408
14,-90.0,-16.753196740981842,65.043970801479
14,-90.0,-16.75336828233137,65.04398694177891
14,-90.0,-16.7535398236809,65.04398072540948
14,-90.0,-16.753711365030426,65.04397867553186
14,-90.0,-16.753882906379957,65.04398258082884
14,-90.0,-16.754054447729484,65.04399062225546
14,-90.0,-16.75422598907901,65.04399062225546
14,-90.0,-16.75439753042854,65.04399783002647
14,-90.0,-16.754529418607657,65.04400546513803
14,-90.0,-16.754569071778068,65.04401113978379
14,-90.0,-16.7547406131276,65.0440571601975
14,-90.0,-16.754912154477125,65.04410271999807
14,-90.0,-16.755083695826656,65.04410271999807
14,-90.0,-16.755255237176183,65.04413634362228
14,-90.0,-16.755426778525713,65.04414673105722
14,-90.0,-16.75559831987524,65.04413369534632
14,-90.0,-16.75576986122477,65.04411482351051
14,-90.0,-16.755941402574294,65.04409215270957
14,-90.0,-16.756112943923824,65.04409748193963
14,-90.0,-16.756284485273355,65.04408425641917
14,-90.0,-16.75645602662288,65.044074007024
14,-90.0,-16.756627567972412,65.04406498844747
14,-90.0,-16.75679910932194,65.044059963285
14,-90.0,-16.75697065067147,65.04405882620051
14,-90.0,-16.757142192020996,65.04405481402893
14,-90.0,-16.757313733370527,65.04405419617082
14,-90.0,-16.757485274720054,65.04405707241253
14,-90.0,-16.757656816069584,65.04405687178435
14,-90.0,-16.75782835741911,65.04405687178435
14,-90.0,-16.757999898768638,65.04405306454825
14,-90.0,-16.75817144011817,65.04408464642759
14,-90.0,-16.758342981467695,65.04406298776223
14,-90.0,-16.758514522817226,65.04403716596676
14,-90.0,-16.758686064166753,65.04403716596676
14,-90.0,-16.758857605516283,65.04409350276345
14,-90.0,-16.75902914686581,65.04407721631807
14,-90.0,-16.75920068821534,65.04405730156093
14,-90.0,-16.759372229564867,65.04403868636733
14,-90.0,-16.759543770914398,65.04403868636733
14,-90.0,-16.759715312263925,65.04401967556973
14,-90.0,-16.759845461367473,65.04400546513803
14,-90.0,-16.75988685361345,65.04399954255241
14,-90.0,-16.760058394962982,65.0439746345314
14,-90.0,-16.76022993631251,65.04394770343397
14,-90.0,-16.76040147766204,65.04394770343397
14,-90.0,-16.760573019011566,65.04392126134591
14,-90.0,-16.760744560361097,65.0439012349657
14,-90.0,-16.760916101710624,65.04388476875052
14,-90.0,-16.761087643060154,65.04386720736595
14,-90.0,-16.76125918440968,65.04386720736595
14,-90.0,-16.76143072575921,65.04384268597148
14,-90.0,-16.76147486622822,65.04383352224318
14,-90.0,-16.76160226710874,65.04380184109405
14,-90.0,-16.761773808458265,65.04375794264047
14,-90.0,-16.761945349807796,65.04371714181522
14,-90.0,-16.762116891157323,65.04371714181522
14,-90.0,-16.762288432506853,65.04367741045667
14,-90.0,-16.762356474724058,65.04366157934831
14,-90.0,-16.76245997385638,65.04362455191739
14,-90.0,-16.76263151520591,65.04356456838647
14,-90.0,-16.762803056555438,65.04354349085098
14,-90.0,-16.762974597904968,65.04350410358451
14,-90.0,-16.763018237823065,65.04348963645346
14,-90.0,-16.763146139254495,65.04343675190756
14,-90.0,-16.763317680604025,65.04335481549646
14,-90.0,-16.76339356737592,65.0433176935586
14,-90.0,-16.763489221953552,65.04326665569681
14,-90.0,-16.76366076330308,65.04326665569681
14,-90.0,-16.76383230465261,65.04314855733915
14,-90.0,-16.7638353191405,65.04314575066374
14,-90.0,-16.76400384600214,65.04307923940421
14,-90.0,-16.764175387351667,65.04298311680549
14,-90.0,-16.764190088654217,65.04297380776889
14,-90.0,-16.764346928701194,65.04294120804346
14,-90.0,-16.764518470050724,65.0429291980915
14,-90.0,-16.76469001140025,65.04287663081467
14,-90.0,-16.76486155274978,65.04281714945986
14,-90.0,-16.764904010199988,65.04280186487404
14,-90.0,-16.76503309409931,65.04276805065233
14,-90.0,-16.76520463544884,65.04274362075115
14,-90.0,-16.765376176798366,65.04272966761792
14,-90.0,-16.765547718147893,65.04268835606047
14,-90.0,-16.765719259497423,65.04263889257292
14,-90.0,-16.76574205992583,65.04262992197917
14,-90.0,-16.76589080084695,65.04257079391412
14,-90.0,-16.76606234219648,65.04257079391412
14,-90.0,-16.766233883546008,65.04251045397822
14,-90.0,-16.766405424895538,65.04247851244614
14,-90.0,-16.766576966245065,65.04246113235887
14,-90.0,-16.766748507594595,65.0424584881243
14,-90.0,-16.766920048944122,65.04245850167054
14,-90.0,-16.767091590293653,65.04246518166441
14,-90.0,-16.76726313164318,65.04247979542166
14,-90.0,-16.767434672992707,65.04250429009008
14,-90.0,-16.767606214342237,65.04252712860765
14,-90.0,-16.767777755691764,65.04253430956936
14,-90.0,-16.767949297041294,65.04254073997322
14,-90.0,-16.76812083839082,65.04253947344623
14,-90.0,-16.768292379740352,65.04251684682346
14,-90.0,-16.76846392108988,65.0424874174785
14,-90.0,-16.768626603075734,65.04245797908432
14,-90.0,-16.76863546243941,65.04245668602303
14,-90.0,-16.768807003788936,65.04245648256847
14,-90.0,-16.768978545138467,65.0424317738896
14,-90.0,-16.76915008648799,65.04240590081204
14,-90.0,-16.76932162783752,65.04237054034354
14,-90.0,-16.76949316918705,65.04236039240513
14,-90.0,-16.769664710536578,65.04233514383476
14,-90.0,-16.769836251886108,65.04231202874827
14,-90.0,-16.769933501617466,65.04228603618947
14,-90.0,-16.770007793235635,65.04227717068925
14,-90.0,-16.770179334585166,65.04227677727253
14,-90.0,-16.77019743794918,65.04228603618947
14,-90.0,-16.770350875934692,65.04237930194255
14,-90.0,-16.770522417284223,65.04237930194255
14,-90.0,-16.77069395863375,65.04239976849553
14,-90.0,-16.77086549998328,65.0424228194052
14,-90.0,-16.771037041332807,65.04244298538981
14,-90.0,-16.771208582682334,65.04245213357721
14,-90.0,-16.771380124031865,65.04245213357721
14,-90.0,-16.77155166538139,65.04244967433368
14,-90.0,-16.771723206730922,65.04243561520661
14,-90.0,-16.77189474808045,65.04241196236336
14,-90.0,-16.77206628942998,65.04238049002205
14,-90.0,-16.772237830779506,65.04238049002205
14,-90.0,-16.772409372129037,65.0423428505264
14,-90.0,-16.772580913478564,65.04230298893997
14,-90.0,-16.772650886553897,65.04228603618947
14,-90.0,-16.772752454828094,65.04225764503559
14,-90.0,-16.77292399617762,65.04220865601513
14,-90.0,-16.773095537527148,65.04220865601513
14,-90.0,-16.77326707887668,65.04215773694209
14,-90.0,-16.773407654043588,65.0421140932946
14,-90.0,-16.773438620226205,65.04210507351654
14,-90.0,-16.773610161575736,65.04205928921012
14,-90.0,-16.773781702925262,65.04201634020555
14,-90.0,-16.773953244274793,65.04201634020555
14,-90.0,-16.77412478562432,65.04197510698567
14,-90.0,-16.77426407128744,65.04194215039975
14,-90.0,-16.77429632697385,65.04193449797421
14,-90.0,-16.774467868323377,65.04189840556067
14,-90.0,-16.774639409672908,65.04187745892247
14,-90.0,-16.77481095102243,65.04186298591064
14,-90.0,-16.77498249237196,65.04181817096764
14,-90.0,-16.77513581875305,65.0417702075049
14,-90.0,-16.775154033721492,65.04176279118819
14,-90.0,-16.77532557507102,65.04166193815837
14,-90.0,-16.77549711642055,65.04166193815837
14,-90.0,-16.775582030902648,65.04159826461004
14,-90.0,-16.775668657770076,65.04154334848248
14,-90.0,-16.775840199119607,65.04143475114421
14,-90.0,-16.775855906040388,65.04142632171518
14,-90.0,-16.776011740469134,65.0413652381603
14,-90.0,-16.776183281818664,65.04129788872389
14,-90.0,-16.77635482316819,65.04129788872389
14,-90.0,-16.77646064024485,65.04125437882033
14,-90.0,-16.77652636451772,65.0412265413034
14,-90.0,-16.77669790586725,65.04115202410284
14,-90.0,-16.776844843830073,65.04108243592547
14,-90.0,-16.776869447216775,65.04106779238319
14,-90.0,-16.777040988566306,65.04106779238319
14,-90.0,-16.777212529915833,65.0409580520434
14,-90.0,-16.77728556802204,65.04091049303061
14,-90.0,-16.777384071265363,65.04082889107201
14,-90.0,-16.77749206112118,65.04073855013576
14,-90.0,-16.77755561261489,65.0406674871531
14,-90.0,-16.777642059132322,65.04056660724089
14,-90.0,-16.77772715396442,65.04052250070822
14,-90.0,-16.777898695313947,65.04048584268601
14,-90.0,-16.77799532708965,65.04039466434604
14,-90.0,-16.778070236663478,65.0403378391134
14,-90.0,-16.77823886512253,65.04022272145119
14,-90.0,-16.778241778013005,65.04022099967436
14,-90.0,-16.778413319362535,65.04012489345743
14,-90.0,-16.778584860712062,65.04012489345743
14,-90.0,-16.778740449035904,65.04005077855633
14,-90.0,-16.77875640206159,65.04004245187954
14,-90.0,-16.77892794341112,65.03994267289966
14,-90.0,-16.779034291024633,65.03987883566147
14,-90.0,-16.779099484760646,65.03983493191126
14,-90.0,-16.779271026110177,65.03978082795554
14,-90.0,-16.779442567459704,65.03972649631706
14,-90.0,-16.779475073031847,65.03970689276662
14,-90.0,-16.779614108809234,65.03960842553059
14,-90.0,-16.77971815323416,65.03953494987175
14,-90.0,-16.77978565015876,65.03945383558998
14,-90.0,-16.779862568893442,65.0393630069769
14,-90.0,-16.77995719150829,65.03928986596159
14,-90.0,-16.780128053716023,65.03919106408205
14,-90.0,-16.78012873285782,65.0391897611469
14,-90.0,-16.780187822150573,65.0390191211872
14,-90.0,-16.78030027420735,65.03891049489394
14,-90.0,-16.780364346592968,65.03884717829233
14,-90.0,-16.780471815556876,65.03877177599381
14,-90.0,-16.780643356906403,65.03873359991871
14,-90.0,-16.780777049392203,65.03867523539748
14,-90.0,-16.780814898255933,65.0386460201314
14,-90.0,-16.78098643960546,65.0385172006134
14,-90.0,-16.78100449530876,65.03850329250263
14,-90.0,-16.78115798095499,65.0383847769414
14,-90.0,-16.781221110371522,65.03833134960776
14,-90.0,-16.781329522304517,65.03824114528038
14,-90.0,-16.781501063654048,65.03824114528038
14,-90.0,-16.781590369062855,65.03815940671291
14,-90.0,-16.781672605003575,65.0380967131819
14,-90.0,-16.78181342585419,65.03798746381806
14,-90.0,-16.781844146353105,65.03796671699281
14,-90.0,-16.782015687702632,65.03784831681972
14,-90.0,-16.782187229052163,65.03784831681972
14,-90.0,-16.782232223906135,65.03781552092319
14,-90.0,-16.78235877040169,65.03770226724036
14,-90.0,-16.782418963853274,65.03764357802834
14,-90.0,-16.78250909832697,65.03747163513349
14,-90.0,-16.782530311751216,65.03731945135821
14,-90.0,-16.78253335205491,65.03729969223862
14,-90.0,-16.782530311751216,65.03721287378187
14,-90.0,-16.782527387874918,65.03712774934377
14,-90.0,-16.782523619673473,65.03695580644892
14,-90.0,-16.782530311751216,65.03692865788817
14,-90.0,-16.782701853100747,65.03692865788817
14,-90.0,-16.78273953968034,65.03678386355405
14,-90.0,-16.78284010233033,65.0366119206592
14,-90.0,-16.782873394450274,65.03655908565275
14,-90.0,-16.7829629123653,65.03643997776435
14,-90.0,-16.783044935799804,65.03632808643282
14,-90.0,-16.783119631168724,65.03626803486948
14,-90.0,-16.78321647714933,65.03623917501466
14,-90.0,-16.78338801849886,65.03623917501466
14,-90.0,-16.783492655464343,65.03626803486948
14,-90.0,-16.78355955984839,65.03628638314493
14,-90.0,-16.783636977107264,65.03626803486948
14,-90.0,-16.78373110119792,65.03621868360723
14,-90.0,-16.78388139191384,65.03609609197463
14,-90.0,-16.783902642547446,65.03608529501426
14,-90.0,-16.784074183896976,65.0360179895967
14,-90.0,-16.784245725246503,65.0360179895967
14,-90.0,-16.78431674369765,65.03592414907978
14,-90.0,-16.78441726659603,65.03586582830741
14,-90.0,-16.78458880794556,65.03583127538748
14,-90.0,-16.78469676747306,65.03575220618491
14,-90.0,-16.784760349295087,65.0357154057585
14,-90.0,-16.784931890644618,65.03566166274814
14,-90.0,-16.785103431994145,65.03562046890949
14,-90.0,-16.785124759347713,65.03558026329006
14,-90.0,-16.785189831975718,65.0354083203952
14,-90.0,-16.785216545481475,65.03523637750034
14,-90.0,-16.785274973343675,65.03508324945278
14,-90.0,-16.785281938973082,65.03506443460549
14,-90.0,-16.785359661980316,65.03489249171064
14,-90.0,-16.785373479508838,65.03472054881577
14,-90.0,-16.785446514693202,65.03465241701636
14,-90.0,-16.785551133209466,65.03454860592092
14,-90.0,-16.785618056042733,65.03444319034165
14,-90.0,-16.785672400656836,65.03437666302607
14,-90.0,-16.78578959739226,65.03426766509173
14,-90.0,-16.785877417290415,65.0342047201312
14,-90.0,-16.785959383988335,65.03403277723635
14,-90.0,-16.78596113874179,65.03402105748725
14,-90.0,-16.786132680091317,65.03402105748725
14,-90.0,-16.786158138154896,65.0338608343415
14,-90.0,-16.7862093831321,65.03368889144663
14,-90.0,-16.786251956138535,65.03351694855178
14,-90.0,-16.78626341608184,65.03334500565693
14,-90.0,-16.786204318940786,65.03317306276206
14,-90.0,-16.786132680091317,65.03309618388806
14,-90.0,-16.786010145602418,65.03300111986721
14,-90.0,-16.78596113874179,65.03297363026957
14,-90.0,-16.78578959739226,65.03289267959246
14,-90.0,-16.785618056042733,65.03289267959246
14,-90.0,-16.785458608253506,65.03282917697236
14,-90.0,-16.785446514693202,65.03282127464523
14,-90.0,-16.785274973343675,65.0327063127974
14,-90.0,-16.785208367437598,65.0326572340775
14,-90.0,-16.785103431994145,65.03249376105106
14,-90.0,-16.785097803210643,65.03248529118264
14,-90.0,-16.78499116041451,65.03231334828779
14,-90.0,-16.784931890644618,65.03223626597112
14,-90.0,-16.784862331449467,65.03214140539292
14,-90.0,-16.784800624282944,65.03196946249807
14,-90.0,-16.784760349295087,65.03189669750793
14,-90.0,-16.78471047997415,65.03179751960322
14,-90.0,-16.78463715237521,65.03162557670835
14,-90.0,-16.78458880794556,65.03152564443494
14,-90.0,-16.784557901858836,65.0314536338135
14,-90.0,-16.784465308917618,65.03128169091865
14,-90.0,-16.78441726659603,65.0312094964293
14,-90.0,-16.78435212141955,65.03110974802378
14,-90.0,-16.784250033484355,65.03093780512893
14,-90.0,-16.784245725246503,65.03092576250036
14,-90.0,-16.784074183896976,65.03092576250036
14,-90.0,-16.784020676654045,65.03076586223409
14,-90.0,-16.784074183896976,65.03068803035768
14,-90.0,-16.784137833661152,65.03059391933921
14,-90.0,-16.784074183896976,65.03049880025922
14,-90.0,-16.783942753443302,65.03042197644436
14,-90.0,-16.783902642547446,65.03040241615537
14,-90.0,-16.78377147591716,65.0302500335495
14,-90.0,-16.78373110119792,65.0301973260923
14,-90.0,-16.78362195950032,65.03007809065464
14,-90.0,-16.78355955984839,65.02998119495862
14,-90.0,-16.783513864417205,65.02990614775979
14,-90.0,-16.78342916419616,65.02973420486494
14,-90.0,-16.78338801849886,65.02971608577721
14,-90.0,-16.78321647714933,65.02964586514857
14,-90.0,-16.783044935799804,65.02957266729048
14,-90.0,-16.78302299514675,65.02956226197007
14,-90.0,-16.782873394450274,65.02950950080574
14,-90.0,-16.782701853100747,65.02950950080574
14,-90.0,-16.782530311751216,65.02943688699685
14,-90.0,-16.7824390102851,65.02939031907522
14,-90.0,-16.78235877040169,65.0293295250079
14,-90.0,-16.782187229052163,65.02921929119434
14,-90.0,-16.782185920115193,65.02921837618037
14,-90.0,-16.782129954823905,65.0290464332855
14,-90.0,-16.78205558956939,65.02887449039065
14,-90.0,-16.782015687702632,65.02884583586231
14,-90.0,-16.781844146353105,65.02875612938875
14,-90.0,-16.781702767867568,65.0287025474958
14,-90.0,-16.781672605003575,65.02869010471557
14,-90.0,-16.781501063654048,65.02869010471557
14,-90.0,-16.781329522304517,65.0286101557043
14,-90.0,-16.781192476681696,65.02853060460093
14,-90.0,-16.78122189368333,65.02835866170608
14,-90.0,-16.78115798095499,65.02819092246244
14,-90.0,-16.781156819156983,65.02818671881123
14,-90.0,-16.78098643960546,65.02803113138489
14,-90.0,-16.780971178499136,65.02801477591636
14,-90.0,-16.780814898255933,65.02789705798274
14,-90.0,-16.780736982101867,65.02784283302151
14,-90.0,-16.780643356906403,65.02774491250989
14,-90.0,-16.78056838833924,65.02767089012666
14,-90.0,-16.780471815556876,65.02762622642396
14,-90.0,-16.78030027420735,65.02762622642396
14,-90.0,-16.78012873285782,65.02755315045522
14,-90.0,-16.77999414283436,65.02749894723179
14,-90.0,-16.77995719150829,65.02748349054855
14,-90.0,-16.77978565015876,65.02741812519422
14,-90.0,-16.779614108809234,65.02736336325425
14,-90.0,-16.779504604892256,65.02732700433694
14,-90.0,-16.779442567459704,65.02730245611231
14,-90.0,-16.779271026110177,65.02730245611231
14,-90.0,-16.779099484760646,65.02721811668692
14,-90.0,-16.77899872479984,65.02715506144209
14,-90.0,-16.77892794341112,65.02710419355995
14,-90.0,-16.778782267929934,65.02698311854722
14,-90.0,-16.77875640206159,65.0269618361695
14,-90.0,-16.778584860712062,65.02682011104899
14,-90.0,-16.778573828397647,65.02681117565237
14,-90.0,-16.778413319362535,65.02671333143947
14,-90.0,-16.778285645416002,65.02663923275752
14,-90.0,-16.778241778013005,65.0265816815763
14,-90.0,-16.778070236663478,65.0265816815763
14,-90.0,-16.777989497868298,65.02646728986265
14,-90.0,-16.777898695313947,65.02637865494152
14,-90.0,-16.777808566291366,65.0262953469678
14,-90.0,-16.777732311672434,65.02612340407295
14,-90.0,-16.77772715396442,65.02611288810559
14,-90.0,-16.77761031796021,65.02595146117808
14,-90.0,-16.77755561261489,65.02591494597658
14,-90.0,-16.777384071265363,65.02581697028076
14,-90.0,-16.77729824514737,65.02577951828323
14,-90.0,-16.777212529915833,65.02569726321146
14,-90.0,-16.7771381211739,65.02560757538838
14,-90.0,-16.777136861846007,65.02543563249351
14,-90.0,-16.777130780710277,65.02526368959866
14,-90.0,-16.777040988566306,65.02509791993533
14,-90.0,-16.77703844123985,65.02509174670381
14,-90.0,-16.776970856803633,65.02491980380894
14,-90.0,-16.776869447216775,65.0247791843267
14,-90.0,-16.776843246736483,65.02474786091409
14,-90.0,-16.776796836643374,65.02457591801924
14,-90.0,-16.77676523356807,65.02440397512437
14,-90.0,-16.776697905867252,65.02428309172502
14,-90.0,-16.77666325308909,65.02423203222952
14,-90.0,-16.77652636451772,65.02411804989227
14,-90.0,-16.77635482316819,65.02411804989227
14,-90.0,-16.776286783735607,65.02406008933467
14,-90.0,-16.776183281818664,65.0239863066949
14,-90.0,-16.776044474374554,65.0238881464398
14,-90.0,-16.776011740469134,65.02386756172703
14,-90.0,-16.775840199119607,65.02377080926192
14,-90.0,-16.775736512721338,65.02371620354495
14,-90.0,-16.775668657770076,65.02364964349616
14,-90.0,-16.775542261833642,65.0235442606501
14,-90.0,-16.77549711642055,65.02352602182954
14,-90.0,-16.77532557507102,65.02352602182954
14,-90.0,-16.775154033721492,65.02347692100636
14,-90.0,-16.77498249237196,65.02343799315551
14,-90.0,-16.774810951022435,65.02340257116175
14,-90.0,-16.774677328410682,65.02337231775523
14,-90.0,-16.774639409672908,65.02336034916297
14,-90.0,-16.774467868323377,65.02330761442697
14,-90.0,-16.77429632697385,65.02330761442697
14,-90.0,-16.77412478562432,65.02328144784681
14,-90.0,-16.773953244274793,65.02328179373427
14,-90.0,-16.773781702925262,65.02328928915195
14,-90.0,-16.773610161575736,65.02328500546255
14,-90.0,-16.773438620226205,65.02328500546255
14,-90.0,-16.77326707887668,65.02326633008146
14,-90.0,-16.773095537527148,65.02322427947662
14,-90.0,-16.773029446008103,65.02320037486038
14,-90.0,-16.77292399617762,65.02316052247501
14,-90.0,-16.772752454828094,65.02309486402993
14,-90.0,-16.772580913478564,65.02303548877144
14,-90.0,-16.772409372129037,65.02303228879595
14,-90.0,-16.772400497616918,65.02302843196553
14,-90.0,-16.772237830779506,65.02292590316033
14,-90.0,-16.77211508291684,65.02285648907066
14,-90.0,-16.77206628942998,65.02277641120716
14,-90.0,-16.77200410020354,65.02268454617581
14,-90.0,-16.77189474808045,65.02261123316914
14,-90.0,-16.771723206730922,65.0225221808943
14,-90.0,-16.771699609739823,65.02251260328096
14,-90.0,-16.77155166538139,65.02244159030842
14,-90.0,-16.771380124031865,65.02244159030842
14,-90.0,-16.771208582682334,65.02236587392204
14,-90.0,-16.771144329264263,65.02234066038609
14,-90.0,-16.771037041332807,65.0222907165081
14,-90.0,-16.77086549998328,65.02221695826196
14,-90.0,-16.770744635725592,65.02216871749124
14,-90.0,-16.77069395863375,65.02213391862978
14,-90.0,-16.770522417284223,65.02202051045148
14,-90.0,-16.770350875934692,65.02202051045148
14,-90.0,-16.77031402124092,65.02199677459639
14,-90.0,-16.770179334585166,65.02188881402597
14,-90.0,-16.77009705883452,65.02182483170152
14,-90.0,-16.770007793235635,65.0217627349704
14,-90.0,-16.769850004899826,65.02165288880667
14,-90.0,-16.769836251886108,65.02163669200961
14,-90.0,-16.7696936139494,65.02148094591182
14,-90.0,-16.769664710536578,65.02146531540419
14,-90.0,-16.76949316918705,65.0213865848746
14,-90.0,-16.76932162783752,65.02134396459795
14,-90.0,-16.769150086487997,65.02133196831964
14,-90.0,-16.769050035827874,65.02130900301695
14,-90.0,-16.768978545138467,65.02129448604323
14,-90.0,-16.768807003788936,65.02127608792486
14,-90.0,-16.76863546243941,65.0212559910361
14,-90.0,-16.76846392108988,65.02122315692333
14,-90.0,-16.768292379740352,65.02122315692333
14,-90.0,-16.76812083839082,65.02117549309192
14,-90.0,-16.767980732778856,65.0211370601221
14,-90.0,-16.767949297041294,65.02112878350455
14,-90.0,-16.767777755691764,65.02109061440761
14,-90.0,-16.767606214342237,65.02106206598802
14,-90.0,-16.767434672992707,65.02105399100599
14,-90.0,-16.767263131643176,65.02104945508138
14,-90.0,-16.767091590293653,65.02105446428669
14,-90.0,-16.766920048944122,65.02108296420026
14,-90.0,-16.766748507594595,65.02112959321731
14,-90.0,-16.766725528411083,65.0211370601221
14,-90.0,-16.766576966245065,65.02117947692497
14,-90.0,-16.766405424895538,65.02119664971765
14,-90.0,-16.766233883546008,65.02124830209226
14,-90.0,-16.76606234219648,65.02127094688313
14,-90.0,-16.76589080084695,65.02127023850302
14,-90.0,-16.765719259497423,65.02125655328743
14,-90.0,-16.765547718147893,65.02125655328743
14,-90.0,-16.765376176798366,65.02116761256082
14,-90.0,-16.765268429811194,65.0211370601221
14,-90.0,-16.76520463544884,65.02112707875513
14,-90.0,-16.76503309409931,65.02109917074264
14,-90.0,-16.76486155274978,65.02106845107912
14,-90.0,-16.76469001140025,65.02106845107912
14,-90.0,-16.764518470050724,65.02103807196383
14,-90.0,-16.764346928701194,65.02101069002408
14,-90.0,-16.764175387351667,65.02098702684492
14,-90.0,-16.764003846002137,65.020970342164
14,-90.0,-16.763950290004246,65.02096511722725
14,-90.0,-16.76383230465261,65.02095562747594
14,-90.0,-16.76366076330308,65.02095562747594
14,-90.0,-16.763489221953552,65.02094118013032
14,-90.0,-16.763317680604025,65.0209235834323
14,-90.0,-16.763146139254495,65.02090241305835
14,-90.0,-16.762974597904968,65.02088460303236
14,-90.0,-16.762803056555438,65.02088460303236
14,-90.0,-16.76263151520591,65.02087311167854
14,-90.0,-16.76245997385638,65.02086855247907
14,-90.0,-16.762288432506853,65.02087040713214
14,-90.0,-16.762116891157323,65.02087196902724
14,-90.0,-16.761945349807796,65.02087196902724
14,-90.0,-16.761773808458265,65.02086668826212
14,-90.0,-16.76160226710874,65.0208568084529
14,-90.0,-16.76143072575921,65.02084774912534
14,-90.0,-16.76125918440968,65.02083439179385
14,-90.0,-16.761087643060154,65.02083439179385
14,-90.0,-16.760916101710624,65.02083165480198
14,-90.0,-16.760744560361097,65.02083817580608
14,-90.0,-16.760573019011566,65.02085258555942
14,-90.0,-16.76040147766204,65.02080279814837
14,-90.0,-16.76022993631251,65.02086154880251
14,-90.0,-16.760058394962982,65.02090860823671
14,-90.0,-16.75988685361345,65.02091700789185
14,-90.0,-16.7597765841359,65.02096511722725
14,-90.0,-16.75971531226393,65.02103093680228
14,-90.0,-16.759594487703662,65.0211370601221
14,-90.0,-16.759543770914398,65.02116348772026
14,-90.0,-16.759493156090564,65.0211370601221
14,-90.0,-16.759372229564867,65.02107731441004
14,-90.0,-16.75920068821534,65.02112634878597
14,-90.0,-16.75907141734379,65.0211370601221
14,-90.0,-16.75902914686581,65.02114370089383
14,-90.0,-16.758979029184015,65.0211370601221
14,-90.0,-16.758857605516283,65.02112832680214
14,-90.0,-16.758686064166753,65.02110708126934
14,-90.0,-16.758514522817226,65.0210976800572
14,-90.0,-16.758342981467695,65.02106208456308
14,-90.0,-16.75817144011817,65.02100090060645
14,-90.0,-16.75808788342412,65.02096511722725
14,-90.0,-16.757999898768638,65.02091595928172
14,-90.0,-16.75782835741911,65.02081173070042
14,-90.0,-16.757797349184024,65.02079317433238
14,-90.0,-16.757656816069584,65.0206772872204
14,-90.0,-16.75758347794737,65.02062123143753
14,-90.0,-16.757485274720054,65.02054496319646
14,-90.0,-16.757313733370527,65.02054496319646
14,-90.0,-16.757172078814783,65.02044928854268
14,-90.0,-16.757142192020996,65.02042977877619
14,-90.0,-16.75697065067147,65.02033817503897
14,-90.0,-16.75679910932194,65.02027805468734
14,-90.0,-16.75679516532395,65.02027734564781
14,-90.0,-16.756627567972412,65.02022803702984
14,-90.0,-16.75645602662288,65.02023157144443
14,-90.0,-16.756284485273355,65.02022420054831
14,-90.0,-16.756112943923824,65.0201656050547
14,-90.0,-16.755941402574297,65.02016080858442
14,-90.0,-16.75576986122477,65.02013826208838
14,-90.0,-16.75565666791488,65.02010540275296
14,-90.0,-16.75559831987524,65.02007882547876
14,-90.0,-16.755426778525713,65.02007882547876
14,-90.0,-16.755255237176183,65.0199892013757
14,-90.0,-16.755103648669134,65.01993345985811
14,-90.0,-16.755083695826656,65.01992820433676
14,-90.0,-16.754912154477125,65.01990278129007
14,-90.0,-16.7547406131276,65.0198962873482
14,-90.0,-16.754569071778068,65.01989692418476
14,-90.0,-16.75439753042854,65.01989692418476
14,-90.0,-16.75422598907901,65.01990010494063
14,-90.0,-16.754054447729484,65.01990287513038
14,-90.0,-16.753882906379957,65.01990202165302
14,-90.0,-16.753711365030426,65.01990178798448
14,-90.0,-16.7535398236809,65.01990178798448
14,-90.0,-16.75336828233137,65.01989927274562
14,-90.0,-16.753196740981842,65.01989132253429
14,-90.0,-16.75302519963231,65.01988003787756
14,-90.0,-16.752853658282785,65.01986418887859
14,-90.0,-16.752682116933254,65.01986418887859
14,-90.0,-16.752510575583727,65.01984350188519
14,-90.0,-16.752339034234197,65.01982066080396
14,-90.0,-16.75216749288467,65.01979378659455
14,-90.0,-16.751995951535143,65.01976201439197
14,-90.0,-16.751824410185613,65.01976201439197
14,-90.0,-16.75182369126696,65.01976151696324
14,-90.0,-16.751652868836086,65.01964496491902
14,-90.0,-16.751481327486555,65.0196080093553
14,-90.0,-16.751393505902776,65.01958957406839
14,-90.0,-16.75130978613703,65.01957256227864
14,-90.0,-16.751138244787498,65.01953983171687
14,-90.0,-16.75096670343797,65.01950468169724
14,-90.0,-16.75079516208844,65.01950468169724
14,-90.0,-16.750623620738914,65.01946751822653
14,-90.0,-16.750452079389383,65.0194240632407
14,-90.0,-16.750428395356003,65.01941763117354
14,-90.0,-16.750280538039856,65.01938719729405
14,-90.0,-16.75010899669033,65.01935825228904
14,-90.0,-16.7499374553408,65.01934674025095
14,-90.0,-16.749765913991272,65.01933418896591
14,-90.0,-16.74959437264174,65.01931226145949
14,-90.0,-16.749422831292215,65.01929267263378
14,-90.0,-16.749251289942684,65.0192752723192
14,-90.0,-16.749079748593157,65.01925657866917
14,-90.0,-16.748908207243627,65.01925657866917
14,-90.0,-16.7487366658941,65.01924571180479
14,-90.0,-16.748736284521602,65.01924568827867
14,-90.0,-16.74856512454457,65.01923607792068
14,-90.0,-16.748393583195043,65.01923606878817
14,-90.0,-16.748235847575746,65.01924568827867
14,-90.0,-16.748222041845516,65.01924707104524
14,-90.0,-16.748050500495985,65.01924707104524
14,-90.0,-16.74787895914646,65.01928092530757
14,-90.0,-16.747707417796928,65.0193471422841
14,-90.0,-16.747593692190037,65.01941763117354
14,-90.0,-16.7475358764474,65.01949014018624
14,-90.0,-16.74747918251497,65.01958957406839
14,-90.0,-16.74736433509787,65.01965854554192
14,-90.0,-16.747219632794163,65.01976151696324
14,-90.0,-16.747192793748344,65.0198187047748
14,-90.0,-16.747144332307208,65.01993345985811
14,-90.0,-16.74710192321404,65.02010540275296
14,-90.0,-16.747104122649638,65.02027734564781
14,-90.0,-16.747113292338703,65.02044928854268
14,-90.0,-16.747092265500626,65.02062123143753
14,-90.0,-16.747041960747026,65.02079317433238
14,-90.0,-16.747021252398813,65.02084449970602
14,-90.0,-16.746849711049286,65.02084449970602
14,-90.0,-16.746801677743186,65.02096511722725
14,-90.0,-16.746709643315253,65.0211370601221
14,-90.0,-16.746678169699756,65.02118296029812
14,-90.0,-16.746589536381485,65.02130900301695
14,-90.0,-16.746525584873112,65.02148094591182
14,-90.0,-16.74650662835023,65.02150761392963
14,-90.0,-16.746405042854803,65.02165288880667
14,-90.0,-16.746335087000702,65.02169633882902
14,-90.0,-16.74616354565117,65.0217716626631
14,-90.0,-16.746133732811586,65.02182483170152
14,-90.0,-16.74606930980972,65.02199677459639
14,-90.0,-16.746023912302,65.02216871749124
14,-90.0,-16.745992004301645,65.02225743960614
14,-90.0,-16.745959456367178,65.02234066038609
14,-90.0,-16.745842914912,65.02251260328096
14,-90.0,-16.745820462952114,65.0225443788865
14,-90.0,-16.745648921602587,65.0225443788865
14,-90.0,-16.745533171116342,65.02268454617581
14,-90.0,-16.745477380253057,65.02274794242942
14,-90.0,-16.745368681858917,65.02285648907066
14,-90.0,-16.74530583890353,65.02290023460777
14,-90.0,-16.745134297554,65.02302603964604
14,-90.0,-16.744962756204472,65.02302706879107
14,-90.0,-16.744959553628846,65.02302843196553
14,-90.0,-16.744791214854942,65.02310458976932
14,-90.0,-16.744619673505415,65.02318400306235
14,-90.0,-16.744584752555703,65.02320037486038
14,-90.0,-16.74444813215589,65.02324712410535
14,-90.0,-16.744276590806358,65.02330695398027
14,-90.0,-16.74410504945683,65.02330695398027
14,-90.0,-16.7439335081073,65.02336747821457
14,-90.0,-16.743919150761542,65.02337231775523
14,-90.0,-16.743761966757774,65.02341518276853
14,-90.0,-16.743590425408243,65.02345775754699
14,-90.0,-16.743418884058716,65.02349944082923
14,-90.0,-16.743247342709186,65.02349944082923
14,-90.0,-16.74307580135966,65.02354120473834
14,-90.0,-16.743063090933738,65.0235442606501
14,-90.0,-16.74290426001013,65.02357998654817
14,-90.0,-16.7427327186606,65.0236177811138
14,-90.0,-16.742561177311075,65.02363542859956
14,-90.0,-16.742389635961544,65.02365450706779
14,-90.0,-16.742218094612017,65.02369159341497
14,-90.0,-16.74211156959987,65.02371620354495
14,-90.0,-16.742046553262487,65.02373173015643
14,-90.0,-16.74187501191296,65.02377354782479
14,-90.0,-16.74170347056343,65.02379593512927
14,-90.0,-16.741531929213902,65.02381327755717
14,-90.0,-16.741360387864372,65.02385198868565
14,-90.0,-16.741205192033732,65.0238881464398
14,-90.0,-16.741188846514845,65.02389204516675
14,-90.0,-16.741017305165315,65.02393354742787
14,-90.0,-16.740845763815788,65.02395970155699
14,-90.0,-16.74067422246626,65.02397843811809
14,-90.0,-16.74050268111673,65.02402842736919
14,-90.0,-16.740402635570252,65.02406008933467
14,-90.0,-16.740331139767203,65.02408448843143
14,-90.0,-16.740159598417673,65.02414848479717
14,-90.0,-16.739988057068146,65.02414848479717
14,-90.0,-16.739816515718616,65.02422329308703
14,-90.0,-16.739799588693085,65.02423203222952
14,-90.0,-16.73964497436909,65.02433663265299
14,-90.0,-16.739573534439607,65.02440397512437
14,-90.0,-16.73947343301956,65.02454548977977
14,-90.0,-16.73930189167003,65.02456410204381
14,-90.0,-16.739284944046734,65.02457591801924
14,-90.0,-16.73920022225911,65.02474786091409
14,-90.0,-16.73913175652334,65.02491980380894
14,-90.0,-16.7391303503205,65.02492368605526
14,-90.0,-16.739011623006753,65.02509174670381
14,-90.0,-16.738958808970974,65.02512064422443
14,-90.0,-16.738787267621447,65.02512870708064
14,-90.0,-16.738615726271917,65.02509263622163
14,-90.0,-16.73844418492239,65.02509235014482
14,-90.0,-16.73844192087845,65.02509174670381
14,-90.0,-16.73827264357286,65.02505144290853
14,-90.0,-16.738101102223332,65.02501222115231
14,-90.0,-16.737929560873802,65.02497014671711
14,-90.0,-16.737758019524275,65.02492086082331
14,-90.0,-16.737586478174745,65.02492086082331
14,-90.0,-16.73758333983311,65.02491980380894
14,-90.0,-16.737414936825218,65.02485391030696
14,-90.0,-16.737243395475687,65.02477358641433
14,-90.0,-16.73719578095099,65.02474786091409
14,-90.0,-16.73707185412616,65.02465755994203
14,-90.0,-16.73697598066895,65.02457591801924
14,-90.0,-16.736907129035306,65.02440397512437
14,-90.0,-16.736900312776633,65.02438890038349
14,-90.0,-16.73680077966457,65.02423203222952
14,-90.0,-16.736728771427103,65.02413149576614
14,-90.0,-16.736670812246206,65.02406008933467
14,-90.0,-16.736557230077576,65.02394761516365
14,-90.0,-16.736385688728046,65.02394761516365
14,-90.0,-16.73631545754432,65.0238881464398
14,-90.0,-16.73621414737852,65.02381928523234
14,-90.0,-16.736042606028988,65.02371687726885
14,-90.0,-16.73604132889533,65.02371620354495
14,-90.0,-16.73587106467946,65.02363808742277
14,-90.0,-16.73569952332993,65.02356636562837
14,-90.0,-16.73563976280705,65.0235442606501
14,-90.0,-16.735527981980404,65.02350806522958
14,-90.0,-16.735356440630873,65.02349352213083
14,-90.0,-16.735184899281347,65.02345937564422
14,-90.0,-16.73501335793182,65.02341520961286
14,-90.0,-16.73484181658229,65.02337299664495
14,-90.0,-16.734838916295555,65.02337231775523
14,-90.0,-16.734670275232762,65.02329524057474
14,-90.0,-16.734498733883232,65.02321826327764
14,-90.0,-16.734327192533705,65.02321826327764
14,-90.0,-16.734288351212356,65.02320037486038
14,-90.0,-16.734155651184174,65.02316895777946
14,-90.0,-16.733984109834648,65.02312855495472
14,-90.0,-16.733812568485117,65.02308730488363
14,-90.0,-16.73364102713559,65.02304531283976
14,-90.0,-16.73356933934468,65.02302843196553
14,-90.0,-16.73346948578606,65.02300662438019
14,-90.0,-16.733297944436533,65.02300662438019
14,-90.0,-16.733126403087006,65.02297589458618
14,-90.0,-16.732954861737475,65.02294868486315
14,-90.0,-16.73278332038795,65.02292598901263
14,-90.0,-16.732611779038418,65.0229067262738
14,-90.0,-16.73244023768889,65.0229067262738
14,-90.0,-16.73226869633936,65.02288705353182
14,-90.0,-16.732097154989834,65.02286515335885
14,-90.0,-16.732040369752777,65.02285648907068
14,-90.0,-16.731925613640303,65.02283638666201
14,-90.0,-16.731754072290776,65.02279713012467
14,-90.0,-16.731582530941246,65.02276909911876
14,-90.0,-16.731410989591716,65.02274590000685
14,-90.0,-16.731241692673095,65.02268454617581
14,-90.0,-16.731239448242192,65.02268355431545
14,-90.0,-16.73106790689266,65.02259659993221
14,-90.0,-16.730987869411276,65.02251260328096
14,-90.0,-16.730896365543135,65.0224058748499
14,-90.0,-16.730804141278067,65.02234066038609
14,-90.0,-16.730724824193604,65.02227786120567
14,-90.0,-16.730596371181225,65.02216871749124
14,-90.0,-16.730553282844078,65.02210999918897
14,-90.0,-16.730381741494547,65.02210999918897
14,-90.0,-16.730302083693786,65.02199677459639
14,-90.0,-16.730381741494547,65.02191282341181
14,-90.0,-16.730463248457852,65.02182483170152
14,-90.0,-16.73051590553694,65.02165288880667
14,-90.0,-16.730553282844078,65.02157232556053
14,-90.0,-16.73059629993843,65.02148094591182
14,-90.0,-16.730724824193604,65.02136986912326
14,-90.0,-16.73079724280661,65.02130900301695
14,-90.0,-16.730896365543135,65.02125888177531
14,-90.0,-16.73106790689266,65.02125888177531
14,-90.0,-16.731239448242192,65.02117589470892
14,-90.0,-16.73131984038364,65.0211370601221
14,-90.0,-16.73141098959172,65.02107694290625
14,-90.0,-16.731567317062428,65.02096511722725
14,-90.0,-16.731582530941246,65.02094098398837
14,-90.0,-16.731754072290776,65.02084981492476
14,-90.0,-16.731843890245436,65.02079317433238
14,-90.0,-16.731903573357542,65.02062123143753
14,-90.0,-16.731896867277385,65.02044928854268
14,-90.0,-16.731856213115915,65.02027734564781
14,-90.0,-16.731754072290776,65.02015227006638
14,-90.0,-16.73171644464207,65.02010540275296
14,-90.0,-16.731582530941246,65.01998853102491
14,-90.0,-16.73141098959172,65.01998853102491
14,-90.0,-16.73134664506769,65.01993345985811
14,-90.0,-16.731239448242192,65.01982341860163
14,-90.0,-16.73118136366178,65.01976151696324
14,-90.0,-16.731096870977847,65.01958957406839
14,-90.0,-16.731081760575336,65.01941763117354
14,-90.0,-16.731239448242192,65.0193003419125
14,-90.0,-16.73131436423789,65.01924568827867
14,-90.0,-16.73141098959172,65.01908220740087
14,-90.0,-16.731415929069154,65.01907374538382
14,-90.0,-16.73156616656822,65.01890180248897
14,-90.0,-16.731582530941246,65.01888667470996
14,-90.0,-16.731754072290776,65.01875312105994
14,-90.0,-16.731925613640303,65.01874262448267
14,-90.0,-16.73196162258505,65.0187298595941
14,-90.0,-16.732097154989834,65.01856124957371
14,-90.0,-16.732100161375477,65.01855791669925
14,-90.0,-16.732097154989834,65.01841609518745
14,-90.0,-16.732096400869843,65.0183859738044
14,-90.0,-16.73196056055914,65.01821403090953
14,-90.0,-16.731925613640303,65.01818401291646
14,-90.0,-16.731754072290776,65.01806630503634
14,-90.0,-16.731582530941246,65.01806630503634
14,-90.0,-16.731542405990783,65.01804208801468
14,-90.0,-16.73141098959172,65.01797720610858
14,-90.0,-16.731239448242192,65.01790497570114
14,-90.0,-16.731134085403603,65.01787014511983
14,-90.0,-16.73106790689266,65.01785208634972
14,-90.0,-16.730896365543135,65.0178055999929
14,-90.0,-16.730724824193604,65.01775702530242
14,-90.0,-16.730553282844078,65.01775702530242
14,-90.0,-16.730381741494547,65.01769895636046
14,-90.0,-16.73037934967428,65.01769820222496
14,-90.0,-16.73021020014502,65.01766887848355
14,-90.0,-16.73003865879549,65.01765251500944
14,-90.0,-16.729867117445963,65.01765056548993
14,-90.0,-16.729695576096432,65.01765056548993
14,-90.0,-16.729524034746905,65.01766214512527
14,-90.0,-16.72935249339738,65.01768376533812
14,-90.0,-16.729263625959987,65.01769820222498
14,-90.0,-16.729180952047848,65.0177169749883
14,-90.0,-16.72900941069832,65.01774617274668
14,-90.0,-16.72883786934879,65.01774617274668
14,-90.0,-16.728666327999264,65.01777175395756
14,-90.0,-16.728494786649733,65.01779978154725
14,-90.0,-16.728323245300206,65.0177924245472
14,-90.0,-16.728151703950676,65.01786270269972
14,-90.0,-16.72798016260115,65.01786270269972
14,-90.0,-16.727808621251622,65.01780696224564
14,-90.0,-16.72763707990209,65.01782614885751
14,-90.0,-16.727465538552565,65.01783740465338
14,-90.0,-16.727293997203034,65.0178414420088
14,-90.0,-16.727122455853507,65.0178434173111
14,-90.0,-16.726950914503977,65.0178437215733
14,-90.0,-16.72677937315445,65.017840672626
14,-90.0,-16.72660783180492,65.01783412343934
14,-90.0,-16.726436290455393,65.01782571230473
14,-90.0,-16.726264749105862,65.0178210277835
14,-90.0,-16.726093207756335,65.01781004355949
14,-90.0,-16.72592166640681,65.01779160622104
14,-90.0,-16.725750125057278,65.01777469979265
14,-90.0,-16.72557858370775,65.01776416245157
14,-90.0,-16.72540704235822,65.01775585064539
14,-90.0,-16.725235501008694,65.01775585064539
14,-90.0,-16.725063959659163,65.0177538236982
14,-90.0,-16.724892418309636,65.01775534271295
14,-90.0,-16.724720876960106,65.0177511343788
14,-90.0,-16.72454933561058,65.01775137917919
14,-90.0,-16.72437779426105,65.01775137917919
14,-90.0,-16.72420625291152,65.01775114160338
14,-90.0,-16.724034711561995,65.01775222886349
14,-90.0,-16.723863170212464,65.01775692096122
14,-90.0,-16.723691628862937,65.01776454577659
14,-90.0,-16.723520087513407,65.01776454577659
14,-90.0,-16.723348546163876,65.0177744418394
14,-90.0,-16.72317700481435,65.01778578228576
14,-90.0,-16.723005463464823,65.01779769105286
14,-90.0,-16.722833922115292,65.01780963157346
14,-90.0,-16.722662380765765,65.01781244399288
14,-90.0,-16.722490839416235,65.01777847448827
14,-90.0,-16.722319298066708,65.01779679345016
14,-90.0,-16.72214775671718,65.01781219473996
14,-90.0,-16.72197621536765,65.01775602511941
14,-90.0,-16.721804674018124,65.01775857783555
14,-90.0,-16.721633132668593,65.0177634482834
14,-90.0,-16.721461591319066,65.01777083411224
14,-90.0,-16.721290049969536,65.01777758247945
14,-90.0,-16.72111850862001,65.01778460675095
14,-90.0,-16.72094696727048,65.01779381309473
14,-90.0,-16.72077542592095,65.01779381309473
14,-90.0,-16.72060388457142,65.01780575087923
14,-90.0,-16.720432343221894,65.01781700223066
14,-90.0,-16.720260801872367,65.01783117955708
14,-90.0,-16.720089260522837,65.01784842999955
14,-90.0,-16.71991771917331,65.01784842999955
14,-90.0,-16.71974617782378,65.01786773713705
14,-90.0,-16.719728938466012,65.01787014511983
14,-90.0,-16.719574636474253,65.01789238008278
14,-90.0,-16.719403095124722,65.01792177357713
14,-90.0,-16.719231553775195,65.01795426909173
14,-90.0,-16.719060012425665,65.01795426909173
14,-90.0,-16.718888471076138,65.01798732834641
14,-90.0,-16.718716929726607,65.01802046192135
14,-90.0,-16.718602260689778,65.01804208801468
14,-90.0,-16.71854538837708,65.01805292300273
14,-90.0,-16.718373847027554,65.01807621157621
14,-90.0,-16.718202305678023,65.01808333444362
14,-90.0,-16.718030764328496,65.01811126132118
14,-90.0,-16.717859222978966,65.0181374340545
14,-90.0,-16.71768768162944,65.01816578712184
14,-90.0,-16.71751614027991,65.0181963037107
14,-90.0,-16.71734459893038,65.0181963037107
14,-90.0,-16.717250941874394,65.01821403090953
14,-90.0,-16.71717305758085,65.01822979937576
14,-90.0,-16.717001516231328,65.01826685963152
14,-90.0,-16.716829974881794,65.01830676678148
14,-90.0,-16.716658433532267,65.01832024317302
14,-90.0,-16.71648689218274,65.01834713212195
14,-90.0,-16.71631535083321,65.01838592521752
14,-90.0,-16.716315119489515,65.0183859738044
14,-90.0,-16.716143809483683,65.01842421920331
14,-90.0,-16.715972268134152,65.01846067371073
14,-90.0,-16.715800726784625,65.01847676268852
14,-90.0,-16.715629185435095,65.01849640818236
14,-90.0,-16.715457644085568,65.01853202322177
14,-90.0,-16.715327015263227,65.01855791669925
14,-90.0,-16.715286102736037,65.01856686187655
14,-90.0,-16.715114561386514,65.01860059589566
14,-90.0,-16.714943020036984,65.01860059589566
14,-90.0,-16.714771478687453,65.01862565177905
14,-90.0,-16.714599937337926,65.01863746660283
14,-90.0,-16.714428395988396,65.01863323808783
14,-90.0,-16.71425685463887,65.01860992634099
14,-90.0,-16.714195147024633,65.01855791669925
14,-90.0,-16.71408531328934,65.01848905290585
14,-90.0,-16.71391377193981,65.01848905290585
14,-90.0,-16.71374223059028,65.01844361359538
14,-90.0,-16.713570689240754,65.01839454738652
14,-90.0,-16.7135304610731,65.0183859738044
14,-90.0,-16.713399147891224,65.01837361055172
14,-90.0,-16.713227606541697,65.01837156735134
14,-90.0,-16.713056065192166,65.0183736776001
14,-90.0,-16.712886532523548,65.0183859738044
14,-90.0,-16.71288452384264,65.01838629057465
14,-90.0,-16.712712982493112,65.01844165541306
14,-90.0,-16.712541441143582,65.0185045369406
14,-90.0,-16.712409776204144,65.01855791669925
14,-90.0,-16.712369899794055,65.01858398513181
14,-90.0,-16.712198358444525,65.01858398513181
14,-90.0,-16.712026817094998,65.01869242128419
14,-90.0,-16.711966596659337,65.0187298595941
14,-90.0,-16.711855275745467,65.01881847971258
14,-90.0,-16.711743211959032,65.01890180248895
14,-90.0,-16.71168373439594,65.01895081669832
14,-90.0,-16.71151219304641,65.01895081669832
14,-90.0,-16.711352559011697,65.01907374538382
14,-90.0,-16.711340651696883,65.0190838969403
14,-90.0,-16.711169110347353,65.01922575596957
14,-90.0,-16.711143751223826,65.01924568827867
14,-90.0,-16.710997568997826,65.01937755735246
14,-90.0,-16.710950739268302,65.01941763117354
14,-90.0,-16.7108260276483,65.01949075994071
14,-90.0,-16.71065448629877,65.01953038231298
14,-90.0,-16.710584053768244,65.01958957406839
14,-90.0,-16.71048294494924,65.01974648982309
14,-90.0,-16.71045674170304,65.01976151696324
14,-90.0,-16.71031140359971,65.01984585238547
14,-90.0,-16.71025439291115,65.01993345985811
14,-90.0,-16.710139862250184,65.01999497913287
14,-90.0,-16.709968320900654,65.02001809615037
14,-90.0,-16.709828532864396,65.02010540275296
14,-90.0,-16.709796779551127,65.02012893728782
14,-90.0,-16.709625238201596,65.02024790353423
14,-90.0,-16.709581909822568,65.02027734564781
14,-90.0,-16.70945369685207,65.02037813584431
14,-90.0,-16.70928215550254,65.02037813584431
14,-90.0,-16.70918036741261,65.02044928854268
14,-90.0,-16.709110614153012,65.02050767514996
14,-90.0,-16.7089583777627,65.02062123143753
14,-90.0,-16.708939072803485,65.02063797924652
14,-90.0,-16.708767531453955,65.02077522546574
14,-90.0,-16.708595990104428,65.02078425033032
14,-90.0,-16.708571736152695,65.02079317433238
14,-90.0,-16.708424448754897,65.0209148340333
14,-90.0,-16.708356241999407,65.02096511722725
14,-90.0,-16.70825290740537,65.0210576680778
14,-90.0,-16.7081579199795,65.0211370601221
14,-90.0,-16.70808136605584,65.02122990979014
14,-90.0,-16.707909824706313,65.02127837859787
14,-90.0,-16.707844270900555,65.02130900301695
14,-90.0,-16.707794214891365,65.02148094591182
14,-90.0,-16.707828983597146,65.02165288880667
14,-90.0,-16.707894038327083,65.02182483170152
14,-90.0,-16.707909824706313,65.02190390991592
14,-90.0,-16.707934249883827,65.02199677459639
14,-90.0,-16.707909824706313,65.0221626413939
14,-90.0,-16.707908951917158,65.02216871749124
14,-90.0,-16.707821693517594,65.02234066038609
14,-90.0,-16.707738283356782,65.02249952696437
14,-90.0,-16.707720343025493,65.02251260328096
14,-90.0,-16.707566742007256,65.02260099323937
14,-90.0,-16.707395200657725,65.02260099323937
14,-90.0,-16.707320283479667,65.02268454617581
14,-90.0,-16.707223659308198,65.02274011490294
14,-90.0,-16.70705211795867,65.02281939632893
14,-90.0,-16.707022939249512,65.02285648907066
14,-90.0,-16.70688057660914,65.02294940213636
14,-90.0,-16.706709035259614,65.02294940213636
14,-90.0,-16.70658622325348,65.02302843196553
14,-90.0,-16.706537493910083,65.02306184438368
14,-90.0,-16.706382198157943,65.02320037486038
14,-90.0,-16.706365952560557,65.02321602229817
14,-90.0,-16.706196770498806,65.02337231775523
14,-90.0,-16.706194411211026,65.02337462386554
14,-90.0,-16.7060228698615,65.02345862368811
14,-90.0,-16.70585132851197,65.02353445166293
14,-90.0,-16.705840452222162,65.0235442606501
14,-90.0,-16.705679787162442,65.02369399179483
14,-90.0,-16.70565594336747,65.02371620354495
14,-90.0,-16.70550824581291,65.02386737394437
14,-90.0,-16.705488541145137,65.0238881464398
14,-90.0,-16.705336704463384,65.02397297867225
14,-90.0,-16.705180517667007,65.02406008933467
14,-90.0,-16.705165163113858,65.02408395660692
14,-90.0,-16.705075410821696,65.02423203222952
14,-90.0,-16.704993621764327,65.02439426734371
14,-90.0,-16.704989099045754,65.02440397512437
14,-90.0,-16.704916914715,65.02457591801924
14,-90.0,-16.70485112685414,65.02474786091409
14,-90.0,-16.7048220804148,65.02482547586861
14,-90.0,-16.70465053906527,65.02482547586861
14,-90.0,-16.704618484529313,65.02491980380894
14,-90.0,-16.704550912660878,65.02509174670381
14,-90.0,-16.704478997715743,65.02512151077347
14,-90.0,-16.704307456366212,65.02519156967458
14,-90.0,-16.704174253260085,65.02526368959866
14,-90.0,-16.704135915016685,65.02539706211154
14,-90.0,-16.703964373667155,65.02539706211154
14,-90.0,-16.70395897388734,65.02543563249351
14,-90.0,-16.703964373667155,65.02544723290455
14,-90.0,-16.7040335603698,65.02560757538838
14,-90.0,-16.704135915016685,65.02568381964355
14,-90.0,-16.704307456366212,65.02568381964355
14,-90.0,-16.704412637635766,65.02577951828323
14,-90.0,-16.704478997715743,65.02584082003686
14,-90.0,-16.70459802058863,65.02595146117808
14,-90.0,-16.704648894808408,65.02612340407295
14,-90.0,-16.704592816780767,65.0262953469678
14,-90.0,-16.70450603182776,65.02646728986265
14,-90.0,-16.704478997715743,65.02648469211263
14,-90.0,-16.704307456366212,65.02651654486998
14,-90.0,-16.704240912733177,65.02663923275752
14,-90.0,-16.704135915016685,65.02679769704254
14,-90.0,-16.704127230515788,65.02681117565237
14,-90.0,-16.704015502045156,65.02698311854722
14,-90.0,-16.703964373667155,65.02708137163
14,-90.0,-16.703792832317628,65.02713083316772
14,-90.0,-16.703756918128704,65.02715506144209
14,-90.0,-16.703711587761443,65.02732700433694
14,-90.0,-16.703702538690084,65.02749894723179
14,-90.0,-16.70371644524575,65.02767089012666
14,-90.0,-16.703767216249783,65.02784283302151
14,-90.0,-16.703792832317628,65.02792410304195
14,-90.0,-16.703822170898803,65.02801477591636
14,-90.0,-16.70386958118271,65.02818671881123
14,-90.0,-16.7039206702416,65.02835866170608
14,-90.0,-16.703964373667155,65.02843994380183
14,-90.0,-16.70403346245543,65.02853060460093
14,-90.0,-16.704135915016685,65.02859682578176
14,-90.0,-16.704307456366212,65.02867912301394
14,-90.0,-16.704478997715743,65.02869173412199
14,-90.0,-16.704496594207754,65.0287025474958
14,-90.0,-16.70464331920488,65.02887449039065
14,-90.0,-16.70465053906527,65.02889446880678
14,-90.0,-16.704696436097677,65.0290464332855
14,-90.0,-16.704713143686696,65.02921837618037
14,-90.0,-16.704749111618042,65.02939031907522
14,-90.0,-16.70465053906527,65.02951841715172
14,-90.0,-16.704616346035387,65.02956226197007
14,-90.0,-16.70465053906527,65.02969778693677
14,-90.0,-16.7048220804148,65.02969778693677
14,-90.0,-16.7048325951388,65.02973420486494
14,-90.0,-16.70489261172032,65.02990614775979
14,-90.0,-16.7048220804148,65.03002936088943
14,-90.0,-16.704790827406352,65.03007809065464
14,-90.0,-16.7048220804148,65.03012441567057
14,-90.0,-16.704993621764327,65.03012441567057
14,-90.0,-16.705095200736938,65.0302500335495
14,-90.0,-16.705165163113858,65.03032028964336
14,-90.0,-16.705255775228384,65.03042197644436
14,-90.0,-16.705336704463384,65.03057087970959
14,-90.0,-16.705348212307506,65.03059391933921
14,-90.0,-16.705406971781894,65.03076586223409
14,-90.0,-16.705477040654404,65.03093780512893
14,-90.0,-16.70550824581291,65.03097251943929
14,-90.0,-16.705641182635684,65.03110974802378
14,-90.0,-16.705679787162442,65.03114597868165
14,-90.0,-16.705811355567953,65.03128169091865
14,-90.0,-16.70585132851197,65.03132106843739
14,-90.0,-16.70598609951127,65.0314536338135
14,-90.0,-16.7060228698615,65.03147702316312
14,-90.0,-16.706194411211026,65.0315753365057
14,-90.0,-16.706365952560557,65.0315753365057
14,-90.0,-16.706471834533485,65.03162557670835
14,-90.0,-16.706537493910083,65.03164712957499
14,-90.0,-16.706709035259614,65.031691008291
14,-90.0,-16.70688057660914,65.03173489069853
14,-90.0,-16.70705211795867,65.03177563214093
14,-90.0,-16.707162639315328,65.03179751960322
14,-90.0,-16.707223659308198,65.03180704036538
14,-90.0,-16.707395200657725,65.03180704036538
14,-90.0,-16.707566742007256,65.03182890473121
14,-90.0,-16.707738283356782,65.03189266202615
14,-90.0,-16.707909824706313,65.0318949472429
14,-90.0,-16.70808136605584,65.03188327231952
14,-90.0,-16.70825290740537,65.03192141198055
14,-90.0,-16.708424448754897,65.03191030837111
14,-90.0,-16.708595990104428,65.03189991941802
14,-90.0,-16.708767531453955,65.03188631577187
14,-90.0,-16.708939072803485,65.03186717386045
14,-90.0,-16.709110614153012,65.03186717386045
14,-90.0,-16.70928215550254,65.03185159720276
14,-90.0,-16.70945369685207,65.03185101408576
14,-90.0,-16.709625238201596,65.03191292714368
14,-90.0,-16.70967603638018,65.03196946249807
14,-90.0,-16.709664835553596,65.03214140539292
14,-90.0,-16.709666659619366,65.03231334828779
14,-90.0,-16.709685526063822,65.03248529118264
14,-90.0,-16.70971564766794,65.03265723407749
14,-90.0,-16.709756036315,65.03282917697236
14,-90.0,-16.709777107423292,65.03300111986721
14,-90.0,-16.709763452055817,65.03317306276206
14,-90.0,-16.70973647994081,65.03334500565693
14,-90.0,-16.709625238201596,65.0334524180129
14,-90.0,-16.709559384174597,65.03351694855178
14,-90.0,-16.709575908362208,65.03368889144663
14,-90.0,-16.709625238201596,65.03380156973299
14,-90.0,-16.709796779551127,65.03380156973299
14,-90.0,-16.709825673182518,65.0338608343415
14,-90.0,-16.709968320900657,65.03398398523288
14,-90.0,-16.71002193279975,65.03403277723635
14,-90.0,-16.710139862250184,65.03411231007419
14,-90.0,-16.710267081670903,65.0342047201312
14,-90.0,-16.71031140359971,65.03424211812516
14,-90.0,-16.710478591399625,65.03437666302607
14,-90.0,-16.71048294494924,65.03438163348532
14,-90.0,-16.710635133759176,65.03454860592092
14,-90.0,-16.71065448629877,65.03457985582781
14,-90.0,-16.710726966924085,65.03472054881577
14,-90.0,-16.710805647490716,65.03489249171064
14,-90.0,-16.7108260276483,65.03492311349939
14,-90.0,-16.710927705162824,65.03506443460549
14,-90.0,-16.710997568997826,65.0351352810273
14,-90.0,-16.711169110347353,65.0351352810273
14,-90.0,-16.711272486111856,65.03523637750034
14,-90.0,-16.711340651696883,65.0352867414527
14,-90.0,-16.71151219304641,65.03540789352124
14,-90.0,-16.711512783573294,65.03540832039522
14,-90.0,-16.71168373439594,65.0355063278068
14,-90.0,-16.71180911688007,65.03558026329006
14,-90.0,-16.711855275745467,65.03560882556803
14,-90.0,-16.712026817094998,65.03571568840654
14,-90.0,-16.712081368972523,65.03575220618491
14,-90.0,-16.712198358444525,65.03589732068801
14,-90.0,-16.712369899794055,65.03589732068801
14,-90.0,-16.71239143208103,65.03592414907978
14,-90.0,-16.71242189583544,65.03609609197463
14,-90.0,-16.712369899794055,65.03616503624866
14,-90.0,-16.712273379150293,65.03626803486948
14,-90.0,-16.71231593807899,65.03643997776435
14,-90.0,-16.712369899794055,65.03651055438395
14,-90.0,-16.712541441143582,65.03651055438395
14,-90.0,-16.712621882123074,65.0366119206592
14,-90.0,-16.712712982493112,65.03670179309722
14,-90.0,-16.7127893902872,65.03678386355405
14,-90.0,-16.71288452384264,65.03687940604152
14,-90.0,-16.71295802233349,65.0369558064489
14,-90.0,-16.713056065192166,65.03706584546984
14,-90.0,-16.71310787830079,65.03712774934377
14,-90.0,-16.713227606541697,65.03723185630969
14,-90.0,-16.713304876968515,65.03729969223862
14,-90.0,-16.713399147891224,65.03734280397538
14,-90.0,-16.713570689240754,65.0374190541954
14,-90.0,-16.71374223059028,65.0374190541954
14,-90.0,-16.713868546358036,65.03747163513349
14,-90.0,-16.71391377193981,65.03750339674177
14,-90.0,-16.714053113789344,65.03764357802834
14,-90.0,-16.71408531328934,65.03765488941231
14,-90.0,-16.71425685463887,65.03770522837146
14,-90.0,-16.714428395988396,65.037746973867
14,-90.0,-16.714599937337926,65.03778813137053
14,-90.0,-16.714771478687453,65.03778813137053
14,-90.0,-16.71493772909863,65.03781552092319
14,-90.0,-16.71494302003698,65.03781645254841
14,-90.0,-16.71511456138651,65.03783529843236
14,-90.0,-16.715286102736037,65.03785893295962
14,-90.0,-16.715457644085568,65.03790026487785
14,-90.0,-16.715629185435095,65.03795347561416
14,-90.0,-16.715800726784625,65.03796680607074
14,-90.0,-16.71585205506974,65.03798746381806
14,-90.0,-16.715972268134152,65.03803371481567
14,-90.0,-16.716143809483683,65.03810761782493
14,-90.0,-16.71625452733431,65.03815940671291
14,-90.0,-16.71631535083321,65.03818545466436
14,-90.0,-16.71648689218274,65.03825777483195
14,-90.0,-16.716656075106712,65.03833134960776
14,-90.0,-16.716658433532267,65.03833329328211
14,-90.0,-16.716829974881794,65.03833329328211
14,-90.0,-16.717001516231324,65.03849336679231
14,-90.0,-16.717012024852345,65.03850329250263
14,-90.0,-16.71717305758085,65.03857313078184
14,-90.0,-16.71734459893038,65.03863292620684
14,-90.0,-16.717516140279905,65.03867154138779
14,-90.0,-16.71768768162944,65.03867154138779
14,-90.0,-16.717707513547822,65.03867523539748
14,-90.0,-16.717859222978966,65.03869820402373
14,-90.0,-16.718030764328496,65.03873098280567
14,-90.0,-16.718202305678023,65.03876567794256
14,-90.0,-16.718373847027554,65.0388011515297
14,-90.0,-16.71854538837708,65.0388293415203
14,-90.0,-16.718716929726607,65.0388293415203
14,-90.0,-16.718888471076138,65.03884491871416
14,-90.0,-16.71893723830461,65.03884717829233
14,-90.0,-16.719060012425665,65.03885280626004
14,-90.0,-16.719231553775195,65.03886337440417
14,-90.0,-16.719403095124722,65.03888532258063
14,-90.0,-16.719574636474253,65.03888532258063
14,-90.0,-16.71974617782378,65.0389109742576
14,-90.0,-16.71991771917331,65.03894119061125
14,-90.0,-16.720089260522837,65.03898087925815
14,-90.0,-16.720260801872367,65.0390161748672
14,-90.0,-16.72027406160368,65.0390191211872
14,-90.0,-16.720432343221894,65.03907539249376
14,-90.0,-16.72060388457142,65.03907539249376
14,-90.0,-16.72077542592095,65.03913491701377
14,-90.0,-16.72094696727048,65.03917306931353
14,-90.0,-16.721108602170986,65.03919106408205
14,-90.0,-16.72111850862001,65.03919193022273
14,-90.0,-16.721290049969536,65.039222166506
14,-90.0,-16.721461591319066,65.03924933494139
14,-90.0,-16.721633132668593,65.03929343989398
14,-90.0,-16.721739711544046,65.0393630069769
14,-90.0,-16.721804674018124,65.03939539344094
14,-90.0,-16.72197621536765,65.03947806580388
14,-90.0,-16.722124753087932,65.03953494987176
14,-90.0,-16.72214775671718,65.03954183325892
14,-90.0,-16.722319298066708,65.03959552762639
14,-90.0,-16.722490839416235,65.03959552762639
14,-90.0,-16.72266238076576,65.03964514166778
14,-90.0,-16.722833922115292,65.03969532843199
14,-90.0,-16.72287993298503,65.03970689276662
14,-90.0,-16.723005463464823,65.03973905936046
14,-90.0,-16.72317700481435,65.03979902176783
14,-90.0,-16.72334854616388,65.03986478438594
14,-90.0,-16.723520087513407,65.03986478438594
14,-90.0,-16.72356569991021,65.03987883566145
14,-90.0,-16.723691628862937,65.03995024518957
14,-90.0,-16.723863170212464,65.03997566183524
14,-90.0,-16.724034711561995,65.04001000225593
14,-90.0,-16.72420625291152,65.0400108793227
14,-90.0,-16.72437779426105,65.0400108793227
14,-90.0,-16.72454933561058,65.04004076047475
14,-90.0,-16.72457962075619,65.04005077855633
14,-90.0,-16.724720876960106,65.04010826395083
14,-90.0,-16.724892418309636,65.04017109921556
14,-90.0,-16.725063959659163,65.04022111444039
14,-90.0,-16.7250701757395,65.04022272145119
14,-90.0,-16.725235501008694,65.04026030110916
14,-90.0,-16.72540704235822,65.04026030110916
14,-90.0,-16.72557858370775,65.04030743676475
14,-90.0,-16.725750125057278,65.04037786729947
14,-90.0,-16.725790658370794,65.04039466434604
14,-90.0,-16.72592166640681,65.04043740943975
14,-90.0,-16.726093207756335,65.04048558019369
14,-90.0,-16.726264749105862,65.04053119365327
14,-90.0,-16.726436290455393,65.04053119365327
14,-90.0,-16.72660783180492,65.04056478742588
14,-90.0,-16.726612744410996,65.0405666072409
14,-90.0,-16.72677937315445,65.04066001583095
14,-90.0,-16.72688241392442,65.04073855013576
14,-90.0,-16.72695091450398,65.04083510774116
14,-90.0,-16.727000360831834,65.04091049303061
14,-90.0,-16.727122455853504,65.0410092132032
14,-90.0,-16.727200526004438,65.04108243592547
14,-90.0,-16.727238313941392,65.04125437882033
14,-90.0,-16.727278706399883,65.04142632171518
14,-90.0,-16.727293997203034,65.04143542048152
14,-90.0,-16.727465538552565,65.04150630061629
14,-90.0,-16.72763707990209,65.04150630061629
14,-90.0,-16.727808621251622,65.04155516093394
14,-90.0,-16.72798016260115,65.04159184708365
14,-90.0,-16.728006211293827,65.04159826461006
14,-90.0,-16.728151703950676,65.04163010967245
14,-90.0,-16.728323245300206,65.0416715916727
14,-90.0,-16.728494786649733,65.04170217404807
14,-90.0,-16.728666327999264,65.04171983025329
14,-90.0,-16.7288053137076,65.0417702075049
14,-90.0,-16.72883786934879,65.04178674640744
14,-90.0,-16.729009410698325,65.0418603592193
14,-90.0,-16.729180952047848,65.04191743548708
14,-90.0,-16.72921228877001,65.04194215039975
14,-90.0,-16.72935249339738,65.04205709140963
14,-90.0,-16.729524034746905,65.04209151363096
14,-90.0,-16.729695576096432,65.04209676683277
14,-90.0,-16.729798421810507,65.0421140932946
14,-90.0,-16.729867117445963,65.04212874365898
14,-90.0,-16.73003865879549,65.04215898592759
14,-90.0,-16.73021020014502,65.04218909171865
14,-90.0,-16.730381741494547,65.04222079746025
14,-90.0,-16.730553282844078,65.04222079746025
14,-90.0,-16.7307248241936,65.04226110754756
14,-90.0,-16.730807001179866,65.04228603618947
14,-90.0,-16.730896365543135,65.0424040060558
14,-90.0,-16.730942212666335,65.04245797908432
14,-90.0,-16.73106790689266,65.0425786689569
14,-90.0,-16.731130391800185,65.04262992197917
14,-90.0,-16.731239448242192,65.04267391285205
14,-90.0,-16.731410989591716,65.04273331434251
14,-90.0,-16.731582530941246,65.04273331434251
14,-90.0,-16.731754072290776,65.04278734577808
14,-90.0,-16.73182537265874,65.04280186487404
14,-90.0,-16.731925613640303,65.042834198853
14,-90.0,-16.732097154989834,65.04286830666129
14,-90.0,-16.73226869633936,65.04289062632475
14,-90.0,-16.73244023768889,65.04290506388082
14,-90.0,-16.732611779038418,65.04294196756219
14,-90.0,-16.73278332038795,65.04294896803972
14,-90.0,-16.732954861737475,65.04295476987183
14,-90.0,-16.733126403087006,65.04296400791478
14,-90.0,-16.733208307637867,65.04297380776889
14,-90.0,-16.733297944436533,65.04298469276178
14,-90.0,-16.73346948578606,65.04298469276178
14,-90.0,-16.73364102713559,65.04303267952093
14,-90.0,-16.733812568485117,65.04311636606388
14,-90.0,-16.733865604463066,65.04314575066374
14,-90.0,-16.733984109834648,65.04319867325466
14,-90.0,-16.734155651184174,65.04327250337688
14,-90.0,-16.734263867710325,65.0433176935586
14,-90.0,-16.734327192533705,65.04333698543444
14,-90.0,-16.734498733883232,65.04333698543444
14,-90.0,-16.734670275232762,65.04337705391782
14,-90.0,-16.73484181658229,65.0434071153252
14,-90.0,-16.73501335793182,65.04343480552006
14,-90.0,-16.735184899281347,65.04344528671805
14,-90.0,-16.735356440630873,65.04344528671805
14,-90.0,-16.735527981980404,65.04344090093375
14,-90.0,-16.73569952332993,65.04342642376325
14,-90.0,-16.73587106467946,65.04340487112574
14,-90.0,-16.736042606028988,65.04341046802462
14,-90.0,-16.73621414737852,65.04343946503704
14,-90.0,-16.73627783841892,65.04348963645346
14,-90.0,-16.736385688728046,65.04353880835173
14,-90.0,-16.736557230077576,65.04358909802177
14,-90.0,-16.736728771427103,65.04365363495764
14,-90.0,-16.736749238548047,65.04366157934831
14,-90.0,-16.736900312776633,65.04372764429496
14,-90.0,-16.737060429429555,65.04383352224318
14,-90.0,-16.73707185412616,65.0438393852284
14,-90.0,-16.737243395475687,65.04384335280338
14,-90.0,-16.737414936825218,65.04391724907842
14,-90.0,-16.737586478174745,65.04398057153547
14,-90.0,-16.73766905292311,65.04400546513803
14,-90.0,-16.737758019524275,65.04402021824251
14,-90.0,-16.737929560873802,65.04404562997553
14,-90.0,-16.738101102223332,65.04406913582831
14,-90.0,-16.73827264357286,65.04406913582831
14,-90.0,-16.73844418492239,65.04408864540974
14,-90.0,-16.738615726271917,65.04410964301323
14,-90.0,-16.738787267621447,65.04413205013725
14,-90.0,-16.738958808970974,65.04415674604579
14,-90.0,-16.7391303503205,65.04415674604579
14,-90.0,-16.73925685018148,65.04417740803288
14,-90.0,-16.73930189167003,65.04418320973333
14,-90.0,-16.73947343301956,65.04420292037685
14,-90.0,-16.73964497436909,65.04427238417554
14,-90.0,-16.739816515718616,65.04431264199657
14,-90.0,-16.739988057068146,65.04434714374179
14,-90.0,-16.740159598417673,65.04434810481636
14,-90.0,-16.74017845689894,65.04434935092775
14,-90.0,-16.740331139767203,65.04435619388316
14,-90.0,-16.74050268111673,65.04435439476546
14,-90.0,-16.740619969145378,65.04434935092775
14,-90.0,-16.74067422246626,65.04434613395826
14,-90.0,-16.740845763815788,65.0443354916103
14,-90.0,-16.741017305165315,65.0443354916103
14,-90.0,-16.741188846514845,65.0443320293323
14,-90.0,-16.741360387864372,65.04433659221799
14,-90.0,-16.741531929213902,65.04434401678783
14,-90.0,-16.741634101052014,65.04434935092775
14,-90.0,-16.74170347056343,65.04435199118426
14,-90.0,-16.74187501191296,65.04435203334903
14,-90.0,-16.742046553262487,65.04435773615944
14,-90.0,-16.742218094612017,65.04436120518214
14,-90.0,-16.742389635961544,65.04436517861282
14,-90.0,-16.742561177311075,65.04436894960934
14,-90.0,-16.7427327186606,65.04436853580651
14,-90.0,-16.74290426001013,65.04437044458813
14,-90.0,-16.74307580135966,65.0443719529247
14,-90.0,-16.743247342709186,65.04437236787793
14,-90.0,-16.743418884058716,65.04437235626719
14,-90.0,-16.743590425408243,65.0443745365249
14,-90.0,-16.743761966757774,65.0443745365249
14,-90.0,-16.7439335081073,65.04438063612714
14,-90.0,-16.74410504945683,65.04438855947278
14,-90.0,-16.744276590806358,65.04439546601189
14,-90.0,-16.74444813215589,65.04440395056014
14,-90.0,-16.744619673505415,65.04440395056014
14,-90.0,-16.744791214854942,65.04440946801215
14,-90.0,-16.744962756204472,65.04441255355167
14,-90.0,-16.745134297554,65.04449016414416
14,-90.0,-16.74530583890353,65.04448319063721
14,-90.0,-16.745477380253057,65.04448319063721
14,-90.0,-16.745648921602587,65.0444919145985
14,-90.0,-16.745820462952114,65.04448415695742
14,-90.0,-16.745992004301645,65.04447850539916
14,-90.0,-16.74616354565117,65.04447952132399
14,-90.0,-16.746335087000702,65.04447952132399
14,-90.0,-16.74650662835023,65.04448421646808
14,-90.0,-16.746678169699756,65.04449034070839
14,-90.0,-16.746849711049286,65.04449377140898
14,-90.0,-16.747021252398813,65.04449444545598
14,-90.0,-16.747192793748344,65.04448873882878
14,-90.0,-16.74736433509787,65.04448629546748
14,-90.0,-16.7475358764474,65.04446870335329
14,-90.0,-16.747707417796928,65.04444449428566
14,-90.0,-16.74787895914646,65.04441065897674
14,-90.0,-16.748050500495985,65.04439911015493
14,-90.0,-16.748222041845516,65.04437543089495
15,-70.0,-16.6633090738289,65.04882578971802
15,-70.0,-16.663137532479368,65.0488353808858
15,-70.0,-16.66296599112984,65.04882635110168
15,-70.0,-16.66279444978031,65.04882635110168
15,-70.0,-16.662622908430784,65.04882214064965
15,-70.0,-16.6625861533861,65.04881986619401
15,-70.0,-16.662451367081253,65.04880868950715
15,-70.0,-16.662279825731726,65.04879151818824
15,-70.0,-16.66227942946641,65.04864792329916
15,-70.0,-16.662279303967214,65.0484759804043
15,-70.0,-16.66227927572281,65.04830403750942
15,-70.0,-16.66227946782325,65.0481320946146
15,-70.0,-16.66227977918293,65.04796015171974
15,-70.0,-16.662279825731726,65.04794074351902
15,-70.0,-16.662367364468956,65.04796015171974
15,-70.0,-16.662451367081253,65.04798692719658
15,-70.0,-16.662622908430784,65.04798692719658
15,-70.0,-16.66279444978031,65.04802094801944
15,-70.0,-16.662965991129838,65.0480507139973
15,-70.0,-16.663079458159924,65.04813209461459
15,-70.0,-16.66313551423437,65.04830403750944
15,-70.0,-16.663137532479368,65.04830775679822
15,-70.0,-16.66322663742148,65.0484759804043
15,-70.0,-16.6633090738289,65.04861037723161
15,-70.0,-16.66333907579282,65.04864792329916
15,-70.0,-16.663344338797266,65.04881986619401
15,-70.0,-16.6633090738289,65.04882578971802
16,-70.0,-16.744962756204472,65.04504341143878
16,-70.0,-16.74506538144471,65.04503712250717
16,-70.0,-16.745134297554,65.04502946344982
16,-70.0,-16.74530583890353,65.0450177827771
16,-70.0,-16.745477380253057,65.04501043747484
16,-70.0,-16.745648921602587,65.04501043747484
16,-70.0,-16.74582046295211,65.04500651165725
16,-70.0,-16.745992004301645,65.04500511876655
16,-70.0,-16.74616354565117,65.04499879783985
16,-70.0,-16.746335087000702,65.04499407503813
16,-70.0,-16.746506628350232,65.04499313351249
16,-70.0,-16.746678169699756,65.04499166864413
16,-70.0,-16.746849711049286,65.04499196876877
16,-70.0,-16.747021252398813,65.04499491894022
16,-70.0,-16.747192793748344,65.04500251062574
16,-70.0,-16.74736433509787,65.0450058311736
16,-70.0,-16.7475358764474,65.04500676614227
16,-70.0,-16.747707417796928,65.04500804789383
16,-70.0,-16.74787895914646,65.04500047481993
16,-70.0,-16.748050500495985,65.04497309459515
16,-70.0,-16.748222041845516,65.04494988578048
16,-70.0,-16.748393583195043,65.04493566526745
16,-70.0,-16.74856512454457,65.04488802131182
16,-70.0,-16.748643110385117,65.04486517961232
16,-70.0,-16.7487366658941,65.04483004316498
16,-70.0,-16.748908207243627,65.04478189836863
16,-70.0,-16.749079748593157,65.04476153015814
16,-70.0,-16.749251289942684,65.04474897428076
16,-70.0,-16.749422831292215,65.04472077028632
16,-70.0,-16.74959437264174,65.04469729333778
16,-70.0,-16.749626042145632,65.04469323671745
16,-70.0,-16.749765913991272,65.0446705076471
16,-70.0,-16.7499374553408,65.0446705076471
16,-70.0,-16.75010899669033,65.04463969058081
16,-70.0,-16.750280538039856,65.04461351055467
16,-70.0,-16.750452079389383,65.04459043832392
16,-70.0,-16.750623620738914,65.04462222225015
16,-70.0,-16.75079516208844,65.04460116244928
16,-70.0,-16.75096670343797,65.04458487630214
16,-70.0,-16.751138244787498,65.04461159278016
16,-70.0,-16.75130978613703,65.04459402722532
16,-70.0,-16.751481327486555,65.04458086344175
16,-70.0,-16.751652868836086,65.04457582833591
16,-70.0,-16.751824410185613,65.04457191190835
16,-70.0,-16.751995951535143,65.04456627567455
16,-70.0,-16.75216749288467,65.0445612564047
16,-70.0,-16.752339034234197,65.04456153956227
16,-70.0,-16.752510575583727,65.04456403662397
16,-70.0,-16.752682116933254,65.04456403662397
16,-70.0,-16.752853658282785,65.04456536008377
16,-70.0,-16.75302519963231,65.0445684826592
16,-70.0,-16.753196740981842,65.04456951874782
16,-70.0,-16.75336828233137,65.04457186053105
16,-70.0,-16.7535398236809,65.04457186053105
16,-70.0,-16.753711365030426,65.04457923947984
16,-70.0,-16.753882906379957,65.04458456215002
16,-70.0,-16.754054447729484,65.04458296630519
16,-70.0,-16.75422598907901,65.04457671645551
16,-70.0,-16.75439753042854,65.04457671645551
16,-70.0,-16.754569071778068,65.04457157195493
16,-70.0,-16.7547406131276,65.04456881385525
16,-70.0,-16.754912154477125,65.04456760330115
16,-70.0,-16.755083695826656,65.04455908941631
16,-70.0,-16.755255237176183,65.04455908941631
16,-70.0,-16.755426778525713,65.04454276208702
16,-70.0,-16.75559831987524,65.04452347437841
16,-70.0,-16.75561522376295,65.0445212938226
16,-70.0,-16.75576986122477,65.04449994268249
16,-70.0,-16.755941402574297,65.04447381651889
16,-70.0,-16.756112943923824,65.04447381651889
16,-70.0,-16.756284485273355,65.04444110379151
16,-70.0,-16.75645602662288,65.04440501545929
16,-70.0,-16.756627567972412,65.04437326658694
16,-70.0,-16.756796511631876,65.04434935092775
16,-70.0,-16.75679910932194,65.04434902167189
16,-70.0,-16.75697065067147,65.04434902167189
16,-70.0,-16.757142192020996,65.04432964168282
16,-70.0,-16.757313733370527,65.04431927724013
16,-70.0,-16.757485274720054,65.0443144951449
16,-70.0,-16.757556223000833,65.04434935092775
16,-70.0,-16.757656816069584,65.04439830706745
16,-70.0,-16.75782835741911,65.04439726212124
16,-70.0,-16.757999898768638,65.04439624686805
16,-70.0,-16.75817144011817,65.04439086355707
16,-70.0,-16.758342981467695,65.04437978169965
16,-70.0,-16.758514522817226,65.04436671906214
16,-70.0,-16.758686064166753,65.04436548787419
16,-70.0,-16.758857605516283,65.04435401042255
16,-70.0,-16.75890662083328,65.04434935092775
16,-70.0,-16.75902914686581,65.04433776565415
16,-70.0,-16.75920068821534,65.04432159086163
16,-70.0,-16.759372229564867,65.04430684562246
16,-70.0,-16.759543770914398,65.04429851923771
16,-70.0,-16.759715312263925,65.04429403704115
16,-70.0,-16.75988685361345,65.04428443215369
16,-70.0,-16.760058394962982,65.04427385567044
16,-70.0,-16.76022993631251,65.04426046931403
16,-70.0,-16.76040147766204,65.04425368230001
16,-70.0,-16.760573019011566,65.0442433919915
16,-70.0,-16.760744560361097,65.04422700932317
16,-70.0,-16.760916101710624,65.04421206301089
16,-70.0,-16.761087643060154,65.04419573846
16,-70.0,-16.76125918440968,65.04417998256676
16,-70.0,-16.76143072575921,65.04417998256676
16,-70.0,-16.761449507100952,65.04417740803288
16,-70.0,-16.76160226710874,65.04415243484385
16,-70.0,-16.761773808458265,65.04411949774904
16,-70.0,-16.761945349807796,65.0440805780703
16,-70.0,-16.762116891157323,65.04406351476729
16,-70.0,-16.762288432506853,65.04403381771539
16,-70.0,-16.76238695470758,65.04400546513803
16,-70.0,-16.76245997385638,65.04398545294183
16,-70.0,-16.76263151520591,65.04394045958477
16,-70.0,-16.762803056555438,65.04389831713925
16,-70.0,-16.762974597904968,65.04388503619947
16,-70.0,-16.763146139254495,65.04385830082825
16,-70.0,-16.763268718586282,65.04383352224318
16,-70.0,-16.763317680604025,65.0438220119486
16,-70.0,-16.763489221953552,65.04379027461158
16,-70.0,-16.76366076330308,65.04376664658872
16,-70.0,-16.76383230465261,65.04376664658872
16,-70.0,-16.764003846002137,65.04374035168905
16,-70.0,-16.764175387351667,65.0437155752159
16,-70.0,-16.764346928701194,65.04368538893408
16,-70.0,-16.76445930386264,65.04366157934831
16,-70.0,-16.764518470050724,65.04364664116127
16,-70.0,-16.76469001140025,65.04364664116127
16,-70.0,-16.76486155274978,65.04360530036672
16,-70.0,-16.76503309409931,65.04355651647137
16,-70.0,-16.76520463544884,65.04350911517525
16,-70.0,-16.765277447488682,65.04348963645346
16,-70.0,-16.765376176798366,65.04345515931625
16,-70.0,-16.765547718147893,65.04345515931625
16,-70.0,-16.765719259497423,65.04339826125027
16,-70.0,-16.76589080084695,65.04334486739688
16,-70.0,-16.76598508846428,65.0433176935586
16,-70.0,-16.76604216275518,65.04314575066374
16,-70.0,-16.76606234219648,65.0430507719621
16,-70.0,-16.766233883546008,65.0430507719621
16,-70.0,-16.766246708506962,65.04297380776889
16,-70.0,-16.766405424895538,65.04283804945221
16,-70.0,-16.766439590913258,65.04280186487404
16,-70.0,-16.766576966245065,65.04273783425445
16,-70.0,-16.766748507594595,65.04269391084136
16,-70.0,-16.766920048944122,65.04269228145455
16,-70.0,-16.767091590293653,65.04269228145455
16,-70.0,-16.76726313164318,65.04271474081386
16,-70.0,-16.767434672992707,65.04275220280454
16,-70.0,-16.767606214342237,65.0427907128547
16,-70.0,-16.767712727152414,65.04280186487404
16,-70.0,-16.767777755691764,65.04281061334424
16,-70.0,-16.767949297041294,65.04281061334424
16,-70.0,-16.76812083839082,65.04281458803929
16,-70.0,-16.7681746125834,65.04280186487404
16,-70.0,-16.768292379740352,65.04278870688623
16,-70.0,-16.76846392108988,65.04275320957458
16,-70.0,-16.76863546243941,65.04277096169619
16,-70.0,-16.768807003788936,65.04277096169619
16,-70.0,-16.768978545138467,65.04269192177208
16,-70.0,-16.769150086487993,65.04272358375682
16,-70.0,-16.76932162783752,65.04271117330413
16,-70.0,-16.76949316918705,65.0427117561547
16,-70.0,-16.769664710536578,65.0427117561547
16,-70.0,-16.769836251886105,65.04272121299434
16,-70.0,-16.770007793235635,65.04273332743226
16,-70.0,-16.770179334585166,65.04274226016229
16,-70.0,-16.770350875934692,65.0427426397338
16,-70.0,-16.770522417284223,65.04274125520404
16,-70.0,-16.77069395863375,65.04274406341227
16,-70.0,-16.77086549998328,65.0427482412847
16,-70.0,-16.771037041332807,65.04274803147139
16,-70.0,-16.771208582682334,65.04274201944045
16,-70.0,-16.771380124031865,65.04273098993347
16,-70.0,-16.77155166538139,65.04272652365299
16,-70.0,-16.771723206730922,65.04270795967551
16,-70.0,-16.77189474808045,65.04268990602503
16,-70.0,-16.77206628942998,65.04267467794503
16,-70.0,-16.772237830779506,65.04266277959525
16,-70.0,-16.772409372129037,65.04266277959525
16,-70.0,-16.772580913478564,65.04265107956061
16,-70.0,-16.772752454828094,65.04263298994009
16,-70.0,-16.772773135318545,65.04262992197917
16,-70.0,-16.77292399617762,65.04260485199765
16,-70.0,-16.773095537527148,65.04257895934185
16,-70.0,-16.77326707887668,65.0425686104793
16,-70.0,-16.773438620226205,65.04252940140351
16,-70.0,-16.773610161575736,65.04248978692648
16,-70.0,-16.773737109467,65.04245797908432
16,-70.0,-16.773781702925262,65.04244482059448
16,-70.0,-16.773953244274793,65.04241101728513
16,-70.0,-16.77412478562432,65.04240036919214
16,-70.0,-16.77429632697385,65.04235881738747
16,-70.0,-16.774467868323377,65.04231384750551
16,-70.0,-16.774551531080675,65.04228603618947
16,-70.0,-16.774639409672908,65.04225783521505
16,-70.0,-16.774810951022435,65.04225783521505
16,-70.0,-16.77498249237196,65.04219213347945
16,-70.0,-16.775154033721492,65.0421157962413
16,-70.0,-16.77515749852853,65.0421140932946
16,-70.0,-16.77532557507102,65.0420499731924
16,-70.0,-16.77549711642055,65.0419887220471
16,-70.0,-16.775668657770076,65.0419887220471
16,-70.0,-16.77580702038077,65.04194215039975
16,-70.0,-16.775840199119607,65.04192822476364
16,-70.0,-16.776011740469134,65.04185823368857
16,-70.0,-16.776183281818664,65.04177795657046
16,-70.0,-16.776198087426557,65.0417702075049
16,-70.0,-16.77635482316819,65.0417076179748
16,-70.0,-16.77652636451772,65.04167975980947
16,-70.0,-16.77668987979228,65.04159826461004
16,-70.0,-16.77669790586725,65.04159373057377
16,-70.0,-16.776869447216775,65.04149689812817
16,-70.0,-16.77698997966183,65.04142632171516
16,-70.0,-16.777040988566306,65.04139669861496
16,-70.0,-16.777212529915833,65.04139669861496
16,-70.0,-16.777384071265363,65.04128751764509
16,-70.0,-16.77743135947403,65.04125437882033
16,-70.0,-16.77755561261489,65.0411679157175
16,-70.0,-16.777667972482604,65.04108243592547
16,-70.0,-16.77772715396442,65.04103934155265
16,-70.0,-16.777898695313947,65.04098539927591
16,-70.0,-16.77806718080264,65.04091049303061
16,-70.0,-16.778070236663478,65.04090754516906
16,-70.0,-16.778232668535697,65.04073855013576
16,-70.0,-16.778241778013005,65.04072753146386
16,-70.0,-16.77837589316624,65.0405666072409
16,-70.0,-16.778413319362535,65.04053420138669
16,-70.0,-16.778584860712062,65.04047388896126
16,-70.0,-16.77875640206159,65.04040402969368
16,-70.0,-16.778770922559705,65.04039466434604
16,-70.0,-16.77892794341112,65.04031499262817
16,-70.0,-16.779099484760646,65.0402328282748
16,-70.0,-16.77912078135874,65.04022272145119
16,-70.0,-16.779271026110177,65.04014433708733
16,-70.0,-16.779442567459704,65.04014433708733
16,-70.0,-16.779594944410945,65.04005077855633
16,-70.0,-16.779614108809234,65.04003861895555
16,-70.0,-16.77978565015876,65.0399289684126
16,-70.0,-16.779859368502898,65.03987883566147
16,-70.0,-16.77995719150829,65.03982062655486
16,-70.0,-16.78012873285782,65.03978056219898
16,-70.0,-16.78030027420735,65.03971871027095
16,-70.0,-16.780320892169154,65.03970689276662
16,-70.0,-16.780471815556876,65.0396023738007
16,-70.0,-16.78055826424849,65.03953494987176
16,-70.0,-16.780643356906403,65.03944867800723
16,-70.0,-16.780728304275364,65.0393630069769
16,-70.0,-16.780814898255933,65.03931002582418
16,-70.0,-16.78098643960546,65.03924582446348
16,-70.0,-16.78103066676996,65.03919106408205
16,-70.0,-16.781145198851107,65.0390191211872
16,-70.0,-16.78115798095499,65.03899439835554
16,-70.0,-16.781326865586564,65.03884717829233
16,-70.0,-16.781329522304517,65.03884533979536
16,-70.0,-16.78141864439618,65.03867523539748
16,-70.0,-16.781501063654048,65.03863669613646
16,-70.0,-16.781672605003575,65.03859574420072
16,-70.0,-16.781760201102443,65.03850329250261
16,-70.0,-16.781844146353105,65.0384230424359
16,-70.0,-16.781945018191756,65.03833134960776
16,-70.0,-16.782015687702632,65.03826759295153
16,-70.0,-16.782141084272883,65.03815940671291
16,-70.0,-16.782187229052163,65.0381404314125
16,-70.0,-16.78235877040169,65.03812331864462
16,-70.0,-16.78252824082201,65.03798746381806
16,-70.0,-16.78253031175122,65.03798595472713
16,-70.0,-16.782701853100747,65.03785796307344
16,-70.0,-16.78275471967513,65.03781552092319
16,-70.0,-16.782873394450274,65.03769156744612
16,-70.0,-16.783044935799804,65.03769156744612
16,-70.0,-16.783089839740043,65.03764357802834
16,-70.0,-16.78321647714933,65.03747256175893
16,-70.0,-16.783217210541792,65.03747163513349
16,-70.0,-16.7832580076841,65.03729969223862
16,-70.0,-16.78321647714933,65.03718738255411
16,-70.0,-16.783198794637077,65.03712774934377
16,-70.0,-16.783177116855445,65.03695580644892
16,-70.0,-16.78321647714933,65.03683930719997
16,-70.0,-16.783236619332204,65.03678386355405
16,-70.0,-16.78338801849886,65.03662383931939
16,-70.0,-16.78355955984839,65.03662383931939
16,-70.0,-16.78357875628632,65.0366119206592
16,-70.0,-16.78373110119792,65.03655903233889
16,-70.0,-16.783902642547446,65.03651761082588
16,-70.0,-16.784074183896976,65.03647347689501
16,-70.0,-16.78417753003136,65.03643997776433
16,-70.0,-16.784245725246503,65.03641896870667
16,-70.0,-16.78441726659603,65.03640636276114
16,-70.0,-16.78458880794556,65.03629681813739
16,-70.0,-16.784627665145926,65.03626803486948
16,-70.0,-16.784760349295087,65.03618006201674
16,-70.0,-16.784904446398897,65.03609609197463
16,-70.0,-16.784931890644618,65.03608393144827
16,-70.0,-16.785103431994145,65.03608393144827
16,-70.0,-16.785274973343675,65.03600752154563
16,-70.0,-16.785446514693202,65.0359311848376
16,-70.0,-16.78546117815078,65.03592414907978
16,-70.0,-16.785618056042733,65.03583039665523
16,-70.0,-16.785752722739872,65.03575220618491
16,-70.0,-16.78578959739226,65.0357325340473
16,-70.0,-16.78596113874179,65.035713866535
16,-70.0,-16.786100774672324,65.03558026329006
16,-70.0,-16.786121300730645,65.0354083203952
16,-70.0,-16.786118377903954,65.03523637750034
16,-70.0,-16.786132680091317,65.03518297050246
16,-70.0,-16.786165862850808,65.03506443460549
16,-70.0,-16.78622133633261,65.03489249171064
16,-70.0,-16.786247763552772,65.03472054881577
16,-70.0,-16.786304221440844,65.03468390661527
16,-70.0,-16.786475762790374,65.03465143301317
16,-70.0,-16.78657871412753,65.03454860592092
16,-70.0,-16.7866473041399,65.03450633543387
16,-70.0,-16.786797641220687,65.03437666302607
16,-70.0,-16.78681884548943,65.03435018011413
16,-70.0,-16.78691319143241,65.03420472013119
16,-70.0,-16.78699038683896,65.0340477262469
16,-70.0,-16.78716192818849,65.0340477262469
16,-70.0,-16.78716946933307,65.03403277723635
16,-70.0,-16.78725535783799,65.0338608343415
16,-70.0,-16.787327301895758,65.03368889144663
16,-70.0,-16.787333469538016,65.03364962338702
16,-70.0,-16.78735089285173,65.03351694855178
16,-70.0,-16.787333469538012,65.0334083126248
16,-70.0,-16.7873227080605,65.03334500565693
16,-70.0,-16.78726647150976,65.03317306276206
16,-70.0,-16.787222765539845,65.03300111986721
16,-70.0,-16.787251218162154,65.03282917697236
16,-70.0,-16.787333469538016,65.03268103154505
16,-70.0,-16.787505010887546,65.03268103154505
16,-70.0,-16.787523040921485,65.03265723407749
16,-70.0,-16.787520429701168,65.03248529118264
16,-70.0,-16.787505010887546,65.03245805884765
16,-70.0,-16.78741931506224,65.03231334828779
16,-70.0,-16.787333469538016,65.03219855388517
16,-70.0,-16.78716192818849,65.03219855388517
16,-70.0,-16.787119829328066,65.03214140539292
16,-70.0,-16.78699038683896,65.03200040579391
16,-70.0,-16.78696305082274,65.03196946249807
16,-70.0,-16.78682103126093,65.03179751960322
16,-70.0,-16.78681884548943,65.03179418276099
16,-70.0,-16.78671060191671,65.03162557670835
16,-70.0,-16.786662302361883,65.0314536338135
16,-70.0,-16.7866473041399,65.03140546092432
16,-70.0,-16.786598868501777,65.03128169091865
16,-70.0,-16.786574000421755,65.0311097480238
16,-70.0,-16.78657062375257,65.03093780512893
16,-70.0,-16.786535578976263,65.03076586223408
16,-70.0,-16.786475762790374,65.03063314005593
16,-70.0,-16.786455586651154,65.03059391933921
16,-70.0,-16.786346096289734,65.03042197644436
16,-70.0,-16.786304221440844,65.03038304390277
16,-70.0,-16.78615988244124,65.0302500335495
16,-70.0,-16.786132680091317,65.03022618317124
16,-70.0,-16.78596113874179,65.03009168791488
16,-70.0,-16.785941600282843,65.03007809065464
16,-70.0,-16.78578959739226,65.02992607539034
16,-70.0,-16.78577463793736,65.02990614775979
16,-70.0,-16.785697508586857,65.02973420486494
16,-70.0,-16.785618056042733,65.0295764072106
16,-70.0,-16.785446514693202,65.0295764072106
16,-70.0,-16.78544116865373,65.02956226197007
16,-70.0,-16.785446514693202,65.02955231684894
16,-70.0,-16.785515401146693,65.02939031907522
16,-70.0,-16.785446514693202,65.02932980329123
16,-70.0,-16.785274973343675,65.02932980329123
16,-70.0,-16.785112144470897,65.02921837618037
16,-70.0,-16.785103431994145,65.02921553149935
16,-70.0,-16.784931890644618,65.02918764769456
16,-70.0,-16.784760349295087,65.02917311867932
16,-70.0,-16.78458880794556,65.02916976041425
16,-70.0,-16.78441726659603,65.02916111191043
16,-70.0,-16.784245725246503,65.02917190472424
16,-70.0,-16.784074183896976,65.02915585177757
16,-70.0,-16.783902642547446,65.02911143578947
16,-70.0,-16.78379361451588,65.0290464332855
16,-70.0,-16.78383861652025,65.02887449039065
16,-70.0,-16.78375301667873,65.0287025474958
16,-70.0,-16.78373110119792,65.02868266735929
16,-70.0,-16.78355955984839,65.02855090043722
16,-70.0,-16.783536409541494,65.02853060460093
16,-70.0,-16.78338801849886,65.02847860793287
16,-70.0,-16.78321647714933,65.02847860793287
16,-70.0,-16.783044935799804,65.02839340768641
16,-70.0,-16.78299348202418,65.02835866170608
16,-70.0,-16.782873394450274,65.0282735712902
16,-70.0,-16.78276031133948,65.02818671881123
16,-70.0,-16.782701853100747,65.0281430088573
16,-70.0,-16.782530311751216,65.02803175768629
16,-70.0,-16.78250387444265,65.02801477591636
16,-70.0,-16.78235877040169,65.02792280646098
16,-70.0,-16.782187229052163,65.02792280646098
16,-70.0,-16.7820666236639,65.02784283302151
16,-70.0,-16.782015687702632,65.02779100849415
16,-70.0,-16.781892095740034,65.02767089012666
16,-70.0,-16.781844146353105,65.02762524806425
16,-70.0,-16.781672605003575,65.0275133236067
16,-70.0,-16.78164566665202,65.02749894723179
16,-70.0,-16.781501063654048,65.02737767260416
16,-70.0,-16.78144686120706,65.02732700433694
16,-70.0,-16.781329522304517,65.0272777461368
16,-70.0,-16.78115798095499,65.0271951168333
16,-70.0,-16.78098643960546,65.0271951168333
16,-70.0,-16.780911184625868,65.0271550614421
16,-70.0,-16.780814898255933,65.02712832809537
16,-70.0,-16.780643356906403,65.02709584668958
16,-70.0,-16.780471815556876,65.02707858605739
16,-70.0,-16.78030027420735,65.02706444709952
16,-70.0,-16.78012873285782,65.02706444709952
16,-70.0,-16.779957191508288,65.0270477892168
16,-70.0,-16.77978565015876,65.02701175265945
16,-70.0,-16.779708998086058,65.02698311854722
16,-70.0,-16.779614108809234,65.02694000459722
16,-70.0,-16.779442567459704,65.0268310938449
16,-70.0,-16.77941578156664,65.02681117565237
16,-70.0,-16.779271026110177,65.02670534461102
16,-70.0,-16.779099484760646,65.02670534461102
16,-70.0,-16.779006651876266,65.02663923275752
16,-70.0,-16.77892794341112,65.02658104968559
16,-70.0,-16.77876199329509,65.02646728986265
16,-70.0,-16.77875640206159,65.02645401421569
16,-70.0,-16.778692212752528,65.0262953469678
16,-70.0,-16.778674029277468,65.02612340407295
16,-70.0,-16.778629524265178,65.02595146117808
16,-70.0,-16.778584860712062,65.02588601150748
16,-70.0,-16.778509657692073,65.02577951828323
16,-70.0,-16.778413319362535,65.02566129770068
16,-70.0,-16.778369669164185,65.02560757538838
16,-70.0,-16.778302669443313,65.02543563249351
16,-70.0,-16.7783102801259,65.02526368959866
16,-70.0,-16.778337453182143,65.02509174670381
16,-70.0,-16.778330765183213,65.02491980380894
16,-70.0,-16.778277242017502,65.02474786091409
16,-70.0,-16.778241778013005,65.02459819511121
16,-70.0,-16.77823547390949,65.02457591801924
16,-70.0,-16.778142815044333,65.02440397512437
16,-70.0,-16.778097375501787,65.02423203222952
16,-70.0,-16.778070236663478,65.02419248923975
16,-70.0,-16.777983999170644,65.02406008933467
16,-70.0,-16.777898695313947,65.02398319316401
16,-70.0,-16.777798020062814,65.0238881464398
16,-70.0,-16.77772715396442,65.02376417410085
16,-70.0,-16.777692602706733,65.02371620354495
16,-70.0,-16.77758039411478,65.0235442606501
16,-70.0,-16.77755561261489,65.02351913484296
16,-70.0,-16.777414471417604,65.02337231775523
16,-70.0,-16.777384071265363,65.02332865085162
16,-70.0,-16.777270171697136,65.02320037486038
16,-70.0,-16.777212529915833,65.02309110049413
16,-70.0,-16.77717286739587,65.02302843196553
16,-70.0,-16.777040988566306,65.02294896795175
16,-70.0,-16.776869447216775,65.02294896795175
16,-70.0,-16.77669790586725,65.02286249141227
16,-70.0,-16.776679840597215,65.02285648907066
16,-70.0,-16.77652636451772,65.0228203381396
16,-70.0,-16.77635482316819,65.02278424477501
16,-70.0,-16.776183281818664,65.02275413821108
16,-70.0,-16.776011740469134,65.02274017875851
16,-70.0,-16.775840199119607,65.02272285645824
16,-70.0,-16.775668657770076,65.02268633707247
16,-70.0,-16.77566170504519,65.02268454617581
16,-70.0,-16.77549711642055,65.02264517427669
16,-70.0,-16.77532557507102,65.02260132352681
16,-70.0,-16.775154033721492,65.02255934078255
16,-70.0,-16.77498249237196,65.02255934078255
16,-70.0,-16.774810951022435,65.02252632029669
16,-70.0,-16.774639409672908,65.0225132580635
16,-70.0,-16.774467868323377,65.02253730979382
16,-70.0,-16.77429632697385,65.02259897328977
16,-70.0,-16.77412478562432,65.02259897328977
16,-70.0,-16.773953244274793,65.02267642942296
16,-70.0,-16.773934817651316,65.02268454617581
16,-70.0,-16.773781702925262,65.02274159370756
16,-70.0,-16.773610161575736,65.02278551360828
16,-70.0,-16.773438620226205,65.02281015093698
16,-70.0,-16.77326707887668,65.02281015093698
16,-70.0,-16.773095537527148,65.02280944564802
16,-70.0,-16.77292399617762,65.02278396506432
16,-70.0,-16.772752454828094,65.02272478862858
16,-70.0,-16.772687105259273,65.02268454617581
16,-70.0,-16.772580913478564,65.02254093846537
16,-70.0,-16.772563103268798,65.02251260328096
16,-70.0,-16.772409372129037,65.02239052338031
16,-70.0,-16.772237830779506,65.02239052338031
16,-70.0,-16.772162112066837,65.0223406603861
16,-70.0,-16.77206628942998,65.02225556314627
16,-70.0,-16.771956597135777,65.02216871749124
16,-70.0,-16.77189474808045,65.02211056384502
16,-70.0,-16.771759017447714,65.02199677459639
16,-70.0,-16.771723206730922,65.02196751778735
16,-70.0,-16.77155166538139,65.0218348721226
16,-70.0,-16.771538733623842,65.02182483170152
16,-70.0,-16.771380124031865,65.02170897538265
16,-70.0,-16.77128775561289,65.02165288880667
16,-70.0,-16.771208582682334,65.02160770281193
16,-70.0,-16.771037041332807,65.02160770281193
16,-70.0,-16.77086549998328,65.02152409651228
16,-70.0,-16.770771217349388,65.02148094591182
16,-70.0,-16.77069395863375,65.02139639173448
16,-70.0,-16.770621377756814,65.02130900301695
16,-70.0,-16.770522417284223,65.02123285147213
16,-70.0,-16.770387320738102,65.0211370601221
16,-70.0,-16.770350875934692,65.02110943858666
16,-70.0,-16.770179334585166,65.02100371488382
16,-70.0,-16.770007793235635,65.02100371488382
16,-70.0,-16.769932587493784,65.02096511722725
16,-70.0,-16.769836251886108,65.0208920544988
16,-70.0,-16.769664710536578,65.02081081860615
16,-70.0,-16.769606427627664,65.02079317433238
16,-70.0,-16.76949316918705,65.02074056700546
16,-70.0,-16.76932162783752,65.02068971641023
16,-70.0,-16.769150086487993,65.02064874769378
16,-70.0,-16.768978545138467,65.02064874769378
16,-70.0,-16.76885733435009,65.02062123143753
16,-70.0,-16.768807003788936,65.02061057527501
16,-70.0,-16.76863546243941,65.0205816489082
16,-70.0,-16.76846392108988,65.02056351020804
16,-70.0,-16.768292379740352,65.02056556513747
16,-70.0,-16.76812083839082,65.02056925443483
16,-70.0,-16.767949297041294,65.02058235207029
16,-70.0,-16.767777755691764,65.0206024564219
16,-70.0,-16.767606214342237,65.02060344932168
16,-70.0,-16.767434672992707,65.02059728642446
16,-70.0,-16.76726313164318,65.02057504496752
16,-70.0,-16.767091590293653,65.02057504496752
16,-70.0,-16.766920048944122,65.02049780223128
16,-70.0,-16.766748507594595,65.02049010687159
16,-70.0,-16.766576966245065,65.02047510154117
16,-70.0,-16.766405424895538,65.02045321783345
16,-70.0,-16.766233883546008,65.02045321783345
16,-70.0,-16.766203444029284,65.02044928854268
16,-70.0,-16.76606234219648,65.02043416282451
16,-70.0,-16.76589080084695,65.02041977959281
16,-70.0,-16.765719259497423,65.02042227545067
16,-70.0,-16.765547718147893,65.02044321579957
16,-70.0,-16.765376176798366,65.02044440982984
16,-70.0,-16.765344724228743,65.02044928854268
16,-70.0,-16.76520463544884,65.02047616694908
16,-70.0,-16.76503309409931,65.0205127806972
16,-70.0,-16.76486155274978,65.02055082373975
16,-70.0,-16.76469001140025,65.0205897206165
16,-70.0,-16.764518470050724,65.0205897206165
16,-70.0,-16.764382779219826,65.02062123143753
16,-70.0,-16.764346928701197,65.0206281750004
16,-70.0,-16.764175387351667,65.02065363889963
16,-70.0,-16.764003846002137,65.02066824660213
16,-70.0,-16.76383230465261,65.02066667064418
16,-70.0,-16.76366076330308,65.02066667064418
16,-70.0,-16.763489221953552,65.02065048490661
16,-70.0,-16.763317680604025,65.02062533251875
16,-70.0,-16.76329348431235,65.02062123143753
16,-70.0,-16.763146139254495,65.02059656628778
16,-70.0,-16.762974597904968,65.02057763484257
16,-70.0,-16.762803056555438,65.02057434039794
16,-70.0,-16.76263151520591,65.02056660242934
16,-70.0,-16.76245997385638,65.02056283999038
16,-70.0,-16.762288432506853,65.0205654165795
16,-70.0,-16.762116891157323,65.02057168070337
16,-70.0,-16.761945349807796,65.02057630821147
16,-70.0,-16.761773808458265,65.02057630821147
16,-70.0,-16.76160226710874,65.02054134995126
16,-70.0,-16.76143072575921,65.02054264170029
16,-70.0,-16.76125918440968,65.02052660068912
16,-70.0,-16.761087643060158,65.02051962654598
16,-70.0,-16.760916101710624,65.02048213467705
16,-70.0,-16.760744560361097,65.02048285994593
16,-70.0,-16.760573019011566,65.02048854669692
16,-70.0,-16.76040147766204,65.02050550733375
16,-70.0,-16.76022993631251,65.02052762249133
16,-70.0,-16.760058394962982,65.02052762249133
16,-70.0,-16.75988685361345,65.02055501636943
16,-70.0,-16.759715312263925,65.0205770953437
16,-70.0,-16.759543770914398,65.020585414254
16,-70.0,-16.759372229564867,65.02057144029294
16,-70.0,-16.75920068821534,65.0205542182765
16,-70.0,-16.759029146865814,65.0205305080625
16,-70.0,-16.758857605516283,65.02046964440967
16,-70.0,-16.758812350916457,65.02044928854268
16,-70.0,-16.758686064166753,65.02036818667455
16,-70.0,-16.758565815979644,65.02027734564781
16,-70.0,-16.758514522817226,65.02023617946479
16,-70.0,-16.758364764974452,65.02010540275296
16,-70.0,-16.758342981467695,65.02009160093351
16,-70.0,-16.75817144011817,65.02006922926503
16,-70.0,-16.757999898768638,65.01998668617397
16,-70.0,-16.757905703975243,65.01993345985811
16,-70.0,-16.75782835741911,65.01990278170733
16,-70.0,-16.757665247382455,65.01976151696324
16,-70.0,-16.757656816069584,65.01975495805698
16,-70.0,-16.757485274720054,65.01971786865236
16,-70.0,-16.757313733370527,65.01969510263851
16,-70.0,-16.757142192020996,65.01969318632996
16,-70.0,-16.75697065067147,65.0196896816428
16,-70.0,-16.75679910932194,65.0196946496106
16,-70.0,-16.756627567972412,65.01970236052877
16,-70.0,-16.75645602662288,65.01970275171284
16,-70.0,-16.756284485273355,65.01969294762107
16,-70.0,-16.756112943923824,65.01968110504174
16,-70.0,-16.7559414025743,65.01963499117333
16,-70.0,-16.755796588096093,65.01958957406839
16,-70.0,-16.75576986122477,65.0195822210062
16,-70.0,-16.75559831987524,65.01954439672116
16,-70.0,-16.755426778525713,65.01952077683573
16,-70.0,-16.755255237176183,65.01952077683573
16,-70.0,-16.755083695826656,65.01952211096129
16,-70.0,-16.754912154477125,65.01954285526656
16,-70.0,-16.7547406131276,65.01957054490013
16,-70.0,-16.754633892651725,65.01958957406839
16,-70.0,-16.754569071778068,65.01959867618659
16,-70.0,-16.75439753042854,65.01959867618659
16,-70.0,-16.75422598907901,65.01961863568918
16,-70.0,-16.754054447729484,65.01963323490727
16,-70.0,-16.753882906379957,65.01964272170171
16,-70.0,-16.753711365030426,65.01964858602531
16,-70.0,-16.7535398236809,65.01964858602531
16,-70.0,-16.75336828233137,65.01965052279073
16,-70.0,-16.753196740981842,65.01964339947776
16,-70.0,-16.75302519963231,65.0196271439828
16,-70.0,-16.752853658282785,65.01960350506874
16,-70.0,-16.75277113756769,65.01958957406839
16,-70.0,-16.752682116933254,65.0195612413982
16,-70.0,-16.752510575583727,65.0195612413982
16,-70.0,-16.752339034234197,65.01950616943721
16,-70.0,-16.75216749288467,65.01943544545489
16,-70.0,-16.752075734171555,65.01941763117354
16,-70.0,-16.751995951535143,65.01940385295374
16,-70.0,-16.751824410185613,65.01936944103463
16,-70.0,-16.751652868836086,65.01936944103463
16,-70.0,-16.75148132748656,65.01933044466112
16,-70.0,-16.75130978613703,65.01928625193608
16,-70.0,-16.751160835415654,65.01924568827867
16,-70.0,-16.751138244787498,65.01923989462483
16,-70.0,-16.75096670343797,65.0192022819671
16,-70.0,-16.75079516208844,65.0191695514681
16,-70.0,-16.750623620738914,65.0191695514681
16,-70.0,-16.750452079389383,65.01914304736714
16,-70.0,-16.750280538039856,65.01911771065747
16,-70.0,-16.75010899669033,65.01908463136624
16,-70.0,-16.750057793029306,65.01907374538382
16,-70.0,-16.7499374553408,65.01904918783409
16,-70.0,-16.749765913991272,65.019039517844
16,-70.0,-16.74959437264174,65.01900947033967
16,-70.0,-16.749422831292215,65.01896820684853
16,-70.0,-16.749251289942684,65.01892693734858
16,-70.0,-16.749137907294124,65.01890180248897
16,-70.0,-16.749079748593157,65.0188920119346
16,-70.0,-16.748908207243627,65.01883182143465
16,-70.0,-16.7487366658941,65.01883182143465
16,-70.0,-16.74856512454457,65.018782148384
16,-70.0,-16.748393583195043,65.01873283161233
16,-70.0,-16.74836753163379,65.0187298595941
16,-70.0,-16.748222041845516,65.01871658774195
16,-70.0,-16.748050500495985,65.01870198968916
16,-70.0,-16.74787895914646,65.01869645648347
16,-70.0,-16.747707417796928,65.0186873218565
16,-70.0,-16.7475358764474,65.01867572292502
16,-70.0,-16.74736433509787,65.01866132714306
16,-70.0,-16.747192793748344,65.01864630630077
16,-70.0,-16.747021252398813,65.01863380513382
16,-70.0,-16.746849711049286,65.01863235295413
16,-70.0,-16.746678169699756,65.01862149349468
16,-70.0,-16.746506628350232,65.01861638994995
16,-70.0,-16.746335087000702,65.01862418862721
16,-70.0,-16.74616354565117,65.01864977552586
16,-70.0,-16.745992004301645,65.01864977552586
16,-70.0,-16.745820462952114,65.01869555065964
16,-70.0,-16.745735668004684,65.0187298595941
16,-70.0,-16.745648921602587,65.01882802489213
16,-70.0,-16.74560664559214,65.01890180248897
16,-70.0,-16.745591205257668,65.01907374538382
16,-70.0,-16.745627880030625,65.01924568827867
16,-70.0,-16.745648921602587,65.01929525204679
16,-70.0,-16.745700303926263,65.01941763117354
16,-70.0,-16.745820462952114,65.01958473600537
16,-70.0,-16.745824229723492,65.01958957406839
16,-70.0,-16.745907621977395,65.01976151696324
16,-70.0,-16.745992004301645,65.01992531284671
16,-70.0,-16.745995232837938,65.01993345985811
16,-70.0,-16.745992004301645,65.01995766614964
16,-70.0,-16.74597366206223,65.02010540275296
16,-70.0,-16.745917122979748,65.02027734564781
16,-70.0,-16.745820462952114,65.02036316746727
16,-70.0,-16.745712594038054,65.02044928854268
16,-70.0,-16.74571827347264,65.02062123143753
16,-70.0,-16.745724660925816,65.02079317433238
16,-70.0,-16.74568399277102,65.02096511722725
16,-70.0,-16.745648921602587,65.02103010513515
16,-70.0,-16.745592070524392,65.0211370601221
16,-70.0,-16.745477380253057,65.02128888090728
16,-70.0,-16.745462529743122,65.02130900301695
16,-70.0,-16.74530583890353,65.02139754981772
16,-70.0,-16.745158371220683,65.02148094591182
16,-70.0,-16.745134297554,65.02152298771503
16,-70.0,-16.74506098002443,65.02165288880667
16,-70.0,-16.744994546393517,65.02182483170152
16,-70.0,-16.744962756204472,65.02199032333047
16,-70.0,-16.744961450518815,65.02199677459639
16,-70.0,-16.744854273740952,65.02216871749124
16,-70.0,-16.744791214854942,65.02223289338417
16,-70.0,-16.744619673505415,65.02223289338417
16,-70.0,-16.744503669107374,65.0223406603861
16,-70.0,-16.74444813215589,65.02238542725794
16,-70.0,-16.744283650961048,65.02251260328096
16,-70.0,-16.744276590806358,65.0225175979056
16,-70.0,-16.74410504945683,65.02263052154218
16,-70.0,-16.7439335081073,65.02265192482008
16,-70.0,-16.74384553904424,65.02268454617581
16,-70.0,-16.743761966757774,65.02273256927961
16,-70.0,-16.743590425408243,65.02282489947615
16,-70.0,-16.743528816787162,65.02285648907066
16,-70.0,-16.743418884058716,65.02290980855733
16,-70.0,-16.743247342709186,65.02298578827562
16,-70.0,-16.74307580135966,65.02298578827562
16,-70.0,-16.742970080348904,65.02302843196553
16,-70.0,-16.74290426001013,65.02305246790746
16,-70.0,-16.7427327186606,65.02310965076347
16,-70.0,-16.742561177311075,65.02316214025991
16,-70.0,-16.742424111046375,65.02320037486038
16,-70.0,-16.742389635961544,65.02320768924038
16,-70.0,-16.742218094612017,65.02320957455476
16,-70.0,-16.742046553262487,65.02325430962392
16,-70.0,-16.74187501191296,65.02329682373977
16,-70.0,-16.74170347056343,65.0233378448834
16,-70.0,-16.741531929213902,65.02334501601612
16,-70.0,-16.741385458342382,65.02337231775523
16,-70.0,-16.741360387864372,65.02337827928193
16,-70.0,-16.741188846514845,65.02342226771954
16,-70.0,-16.741017305165315,65.02346843103376
16,-70.0,-16.740845763815788,65.02351478936835
16,-70.0,-16.74067422246626,65.0235213059758
16,-70.0,-16.740564180439502,65.0235442606501
16,-70.0,-16.74050268111673,65.0235606046951
16,-70.0,-16.740331139767203,65.02360553332917
16,-70.0,-16.740159598417673,65.02365265911699
16,-70.0,-16.739988057068146,65.02370324475443
16,-70.0,-16.739816515718616,65.02370324475443
16,-70.0,-16.739774155486057,65.02371620354495
16,-70.0,-16.73964497436909,65.02375865321717
16,-70.0,-16.73947343301956,65.02381838601008
16,-70.0,-16.73930189167003,65.02388143276409
16,-70.0,-16.739283766177426,65.0238881464398
16,-70.0,-16.7391303503205,65.02396111957115
16,-70.0,-16.738958808970974,65.02396111957115
16,-70.0,-16.738790941105957,65.02406008933467
16,-70.0,-16.738787267621447,65.02406724452638
16,-70.0,-16.738716908500724,65.02423203222952
16,-70.0,-16.738723179258727,65.02440397512437
16,-70.0,-16.738652215629315,65.02457591801924
16,-70.0,-16.738615726271917,65.02460214940099
16,-70.0,-16.73844418492239,65.02463499778843
16,-70.0,-16.738272643572856,65.0246393592749
16,-70.0,-16.738101102223332,65.02460704087517
16,-70.0,-16.73801243993249,65.02457591801924
16,-70.0,-16.737929560873802,65.02451716581436
16,-70.0,-16.737810508150172,65.02440397512437
16,-70.0,-16.737758019524275,65.02425378523552
16,-70.0,-16.737751773430645,65.02423203222952
16,-70.0,-16.737716573600487,65.02406008933467
16,-70.0,-16.737586478174745,65.02392132834467
16,-70.0,-16.73755929679005,65.0238881464398
16,-70.0,-16.737414936825218,65.02374923621137
16,-70.0,-16.73738203156246,65.02371620354495
16,-70.0,-16.737243395475687,65.02359946336897
16,-70.0,-16.73707185412616,65.02359946336897
16,-70.0,-16.736998599675974,65.0235442606501
16,-70.0,-16.736900312776633,65.02348653110806
16,-70.0,-16.736728771427103,65.02339311365752
16,-70.0,-16.73668705276951,65.02337231775523
16,-70.0,-16.736557230077576,65.02331464026484
16,-70.0,-16.736385688728046,65.02324647411598
16,-70.0,-16.73625934672736,65.02320037486038
16,-70.0,-16.73621414737852,65.02318387023932
16,-70.0,-16.736042606028988,65.02318387023932
16,-70.0,-16.73587106467946,65.02312317718406
16,-70.0,-16.73569952332993,65.02306599355111
16,-70.0,-16.73557858098577,65.02302843196553
16,-70.0,-16.735527981980404,65.02299667757767
16,-70.0,-16.735356440630873,65.02289198041088
16,-70.0,-16.73529904460912,65.02285648907066
16,-70.0,-16.735184899281347,65.02281966651745
16,-70.0,-16.73501335793182,65.02281966651745
16,-70.0,-16.73484181658229,65.0227631554476
16,-70.0,-16.734670275232766,65.02270840157466
16,-70.0,-16.734590005843636,65.02268454617581
16,-70.0,-16.734498733883232,65.02265728232807
16,-70.0,-16.734327192533705,65.02261059983812
16,-70.0,-16.734155651184174,65.02258686492583
16,-70.0,-16.733984109834648,65.02256890435171
16,-70.0,-16.733812568485117,65.02253056343541
16,-70.0,-16.73372258311672,65.02251260328096
16,-70.0,-16.73364102713559,65.02249624915753
16,-70.0,-16.73346948578606,65.02246535003395
16,-70.0,-16.733297944436533,65.0224334855499
16,-70.0,-16.733126403087006,65.0224334855499
16,-70.0,-16.732954861737475,65.02239674986347
16,-70.0,-16.73278332038795,65.0223499061048
16,-70.0,-16.732754311327447,65.02234066038609
16,-70.0,-16.732611779038418,65.0222812320736
16,-70.0,-16.73244023768889,65.02219337511508
16,-70.0,-16.732398254808842,65.02216871749124
16,-70.0,-16.732295118608093,65.02199677459639
16,-70.0,-16.73226869633936,65.0219565378203
16,-70.0,-16.732097154989834,65.0219565378203
16,-70.0,-16.732020585208247,65.02182483170152
16,-70.0,-16.732097154989834,65.02175232849847
16,-70.0,-16.73219109466555,65.02165288880667
16,-70.0,-16.73226869633936,65.02151346298474
16,-70.0,-16.732287561490338,65.02148094591182
16,-70.0,-16.73244023768889,65.02139028610542
16,-70.0,-16.732589807278387,65.02130900301695
16,-70.0,-16.732611779038418,65.02129663249372
16,-70.0,-16.73278332038795,65.02123877917961
16,-70.0,-16.732954861737475,65.02119375522356
16,-70.0,-16.733040919453543,65.0211370601221
16,-70.0,-16.733126403087006,65.02103804515208
16,-70.0,-16.733186048732335,65.02096511722725
16,-70.0,-16.733240065744376,65.02079317433238
16,-70.0,-16.733176953323987,65.02062123143753
16,-70.0,-16.733126403087006,65.02056273713899
16,-70.0,-16.733035195838934,65.02044928854268
16,-70.0,-16.732954861737475,65.02035451764304
16,-70.0,-16.732896648446236,65.0202773456478
16,-70.0,-16.73278332038795,65.02016820089412
16,-70.0,-16.732743263234532,65.02010540275296
16,-70.0,-16.732631394374238,65.01993345985811
16,-70.0,-16.732611779038418,65.01991321445679
16,-70.0,-16.73246178570785,65.01976151696324
16,-70.0,-16.73244023768889,65.01973717686225
16,-70.0,-16.732307667228536,65.01958957406839
16,-70.0,-16.73226869633936,65.01950223289111
16,-70.0,-16.732097154989834,65.01950223289111
16,-70.0,-16.732065579016105,65.01941763117354
16,-70.0,-16.732097154989834,65.01939282520887
16,-70.0,-16.73226869633936,65.01928051875234
16,-70.0,-16.732276990002777,65.01924568827867
16,-70.0,-16.73244023768889,65.01909339394982
16,-70.0,-16.73247055444857,65.01907374538382
16,-70.0,-16.732611779038418,65.01901730853214
16,-70.0,-16.73278332038795,65.01896836993691
16,-70.0,-16.732954861737475,65.01896836993691
16,-70.0,-16.733126403087006,65.01893255585416
16,-70.0,-16.733297944436533,65.01890192115378
16,-70.0,-16.73329861159473,65.01890180248897
16,-70.0,-16.73346948578606,65.01885269551211
16,-70.0,-16.73364102713559,65.01879979025162
16,-70.0,-16.733812568485117,65.01879979025162
16,-70.0,-16.733984109834648,65.01873813937213
16,-70.0,-16.734004062691717,65.0187298595941
16,-70.0,-16.73410079519655,65.01855791669925
16,-70.0,-16.73402984269466,65.0183859738044
16,-70.0,-16.73409475600922,65.01821403090953
16,-70.0,-16.734155651184174,65.01817444713254
16,-70.0,-16.734327192533705,65.01808225092111
16,-70.0,-16.734498733883232,65.01808225092111
16,-70.0,-16.734578231058784,65.01804208801468
16,-70.0,-16.734670275232762,65.017945927036
16,-70.0,-16.73473515674568,65.01787014511983
16,-70.0,-16.734675405820607,65.01769820222496
16,-70.0,-16.734670275232762,65.01768711923428
16,-70.0,-16.73460339868078,65.01752625933011
16,-70.0,-16.734498733883232,65.01744945865433
16,-70.0,-16.734375449057865,65.01735431643526
16,-70.0,-16.734327192533705,65.01732808516714
16,-70.0,-16.734155651184174,65.01724376757967
16,-70.0,-16.733984109834648,65.01724376757967
16,-70.0,-16.733837748457212,65.01718237354041
16,-70.0,-16.733812568485117,65.01717252264538
16,-70.0,-16.73364102713559,65.01712428054968
16,-70.0,-16.73346948578606,65.01708888267828
16,-70.0,-16.733297944436533,65.01706630287339
16,-70.0,-16.733126403087006,65.01706422718962
16,-70.0,-16.732954861737475,65.01706722068518
16,-70.0,-16.73278332038795,65.01709426102545
16,-70.0,-16.732611779038418,65.0171289635351
16,-70.0,-16.73244023768889,65.01715265024757
16,-70.0,-16.73226869633936,65.01716420931862
16,-70.0,-16.732097154989834,65.01716420931862
16,-70.0,-16.731925613640303,65.01716850270066
16,-70.0,-16.731754072290776,65.01717250389584
16,-70.0,-16.731582530941246,65.01718131598878
16,-70.0,-16.731563655234766,65.01718237354041
16,-70.0,-16.73141098959172,65.01719148210333
16,-70.0,-16.731239448242192,65.01719107877541
16,-70.0,-16.73106790689266,65.01719513125441
16,-70.0,-16.730896365543135,65.01719206042738
16,-70.0,-16.730724824193604,65.01718530432125
16,-70.0,-16.73067414053888,65.01718237354041
16,-70.0,-16.730553282844078,65.01717601973232
16,-70.0,-16.730381741494547,65.01716943033165
16,-70.0,-16.73021020014502,65.0171571219048
16,-70.0,-16.73003865879549,65.01715634987869
16,-70.0,-16.729867117445963,65.01709329726009
16,-70.0,-16.729695576096432,65.01711590854048
16,-70.0,-16.729524034746905,65.01712602854637
16,-70.0,-16.72935249339738,65.01715230602795
16,-70.0,-16.7292290400808,65.01718237354041
16,-70.0,-16.729180952047848,65.01719443456204
16,-70.0,-16.72900941069832,65.01722889305208
16,-70.0,-16.72883786934879,65.01724867585878
16,-70.0,-16.728666327999264,65.01724867585878
16,-70.0,-16.728494786649733,65.01725619836573
16,-70.0,-16.728323245300206,65.01726526606892
16,-70.0,-16.728151703950676,65.01728783629132
16,-70.0,-16.72798016260115,65.01732265671552
16,-70.0,-16.727808621251622,65.0173300852531
16,-70.0,-16.72770022119865,65.01735431643526
16,-70.0,-16.72763707990209,65.01737002387131
16,-70.0,-16.727465538552565,65.01741286346223
16,-70.0,-16.727293997203034,65.01745026853028
16,-70.0,-16.727122455853507,65.01748459556644
16,-70.0,-16.726950914503977,65.01748459556644
16,-70.0,-16.72677937315445,65.01750875080577
16,-70.0,-16.72660783180492,65.01752024322934
16,-70.0,-16.726436290455393,65.01752060201288
16,-70.0,-16.726264749105862,65.01751157572161
16,-70.0,-16.726093207756335,65.01751081393736
16,-70.0,-16.72592166640681,65.01749760489531
16,-70.0,-16.725750125057278,65.01747842319868
16,-70.0,-16.72557858370775,65.01745157504148
16,-70.0,-16.72540704235822,65.01739276285359
16,-70.0,-16.725319381261684,65.01735431643526
16,-70.0,-16.725235501008694,65.01731592212768
16,-70.0,-16.725063959659163,65.01731592212768
16,-70.0,-16.724892418309636,65.01724594691285
16,-70.0,-16.72472087696011,65.01718489834157
16,-70.0,-16.724706483002727,65.01718237354041
16,-70.0,-16.72454933561058,65.01714208174488
16,-70.0,-16.72437779426105,65.01714097673452
16,-70.0,-16.72420625291152,65.01713915918309
16,-70.0,-16.724034711561995,65.01708186471598
16,-70.0,-16.723863170212468,65.01707828851156
16,-70.0,-16.723691628862937,65.01707441935834
16,-70.0,-16.723520087513407,65.01707150628853
16,-70.0,-16.723348546163876,65.01707014578432
16,-70.0,-16.72317700481435,65.01707028101916
16,-70.0,-16.723005463464823,65.01707010713599
16,-70.0,-16.722833922115292,65.01707029041815
16,-70.0,-16.72266238076576,65.01707045809184
16,-70.0,-16.722490839416235,65.01707051657324
16,-70.0,-16.722319298066708,65.01707051657324
16,-70.0,-16.72214775671718,65.01707051848041
16,-70.0,-16.72197621536765,65.017070576073
16,-70.0,-16.721804674018124,65.01707073165812
16,-70.0,-16.721633132668593,65.01707064222401
16,-70.0,-16.721461591319066,65.01707064222401
16,-70.0,-16.721290049969536,65.01706961881503
16,-70.0,-16.72111850862001,65.01706741423583
16,-70.0,-16.72094696727048,65.01706514439255
16,-70.0,-16.72077542592095,65.0170658758062
16,-70.0,-16.72060388457142,65.0170658758062
16,-70.0,-16.720432343221894,65.01707288842589
16,-70.0,-16.720260801872367,65.01708652348171
16,-70.0,-16.720089260522837,65.01710476814593
16,-70.0,-16.71991771917331,65.01712507110852
16,-70.0,-16.71974617782378,65.01713124836711
16,-70.0,-16.719574636474253,65.01714371293968
16,-70.0,-16.719403095124722,65.01715885494974
16,-70.0,-16.719231553775195,65.01717194070334
16,-70.0,-16.71907719700574,65.01718237354041
16,-70.0,-16.719060012425665,65.01718395534031
16,-70.0,-16.718888471076138,65.01718395534031
16,-70.0,-16.718716929726607,65.01719801611105
16,-70.0,-16.71854538837708,65.01721091300304
16,-70.0,-16.718373847027554,65.01722234593656
16,-70.0,-16.71829359292066,65.01718237354041
16,-70.0,-16.718202305678023,65.0171456300037
16,-70.0,-16.718030764328496,65.01715548899458
16,-70.0,-16.717859222978966,65.01715548899458
16,-70.0,-16.71768768162944,65.01716730651658
16,-70.0,-16.71751614027991,65.01718113098777
16,-70.0,-16.717499998908856,65.01718237354041
16,-70.0,-16.71734459893038,65.01719893103817
16,-70.0,-16.71717305758085,65.01721454010077
16,-70.0,-16.717001516231324,65.01721683692817
16,-70.0,-16.716829974881794,65.01723560078631
16,-70.0,-16.716658433532267,65.01725522221896
16,-70.0,-16.71648689218274,65.01727716449406
16,-70.0,-16.71631535083321,65.01730000442356
16,-70.0,-16.716143809483683,65.01730000442356
16,-70.0,-16.715972268134152,65.01732140668607
16,-70.0,-16.715800726784625,65.01734144324874
16,-70.0,-16.71568933460527,65.01735431643526
16,-70.0,-16.715629185435095,65.01736419402859
16,-70.0,-16.715457644085568,65.01738839671079
16,-70.0,-16.715286102736037,65.01739336662892
16,-70.0,-16.71511456138651,65.01742370439078
16,-70.0,-16.71494302003698,65.01745456901389
16,-70.0,-16.714771478687453,65.01748522931713
16,-70.0,-16.714599937337926,65.01751515728445
16,-70.0,-16.714428395988396,65.01751515728445
16,-70.0,-16.714367602937234,65.01752625933011
16,-70.0,-16.71425685463887,65.01755259754967
16,-70.0,-16.71408531328934,65.01759234214379
16,-70.0,-16.71391377193981,65.01763188924794
16,-70.0,-16.71374223059028,65.01764659954061
16,-70.0,-16.713570689240754,65.01767169701195
16,-70.0,-16.713459171014847,65.01769820222496
16,-70.0,-16.713399147891224,65.01771481171988
16,-70.0,-16.713227606541697,65.017763078321
16,-70.0,-16.713056065192166,65.01780916226073
16,-70.0,-16.71288452384264,65.01782353180003
16,-70.0,-16.712712982493112,65.01785563381661
16,-70.0,-16.71266277318529,65.01787014511983
16,-70.0,-16.712541441143582,65.01790718210832
16,-70.0,-16.712369899794055,65.01796499505895
16,-70.0,-16.712198358444525,65.01802806809803
16,-70.0,-16.712026817094998,65.01802806809803
16,-70.0,-16.711992114939143,65.01804208801468
16,-70.0,-16.71185527574547,65.01810471806098
16,-70.0,-16.71168373439594,65.01819090404419
16,-70.0,-16.711640209238393,65.01821403090953
16,-70.0,-16.71151219304641,65.01828856817977
16,-70.0,-16.711351694129146,65.0183859738044
16,-70.0,-16.711340651696883,65.01839027211706
16,-70.0,-16.711169110347353,65.01839329155817
16,-70.0,-16.710997568997826,65.01851139890502
16,-70.0,-16.710931661310276,65.01855791669925
16,-70.0,-16.7108260276483,65.01864528308332
16,-70.0,-16.71072278402711,65.0187298595941
16,-70.0,-16.71065448629877,65.01879084699385
16,-70.0,-16.71048294494924,65.01879084699385
16,-70.0,-16.710352290181667,65.01890180248897
16,-70.0,-16.71031140359971,65.01893501315277
16,-70.0,-16.710141750971676,65.01907374538382
16,-70.0,-16.710139862250184,65.01907528711261
16,-70.0,-16.709968320900654,65.01921839744124
16,-70.0,-16.709796779551127,65.01921839744124
16,-70.0,-16.709764669540743,65.01924568827867
16,-70.0,-16.709625238201596,65.01935750283224
16,-70.0,-16.70955056504445,65.01941763117354
16,-70.0,-16.70945369685207,65.01949052224842
16,-70.0,-16.709323602017612,65.01958957406839
16,-70.0,-16.70928215550254,65.01961996740285
16,-70.0,-16.709110614153012,65.01967735178027
16,-70.0,-16.708939072803485,65.01974776451351
16,-70.0,-16.70892057947054,65.01976151696324
16,-70.0,-16.708767531453955,65.01987694077505
16,-70.0,-16.708693894387473,65.01993345985811
16,-70.0,-16.708595990104428,65.02000817781318
16,-70.0,-16.708472024384854,65.02010540275296
16,-70.0,-16.708424448754897,65.02012439947752
16,-70.0,-16.70825290740537,65.0201401790033
16,-70.0,-16.70808136605584,65.02026788640158
16,-70.0,-16.7080683291734,65.02027734564781
16,-70.0,-16.707909824706313,65.02038299328184
16,-70.0,-16.70780627383618,65.02044928854268
16,-70.0,-16.707738283356782,65.02053312862895
16,-70.0,-16.707566742007256,65.02049098824862
16,-70.0,-16.707395200657725,65.02056772128832
16,-70.0,-16.707265309861842,65.02062123143753
16,-70.0,-16.707223659308198,65.02065775599912
16,-70.0,-16.70705211795867,65.02071338713432
16,-70.0,-16.70688057660914,65.0207844756773
16,-70.0,-16.706709035259614,65.0207844756773
16,-70.0,-16.70669321640279,65.02079317433238
16,-70.0,-16.706537493910083,65.02088346273975
16,-70.0,-16.70637549715478,65.02096511722725
16,-70.0,-16.706365952560557,65.02097507217455
16,-70.0,-16.706200674677852,65.0211370601221
16,-70.0,-16.706194411211026,65.02114045036869
16,-70.0,-16.70618812672942,65.0211370601221
16,-70.0,-16.7060228698615,65.02105973491953
16,-70.0,-16.70585132851197,65.02113689908118
16,-70.0,-16.705850968612133,65.0211370601221
16,-70.0,-16.705679787162442,65.0213015368066
16,-70.0,-16.70550824581291,65.0213017073004
16,-70.0,-16.705491690130238,65.02130900301695
16,-70.0,-16.705336704463384,65.02146435147547
16,-70.0,-16.705165163113858,65.02146435147547
16,-70.0,-16.704993621764327,65.02147904347073
16,-70.0,-16.70498975723274,65.02148094591182
16,-70.0,-16.704831309806572,65.02165288880667
16,-70.0,-16.7048220804148,65.02165816577092
16,-70.0,-16.70465053906527,65.02175278922698
16,-70.0,-16.704478997715743,65.02166936325467
16,-70.0,-16.70432077957141,65.02182483170152
16,-70.0,-16.704307456366212,65.02183248970822
16,-70.0,-16.704135915016685,65.02192647239923
16,-70.0,-16.703985932432328,65.02199677459639
16,-70.0,-16.703964373667155,65.0220104220598
16,-70.0,-16.703792832317628,65.02207891400032
16,-70.0,-16.703621290968098,65.02211530736716
16,-70.0,-16.70352112488029,65.02216871749124
16,-70.0,-16.70344974961857,65.02221673654276
16,-70.0,-16.703278208269044,65.02231742116571
16,-70.0,-16.703234760059452,65.02234066038609
16,-70.0,-16.703106666919513,65.02241203675689
16,-70.0,-16.702935125569986,65.02241203675689
16,-70.0,-16.702763584220456,65.02248993888658
16,-70.0,-16.70270878388836,65.02251260328096
16,-70.0,-16.70259204287093,65.0225704263668
16,-70.0,-16.7024205015214,65.02264381269926
16,-70.0,-16.702314605951123,65.02268454617581
16,-70.0,-16.70224896017187,65.02271378870002
16,-70.0,-16.70207741882234,65.02272832299855
16,-70.0,-16.701905877472814,65.02283957073777
16,-70.0,-16.701879681851665,65.02285648907066
16,-70.0,-16.701734336123284,65.02297228999235
16,-70.0,-16.701662408046897,65.02302843196553
16,-70.0,-16.701562794773757,65.02312023644106
16,-70.0,-16.70139125342423,65.02312023644106
16,-70.0,-16.70131006725338,65.02320037486038
16,-70.0,-16.7012197120747,65.02331481559722
16,-70.0,-16.701179743925515,65.02337231775523
16,-70.0,-16.701102696257127,65.0235442606501
16,-70.0,-16.701064066398743,65.02371620354495
16,-70.0,-16.70104937881011,65.02388814643979
16,-70.0,-16.701048170725173,65.02391963140529
16,-70.0,-16.700876629375642,65.02405553662109
16,-70.0,-16.700871816892544,65.02406008933467
16,-70.0,-16.700876629375642,65.02418973266289
16,-70.0,-16.701048170725173,65.02418973266289
16,-70.0,-16.701049993412884,65.02423203222952
16,-70.0,-16.70108946303712,65.02440397512437
16,-70.0,-16.701048170725173,65.02447118704279
16,-70.0,-16.700988282229567,65.02457591801924
16,-70.0,-16.701029123893758,65.02474786091409
16,-70.0,-16.701048170725173,65.02477947413479
16,-70.0,-16.701131521871034,65.02491980380894
16,-70.0,-16.7012197120747,65.025063508364
16,-70.0,-16.70139125342423,65.025063508364
16,-70.0,-16.701407763047797,65.02509174670381
16,-70.0,-16.701562794773757,65.02525073052931
16,-70.0,-16.7015796559966,65.02526368959866
16,-70.0,-16.701734336123284,65.02532970436171
16,-70.0,-16.701905877472814,65.02541586836136
16,-70.0,-16.70194318428144,65.02543563249351
16,-70.0,-16.70207741882234,65.02549055916599
16,-70.0,-16.70224896017187,65.02556344701487
16,-70.0,-16.7024205015214,65.02556344701487
16,-70.0,-16.702516704426575,65.02560757538838
16,-70.0,-16.70259204287093,65.02563979010243
16,-70.0,-16.702763584220456,65.02571438891692
16,-70.0,-16.70292968059149,65.02577951828323
16,-70.0,-16.702935125569986,65.02578460282137
16,-70.0,-16.703106666919513,65.02592658159892
16,-70.0,-16.7031414565319,65.02595146117808
16,-70.0,-16.703278208269044,65.02611450933614
16,-70.0,-16.70344974961857,65.02611450933614
16,-70.0,-16.703455470180852,65.02612340407295
16,-70.0,-16.70344974961857,65.02612548278248
16,-70.0,-16.703278208269044,65.02612684412294
16,-70.0,-16.703106666919513,65.02621436602993
16,-70.0,-16.70298382053432,65.0262953469678
16,-70.0,-16.702935125569986,65.02632756911323
16,-70.0,-16.702763584220456,65.02646176343757
16,-70.0,-16.70259204287093,65.02646176343757
16,-70.0,-16.70258626160121,65.02646728986265
16,-70.0,-16.702463925076877,65.02663923275752
16,-70.0,-16.7024205015214,65.02671207950658
16,-70.0,-16.70237147366472,65.02681117565237
16,-70.0,-16.702318197342343,65.02698311854722
16,-70.0,-16.70232574095671,65.02715506144209
16,-70.0,-16.702366165444914,65.02732700433694
16,-70.0,-16.702410451838347,65.02749894723179
16,-70.0,-16.7024205015214,65.02752938792574
16,-70.0,-16.70246486479553,65.02767089012666
16,-70.0,-16.702524680437012,65.02784283302151
16,-70.0,-16.702550871608572,65.02801477591636
16,-70.0,-16.70259204287093,65.02818160703208
16,-70.0,-16.702593299791722,65.02818671881121
16,-70.0,-16.702628430841553,65.02835866170608
16,-70.0,-16.702650315875797,65.02853060460093
16,-70.0,-16.70267062130327,65.0287025474958
16,-70.0,-16.70259204287093,65.02881704261402
16,-70.0,-16.702552130439692,65.02887449039065
16,-70.0,-16.702592042870926,65.02898240418786
16,-70.0,-16.702763584220456,65.02898240418786
16,-70.0,-16.702791676063352,65.0290464332855
16,-70.0,-16.702763584220456,65.02910295402611
16,-70.0,-16.702701009995966,65.02921837618037
16,-70.0,-16.702763584220456,65.02927617708653
16,-70.0,-16.702935125569986,65.02927617708653
16,-70.0,-16.703105084947193,65.02939031907522
16,-70.0,-16.703106666919513,65.02939119140856
16,-70.0,-16.703278208269044,65.0295291736833
16,-70.0,-16.70329842838968,65.02956226197007
16,-70.0,-16.703324552718907,65.02973420486494
16,-70.0,-16.703339418291,65.02990614775979
16,-70.0,-16.70330973058861,65.03007809065464
16,-70.0,-16.703289736844972,65.0302500335495
16,-70.0,-16.70340066047304,65.03042197644436
16,-70.0,-16.70344974961857,65.03046673398299
16,-70.0,-16.703588670920432,65.03059391933921
16,-70.0,-16.703621290968098,65.0306251495801
16,-70.0,-16.703752822648745,65.03076586223408
16,-70.0,-16.703792832317628,65.0308129059375
16,-70.0,-16.703885139914867,65.03093780512893
16,-70.0,-16.703964373667155,65.03104547558378
16,-70.0,-16.70401167018339,65.03110974802378
16,-70.0,-16.704095370599877,65.03128169091865
16,-70.0,-16.704135915016685,65.03131591790176
16,-70.0,-16.70429415524871,65.0314536338135
16,-70.0,-16.704307456366212,65.03146564584308
16,-70.0,-16.704472633357504,65.03162557670835
16,-70.0,-16.704478997715743,65.03163097339298
16,-70.0,-16.70465053906527,65.03163097339298
16,-70.0,-16.7048220804148,65.03176952040593
16,-70.0,-16.70486236828191,65.03179751960322
16,-70.0,-16.704993621764327,65.03186247814624
16,-70.0,-16.705165163113858,65.03192820779203
16,-70.0,-16.705314854354004,65.03196946249807
16,-70.0,-16.705336704463384,65.03197461735611
16,-70.0,-16.70550824581291,65.03201730552884
16,-70.0,-16.705679787162442,65.03201730552884
16,-70.0,-16.70585132851197,65.03206495385405
16,-70.0,-16.7060228698615,65.03211439398238
16,-70.0,-16.706115690634174,65.03214140539292
16,-70.0,-16.706194411211026,65.03216077392577
16,-70.0,-16.706365952560557,65.03219660702405
16,-70.0,-16.706537493910083,65.03220314210068
16,-70.0,-16.706701873252822,65.03231334828779
16,-70.0,-16.706709035259614,65.03231713197034
16,-70.0,-16.70688057660914,65.03232937836785
16,-70.0,-16.70705211795867,65.03232653581897
16,-70.0,-16.707165761400518,65.03231334828779
16,-70.0,-16.707223659308198,65.03230726391145
16,-70.0,-16.707395200657725,65.0322848171107
16,-70.0,-16.707566742007256,65.03228339133304
16,-70.0,-16.707738283356782,65.03226369432879
16,-70.0,-16.707909824706313,65.03225435415527
16,-70.0,-16.70808136605584,65.0322578418373
16,-70.0,-16.70825290740537,65.03229992547443
16,-70.0,-16.708424448754897,65.03229992547443
16,-70.0,-16.70845133853536,65.03231334828779
16,-70.0,-16.708424448754897,65.03236749148606
16,-70.0,-16.708252907405374,65.03236749148606
16,-70.0,-16.70819867922047,65.03248529118264
16,-70.0,-16.70808136605584,65.03260568139424
16,-70.0,-16.7080186121854,65.03265723407749
16,-70.0,-16.707909824706313,65.03277473152909
16,-70.0,-16.707847260941293,65.03282917697236
16,-70.0,-16.707769663797684,65.03300111986721
16,-70.0,-16.707809310029653,65.03317306276206
16,-70.0,-16.707738283356782,65.03326270200978
16,-70.0,-16.707676639209673,65.03334500565693
16,-70.0,-16.707670918596225,65.03351694855178
16,-70.0,-16.707672099315232,65.03368889144663
16,-70.0,-16.7076833604199,65.0338608343415
16,-70.0,-16.70770583073299,65.03403277723635
16,-70.0,-16.707738283356782,65.03408973831645
16,-70.0,-16.70780983845689,65.0342047201312
16,-70.0,-16.707909824706313,65.0343080808093
16,-70.0,-16.707982468347627,65.03437666302607
16,-70.0,-16.70808136605584,65.03446227533385
16,-70.0,-16.70825290740537,65.03446227533385
16,-70.0,-16.708349423934397,65.03454860592092
16,-70.0,-16.708424448754897,65.034612160194
16,-70.0,-16.708534991269445,65.03472054881577
16,-70.0,-16.708595990104428,65.03479237148434
16,-70.0,-16.70867342460942,65.03489249171065
16,-70.0,-16.708767531453955,65.03500206101626
16,-70.0,-16.708819267255606,65.03506443460549
16,-70.0,-16.708939072803485,65.03520153587903
16,-70.0,-16.70897178953002,65.03523637750034
16,-70.0,-16.70907371902397,65.0354083203952
16,-70.0,-16.709110614153012,65.03543639922796
16,-70.0,-16.70928215550254,65.03555396434955
16,-70.0,-16.709319283373453,65.03558026329006
16,-70.0,-16.70945369685207,65.03571803800932
16,-70.0,-16.709625238201596,65.03571803800932
16,-70.0,-16.709661534799878,65.03575220618491
16,-70.0,-16.709764303667825,65.03592414907978
16,-70.0,-16.709796779551127,65.03597782230909
16,-70.0,-16.709866163736244,65.03609609197463
16,-70.0,-16.70996676216286,65.03626803486948
16,-70.0,-16.709968320900654,65.03627032204828
16,-70.0,-16.710070838643517,65.03643997776435
16,-70.0,-16.710139862250184,65.03654959550612
16,-70.0,-16.710175651365137,65.0366119206592
16,-70.0,-16.710251368732614,65.03678386355405
16,-70.0,-16.71031140359971,65.0368878493807
16,-70.0,-16.71036246331926,65.03695580644892
16,-70.0,-16.71048294494924,65.0370237317552
16,-70.0,-16.71065448629877,65.03711984710154
16,-70.0,-16.710668136489687,65.03712774934377
16,-70.0,-16.7108260276483,65.03719324785192
16,-70.0,-16.710997568997826,65.03719324785192
16,-70.0,-16.71116911034735,65.03725450706106
16,-70.0,-16.71131278821891,65.03729969223862
16,-70.0,-16.711340651696883,65.03731116427431
16,-70.0,-16.71151219304641,65.03740058080291
16,-70.0,-16.711665862556558,65.03747163513349
16,-70.0,-16.71168373439594,65.03748499992585
16,-70.0,-16.711855275745467,65.03758584648439
16,-70.0,-16.712026817094998,65.03758584648439
16,-70.0,-16.71213703878144,65.03764357802834
16,-70.0,-16.712198358444525,65.03768431514968
16,-70.0,-16.712369899794055,65.03778104119559
16,-70.0,-16.712445871760856,65.03781552092317
16,-70.0,-16.712541441143582,65.03789676980006
16,-70.0,-16.71265786115371,65.03798746381806
16,-70.0,-16.712712982493112,65.03800905167523
16,-70.0,-16.71288452384264,65.03808078203292
16,-70.0,-16.713056065192166,65.03815587525946
16,-70.0,-16.713227606541697,65.03815744298711
16,-70.0,-16.71323236037843,65.03815940671291
16,-70.0,-16.713399147891224,65.038226991949
16,-70.0,-16.713570689240754,65.03831359113869
16,-70.0,-16.71359816312654,65.03833134960776
16,-70.0,-16.71374223059028,65.03841377639856
16,-70.0,-16.71391377193981,65.03849077081647
16,-70.0,-16.71408531328934,65.03849077081647
16,-70.0,-16.714121541322864,65.03850329250263
16,-70.0,-16.71425685463887,65.03854069145328
16,-70.0,-16.714428395988396,65.0385796563155
16,-70.0,-16.714599937337926,65.03861942751223
16,-70.0,-16.714771478687453,65.03866762216835
16,-70.0,-16.714795168883594,65.03867523539748
16,-70.0,-16.71494302003698,65.03872292735348
16,-70.0,-16.71511456138651,65.03872292735348
16,-70.0,-16.715286102736037,65.0387829523438
16,-70.0,-16.715457644085568,65.03884418340145
16,-70.0,-16.71546099552479,65.03884717829233
16,-70.0,-16.715629185435095,65.03899619936482
16,-70.0,-16.7156850442785,65.0390191211872
16,-70.0,-16.715800726784625,65.03906942191664
16,-70.0,-16.715972268134152,65.03914455355775
16,-70.0,-16.716143809483683,65.03914455355775
16,-70.0,-16.716245338897316,65.03919106408205
16,-70.0,-16.71631535083321,65.0392300232665
16,-70.0,-16.71648689218274,65.0393196791466
16,-70.0,-16.71657878712494,65.0393630069769
16,-70.0,-16.716658433532267,65.03941602916615
16,-70.0,-16.716829974881794,65.03950218873857
16,-70.0,-16.71691194173063,65.03953494987176
16,-70.0,-16.717001516231324,65.03955877945403
16,-70.0,-16.71717305758085,65.03955877945403
16,-70.0,-16.71734459893038,65.03958986750763
16,-70.0,-16.71751614027991,65.03960302925924
16,-70.0,-16.71768768162944,65.0396037660568
16,-70.0,-16.717859222978966,65.03959379547115
16,-70.0,-16.718030764328496,65.039590772858
16,-70.0,-16.718202305678023,65.03958654782666
16,-70.0,-16.718373847027554,65.03959723724081
16,-70.0,-16.71854538837708,65.03962598303148
16,-70.0,-16.71864538076918,65.03970689276662
16,-70.0,-16.718716929726607,65.03976377764906
16,-70.0,-16.718888471076138,65.03982457954206
16,-70.0,-16.719060012425665,65.03982457954206
16,-70.0,-16.719210756569062,65.03987883566147
16,-70.0,-16.719231553775195,65.03988432646999
16,-70.0,-16.719403095124722,65.03991630404663
16,-70.0,-16.719574636474253,65.03992824574956
16,-70.0,-16.71974617782378,65.03992872103896
16,-70.0,-16.71991771917331,65.03993194195237
16,-70.0,-16.720089260522837,65.03992183749979
16,-70.0,-16.720260801872367,65.03991781216288
16,-70.0,-16.720432343221894,65.03993931645827
16,-70.0,-16.72060388457142,65.03997207440617
16,-70.0,-16.720775425920955,65.03998696085998
16,-70.0,-16.72094696727048,65.03999882472229
16,-70.0,-16.72111850862001,65.04001104485924
16,-70.0,-16.721290049969536,65.04000355578347
16,-70.0,-16.721461591319066,65.04000305114587
16,-70.0,-16.721633132668593,65.04002091320098
16,-70.0,-16.721804674018124,65.04002091320098
16,-70.0,-16.721929969048677,65.04005077855633
16,-70.0,-16.72197621536765,65.04006560684458
16,-70.0,-16.72214775671718,65.04013869791547
16,-70.0,-16.722319298066708,65.04021743671782
16,-70.0,-16.722330306367176,65.04022272145119
16,-70.0,-16.722485213919533,65.04039466434604
16,-70.0,-16.722490839416235,65.04040038559855
16,-70.0,-16.722662380765765,65.04052039632876
16,-70.0,-16.722833922115292,65.04052039632876
16,-70.0,-16.72288893283426,65.0405666072409
16,-70.0,-16.723005463464823,65.04067250839216
16,-70.0,-16.723120165793503,65.04073855013576
16,-70.0,-16.72317700481435,65.04076266215455
16,-70.0,-16.72334854616388,65.04079548388711
16,-70.0,-16.723520087513407,65.04079432574667
16,-70.0,-16.723691628862937,65.04077614438584
16,-70.0,-16.723863170212464,65.04077614438584
16,-70.0,-16.724034711561995,65.04074496568951
16,-70.0,-16.724069759866886,65.04073855013576
16,-70.0,-16.72420625291152,65.04071593156947
16,-70.0,-16.72437779426105,65.04070691192864
16,-70.0,-16.72454933561058,65.04071211612359
16,-70.0,-16.724720876960106,65.04071211612359
16,-70.0,-16.724892418309633,65.04073589703339
16,-70.0,-16.724906023146183,65.04073855013576
16,-70.0,-16.725063959659163,65.04078708458248
16,-70.0,-16.725235501008694,65.04086663510643
16,-70.0,-16.72531163457335,65.04091049303061
16,-70.0,-16.72540704235822,65.04097350269012
16,-70.0,-16.725573809689042,65.04108243592547
16,-70.0,-16.72557858370775,65.04108713334661
16,-70.0,-16.725750125057278,65.04108713334661
16,-70.0,-16.725911719945795,65.04125437882033
16,-70.0,-16.72592166640681,65.04125982239098
16,-70.0,-16.726093207756335,65.04135512981888
16,-70.0,-16.72619650922543,65.04142632171518
16,-70.0,-16.726264749105862,65.04147718940251
16,-70.0,-16.72640894591018,65.04159826461004
16,-70.0,-16.726436290455393,65.04161251385291
16,-70.0,-16.72660783180492,65.04170749120011
16,-70.0,-16.72677937315445,65.04170749120011
16,-70.0,-16.726907729433524,65.0417702075049
16,-70.0,-16.726950914503977,65.04178985445455
16,-70.0,-16.727122455853507,65.0418642674306
16,-70.0,-16.72727536211369,65.04194215039975
16,-70.0,-16.727293997203034,65.04195166800983
16,-70.0,-16.727465538552565,65.04201462824477
16,-70.0,-16.72763707990209,65.04207657510162
16,-70.0,-16.727808621251622,65.04207657510162
16,-70.0,-16.727877712775815,65.0421140932946
16,-70.0,-16.72798016260115,65.04220718307015
16,-70.0,-16.728051984735234,65.04228603618947
16,-70.0,-16.728124188858008,65.04245797908432
16,-70.0,-16.728151703950676,65.04248499328173
16,-70.0,-16.72832324530021,65.04262265526792
16,-70.0,-16.728333279918292,65.04262992197917
16,-70.0,-16.728494786649733,65.04275028866303
16,-70.0,-16.728564798345474,65.04280186487404
16,-70.0,-16.728666327999264,65.04287797889017
16,-70.0,-16.72880873100207,65.04297380776889
16,-70.0,-16.72883786934879,65.04299445069772
16,-70.0,-16.72900941069832,65.04303370396988
16,-70.0,-16.729180952047848,65.04310693575091
16,-70.0,-16.729241939044634,65.04314575066374
16,-70.0,-16.72935249339738,65.04321404998161
16,-70.0,-16.72951031022796,65.0433176935586
16,-70.0,-16.729524034746905,65.04332617148255
16,-70.0,-16.729695576096432,65.04343909584495
16,-70.0,-16.729776932571262,65.04348963645346
16,-70.0,-16.729867117445963,65.04359297457587
16,-70.0,-16.72993189568278,65.04366157934831
16,-70.0,-16.73003865879549,65.0437081512136
16,-70.0,-16.73021020014502,65.0437081512136
16,-70.0,-16.730381741494547,65.04377633081484
16,-70.0,-16.730533207880555,65.04383352224318
16,-70.0,-16.730553282844078,65.04383871445565
16,-70.0,-16.730724824193604,65.04387888630335
16,-70.0,-16.730896365543135,65.04391517107182
16,-70.0,-16.73106790689266,65.04394582575877
16,-70.0,-16.731239448242192,65.04395724601835
16,-70.0,-16.731404889954604,65.04400546513803
16,-70.0,-16.73141098959172,65.04400752365612
16,-70.0,-16.731582530941246,65.0440805068087
16,-70.0,-16.73172747951253,65.04417740803288
16,-70.0,-16.731754072290776,65.0441970192798
16,-70.0,-16.731925613640303,65.04430169823777
16,-70.0,-16.732097154989834,65.04430169823777
16,-70.0,-16.732214369369736,65.04434935092775
16,-70.0,-16.73226869633936,65.04436576882689
16,-70.0,-16.73244023768889,65.04441546695314
16,-70.0,-16.732611779038418,65.04447587015383
16,-70.0,-16.732725390424505,65.0445212938226
16,-70.0,-16.73278332038795,65.04456488661633
16,-70.0,-16.732954861737475,65.04468196611847
16,-70.0,-16.733126403087006,65.04468715909692
16,-70.0,-16.733147249031774,65.04469323671745
16,-70.0,-16.733297944436533,65.04472196767266
16,-70.0,-16.73346948578606,65.04474491976396
16,-70.0,-16.73364102713559,65.04476009786919
16,-70.0,-16.733812568485117,65.0447754548183
16,-70.0,-16.733984109834648,65.0447986914567
16,-70.0,-16.734155651184174,65.0447986914567
16,-70.0,-16.734327192533705,65.04481784554329
16,-70.0,-16.734498733883232,65.04484083729236
16,-70.0,-16.73465594123526,65.04486517961232
16,-70.0,-16.734670275232762,65.04486671544448
16,-70.0,-16.73484181658229,65.04488643019359
16,-70.0,-16.73501335793182,65.04488643019359
16,-70.0,-16.735184899281347,65.04490859572913
16,-70.0,-16.735356440630873,65.04492482263709
16,-70.0,-16.735527981980404,65.04493496478275
16,-70.0,-16.73569952332993,65.044937754444
16,-70.0,-16.73587106467946,65.04493829244228
16,-70.0,-16.736042606028988,65.04493382991114
16,-70.0,-16.73621414737852,65.04492115898307
16,-70.0,-16.736385688728046,65.04490254321775
16,-70.0,-16.736557230077576,65.04487984303779
16,-70.0,-16.736728771427103,65.04487833226626
16,-70.0,-16.73684884912538,65.04486517961232
16,-70.0,-16.736900312776633,65.04485563583283
16,-70.0,-16.73707185412616,65.04482839791501
16,-70.0,-16.737243395475687,65.04481079305486
16,-70.0,-16.737414936825218,65.04480309751239
16,-70.0,-16.737586478174745,65.04479917400552
16,-70.0,-16.737758019524275,65.04480029006092
16,-70.0,-16.73787711871566,65.04486517961232
16,-70.0,-16.737929560873802,65.04488907592028
16,-70.0,-16.738101102223332,65.04489321532373
16,-70.0,-16.73827264357286,65.04489595676785
16,-70.0,-16.73844418492239,65.04489648417277
16,-70.0,-16.738615726271917,65.04489648417277
16,-70.0,-16.738787267621447,65.04489286212775
16,-70.0,-16.738958808970974,65.04488844385345
16,-70.0,-16.7391303503205,65.04488344418017
16,-70.0,-16.73930189167003,65.04488132919906
16,-70.0,-16.73947343301956,65.04488132919906
16,-70.0,-16.73964497436909,65.04488266334828
16,-70.0,-16.739816515718616,65.04488551049867
16,-70.0,-16.739988057068146,65.04489181020602
16,-70.0,-16.740159598417673,65.04489835232938
16,-70.0,-16.740331139767203,65.04489835232938
16,-70.0,-16.74050268111673,65.04490200766166
16,-70.0,-16.74067422246626,65.0449000582546
16,-70.0,-16.740845763815788,65.0448936230835
16,-70.0,-16.741017305165315,65.04487611973066
16,-70.0,-16.741188846514845,65.04487529176936
16,-70.0,-16.7412716508668,65.04486517961232
16,-70.0,-16.741360387864372,65.04485263324256
16,-70.0,-16.741531929213902,65.0448313140648
16,-70.0,-16.74170347056343,65.04481290112224
16,-70.0,-16.74187501191296,65.04480174260085
16,-70.0,-16.74204655326249,65.04480174260085
16,-70.0,-16.742218094612017,65.04479469232129
16,-70.0,-16.742389635961544,65.0447917667764
16,-70.0,-16.742561177311075,65.04478990017259
16,-70.0,-16.7427327186606,65.04479174193128
16,-70.0,-16.74290426001013,65.04479764933991
16,-70.0,-16.74307580135966,65.04479763972303
16,-70.0,-16.743247342709186,65.04481084776134
16,-70.0,-16.743418884058716,65.04483373722304
16,-70.0,-16.743581837595254,65.04486517961232
16,-70.0,-16.743590425408243,65.04486819578355
16,-70.0,-16.743761966757774,65.0449301446739
16,-70.0,-16.743933508107297,65.04497590228348
16,-70.0,-16.74410504945683,65.04500682175794
16,-70.0,-16.744276590806358,65.04503706148468
16,-70.0,-16.744277162841982,65.04503712250717
16,-70.0,-16.74444813215589,65.04504695046315
16,-70.0,-16.744619673505415,65.04504943159235
16,-70.0,-16.744791214854942,65.0450486004552
16,-70.0,-16.744962756204472,65.04504341143877
17,-50.0,-16.737929560873802,65.04538230282857
17,-50.0,-16.73800011495995,65.04538100829689
17,-50.0,-16.738101102223332,65.0453784997962
17,-50.0,-16.73827264357286,65.04536913467234
17,-50.0,-16.73844418492239,65.0453600873462
17,-50.0,-16.738615726271917,65.04534817622246
17,-50.0,-16.738787267621447,65.04534626811399
17,-50.0,-16.738958808970978,65.04532730659056
17,-50.0,-16.7391303503205,65.04530944389154
17,-50.0,-16.73930189167003,65.04529513382101
17,-50.0,-16.73947343301956,65.04528507350334
17,-50.0,-16.73964497436909,65.04528507350334
17,-50.0,-16.739816515718616,65.04527833565994
17,-50.0,-16.739988057068146,65.04527514115792
17,-50.0,-16.740159598417673,65.04527357906804
17,-50.0,-16.740331139767203,65.0452739756098
17,-50.0,-16.74050268111673,65.0452739756098
17,-50.0,-16.74067422246626,65.04527620549996
17,-50.0,-16.740845763815788,65.0452781481093
17,-50.0,-16.741017305165315,65.04527573070908
17,-50.0,-16.741188846514845,65.04527036829879
17,-50.0,-16.741360387864372,65.04527036829879
17,-50.0,-16.741531929213902,65.04526154656455
17,-50.0,-16.74170347056343,65.04525013131322
17,-50.0,-16.74187501191296,65.04523550766197
17,-50.0,-16.742046553262487,65.04522435534035
17,-50.0,-16.742218094612017,65.04522435534035
17,-50.0,-16.742389635961544,65.04522639999242
17,-50.0,-16.742561177311075,65.04521301102425
17,-50.0,-16.7427327186606,65.04520906540202
17,-50.0,-16.74290426001013,65.04528858514254
17,-50.0,-16.74307580135966,65.04528881734059
17,-50.0,-16.743247342709186,65.0452902840663
17,-50.0,-16.743418884058716,65.0452958072744
17,-50.0,-16.743590425408243,65.0453056158062
17,-50.0,-16.743761966757774,65.0453123002854
17,-50.0,-16.7439335081073,65.04531101074035
17,-50.0,-16.74410504945683,65.04531569950561
17,-50.0,-16.744276590806358,65.04531718992001
17,-50.0,-16.74444813215589,65.04531390075763
17,-50.0,-16.744619673505415,65.04530972756098
17,-50.0,-16.744791214854942,65.04530581842357
17,-50.0,-16.744962756204472,65.04530581842357
17,-50.0,-16.745134297554,65.04530140153297
17,-50.0,-16.74530583890353,65.04529717115895
17,-50.0,-16.745477380253057,65.04529588318294
17,-50.0,-16.745648921602587,65.04529655125597
17,-50.0,-16.745820462952114,65.04529655125597
17,-50.0,-16.745992004301645,65.04529648256491
17,-50.0,-16.74616354565117,65.04529896587687
17,-50.0,-16.746335087000702,65.04530372647787
17,-50.0,-16.74650662835023,65.04531282082476
17,-50.0,-16.746678169699756,65.04531282082476
17,-50.0,-16.746849711049286,65.04532663484919
17,-50.0,-16.747021252398813,65.04533973416041
17,-50.0,-16.747192793748344,65.04534638360411
17,-50.0,-16.74736433509787,65.04533996739742
17,-50.0,-16.7475358764474,65.04533996739742
17,-50.0,-16.747707417796928,65.04532703425315
17,-50.0,-16.74787895914646,65.04530710437513
17,-50.0,-16.748050500495985,65.0452838874405
17,-50.0,-16.748222041845516,65.0452571339319
17,-50.0,-16.748393583195043,65.04528062083116
17,-50.0,-16.74856512454457,65.04523522336007
17,-50.0,-16.74861850120042,65.04520906540202
17,-50.0,-16.7487366658941,65.04517809841178
17,-50.0,-16.748875008911426,65.04520906540202
17,-50.0,-16.748908207243627,65.04521741371234
17,-50.0,-16.748937432184402,65.04520906540202
17,-50.0,-16.749079748593157,65.04512947973363
17,-50.0,-16.749251289942684,65.04512947973363
17,-50.0,-16.749422831292215,65.04512793307863
17,-50.0,-16.74959437264174,65.04509063867667
17,-50.0,-16.749765913991272,65.04505791669682
17,-50.0,-16.749879543102324,65.04503712250717
17,-50.0,-16.7499374553408,65.04501910307442
17,-50.0,-16.75010899669033,65.04502837338548
17,-50.0,-16.750280538039856,65.04500439038837
17,-50.0,-16.750452079389383,65.04498066896036
17,-50.0,-16.750623620738914,65.04495375190447
17,-50.0,-16.75079516208844,65.04492615874102
17,-50.0,-16.75096670343797,65.04492615874102
17,-50.0,-16.751138244787498,65.04489817198703
17,-50.0,-16.75130978613703,65.04486837479244
17,-50.0,-16.751331845027217,65.04486517961232
17,-50.0,-16.751481327486555,65.04484935713388
17,-50.0,-16.751652868836086,65.04483459301701
17,-50.0,-16.751824410185613,65.04483459301701
17,-50.0,-16.751995951535143,65.04482398975998
17,-50.0,-16.75216749288467,65.04481545062043
17,-50.0,-16.752339034234197,65.04481258936428
17,-50.0,-16.752510575583727,65.04481481217086
17,-50.0,-16.752682116933254,65.04481481217086
17,-50.0,-16.752853658282785,65.04481874570995
17,-50.0,-16.75302519963231,65.0448251773398
17,-50.0,-16.753196740981842,65.04482980569985
17,-50.0,-16.75336828233137,65.0448346242446
17,-50.0,-16.7535398236809,65.0448346242446
17,-50.0,-16.753711365030426,65.04483966585089
17,-50.0,-16.753882906379957,65.04484320351864
17,-50.0,-16.754054447729484,65.04484576597702
17,-50.0,-16.75422598907901,65.04484663437708
17,-50.0,-16.75439753042854,65.04484972262864
17,-50.0,-16.754569071778068,65.04484954582499
17,-50.0,-16.7547406131276,65.04485298647124
17,-50.0,-16.754912154477125,65.04485256588222
17,-50.0,-16.755083695826656,65.0448467148571
17,-50.0,-16.755255237176183,65.04483388573603
17,-50.0,-16.755426778525713,65.04483118746819
17,-50.0,-16.75559831987524,65.04480971113247
17,-50.0,-16.75576986122477,65.04479006980557
17,-50.0,-16.755941402574297,65.044772972305
17,-50.0,-16.756112943923824,65.04482100769923
17,-50.0,-16.756284485273355,65.04482100769923
17,-50.0,-16.75645602662288,65.04477691659707
17,-50.0,-16.756627567972412,65.04479175145325
17,-50.0,-16.75679910932194,65.04475856494179
17,-50.0,-16.75697065067147,65.04472291471647
17,-50.0,-16.757142192020996,65.04472291471647
17,-50.0,-16.757313733370527,65.04469463252676
17,-50.0,-16.75732391565251,65.04469323671745
17,-50.0,-16.757485274720054,65.04467270555146
17,-50.0,-16.757656816069584,65.04465550581989
17,-50.0,-16.75782835741911,65.04464522551137
17,-50.0,-16.757999898768638,65.04464522551137
17,-50.0,-16.75817144011817,65.04463691854825
17,-50.0,-16.758342981467695,65.04462734722887
17,-50.0,-16.758514522817226,65.04461819359283
17,-50.0,-16.758686064166753,65.04460899784154
17,-50.0,-16.758857605516283,65.04460899784154
17,-50.0,-16.75902914686581,65.04459533910892
17,-50.0,-16.75920068821534,65.04458172426347
17,-50.0,-16.759372229564867,65.04457001526276
17,-50.0,-16.759543770914398,65.04455782104543
17,-50.0,-16.759715312263925,65.04455782104543
17,-50.0,-16.75988685361345,65.04454653392979
17,-50.0,-16.760058394962982,65.04453583233231
17,-50.0,-16.76022993631251,65.04452525982036
17,-50.0,-16.760283341181506,65.0445212938226
17,-50.0,-16.76040147766204,65.04451223699564
17,-50.0,-16.760573019011566,65.04451223699564
17,-50.0,-16.760744560361097,65.04450157272181
17,-50.0,-16.760916101710624,65.04448864958368
17,-50.0,-16.761087643060154,65.04447080239727
17,-50.0,-16.76125918440968,65.044452488889
17,-50.0,-16.76143072575921,65.044452488889
17,-50.0,-16.76160226710874,65.0444275189547
17,-50.0,-16.761773808458265,65.04440198713635
17,-50.0,-16.761945349807796,65.04437439786341
17,-50.0,-16.76206341786348,65.04434935092775
17,-50.0,-16.762116891157323,65.04433627131093
17,-50.0,-16.762288432506853,65.04433627131093
17,-50.0,-16.76245997385638,65.04429168164413
17,-50.0,-16.76263151520591,65.04424039198243
17,-50.0,-16.762803056555438,65.0441875720295
17,-50.0,-16.762838292417303,65.04417740803288
17,-50.0,-16.762974597904968,65.0441387827597
17,-50.0,-16.763146139254495,65.0441387827597
17,-50.0,-16.763317680604025,65.04409949104658
17,-50.0,-16.763489221953552,65.04406853928995
17,-50.0,-16.76366076330308,65.04404446148979
17,-50.0,-16.76383230465261,65.04402149838255
17,-50.0,-16.764003846002137,65.04402149838255
17,-50.0,-16.764097822620116,65.04400546513803
17,-50.0,-16.764175387351667,65.04399331899697
17,-50.0,-16.764346928701194,65.04396271269513
17,-50.0,-16.764518470050724,65.04393012741198
17,-50.0,-16.76469001140025,65.04389813241183
17,-50.0,-16.76486155274978,65.04395691871898
17,-50.0,-16.76503309409931,65.0438925794962
17,-50.0,-16.765179535795884,65.04383352224318
17,-50.0,-16.76520463544884,65.04382704808499
17,-50.0,-16.76522632357735,65.04383352224318
17,-50.0,-16.765376176798366,65.04387283727587
17,-50.0,-16.765532124032656,65.04383352224318
17,-50.0,-16.765547718147893,65.0438276155001
17,-50.0,-16.765719259497423,65.04382424036048
17,-50.0,-16.76589080084695,65.04377164977521
17,-50.0,-16.76606234219648,65.04372915500858
17,-50.0,-16.766233883546008,65.04369426462165
17,-50.0,-16.766405424895538,65.04368882831167
17,-50.0,-16.766576966245065,65.04366496942066
17,-50.0,-16.766597605256372,65.04366157934831
17,-50.0,-16.766748507594595,65.04362869661247
17,-50.0,-16.766920048944122,65.0435819192932
17,-50.0,-16.767091590293653,65.04353261457501
17,-50.0,-16.76726313164318,65.04352243682133
17,-50.0,-16.767395500137923,65.04348963645346
17,-50.0,-16.767434672992707,65.04346666172916
17,-50.0,-16.767606214342237,65.04337654179963
17,-50.0,-16.767777755691764,65.04331809562181
17,-50.0,-16.767779146768472,65.0433176935586
17,-50.0,-16.767949297041294,65.04326067776199
17,-50.0,-16.76812083839082,65.04326067776199
17,-50.0,-16.768292379740352,65.04321630665311
17,-50.0,-16.76846392108988,65.04317456314492
17,-50.0,-16.768569124927772,65.04314575066374
17,-50.0,-16.76863546243941,65.04312468531347
17,-50.0,-16.768807003788936,65.04307297482868
17,-50.0,-16.768978545138467,65.04307297482868
17,-50.0,-16.769150086487993,65.04303891370347
17,-50.0,-16.76932162783752,65.04302576318422
17,-50.0,-16.76949316918705,65.04303595551748
17,-50.0,-16.769664710536578,65.0430465468363
17,-50.0,-16.769836251886108,65.0430465468363
17,-50.0,-16.770007793235635,65.04304845881607
17,-50.0,-16.770179334585166,65.04304519765168
17,-50.0,-16.770350875934692,65.04303036566309
17,-50.0,-16.770522417284223,65.04301401073306
17,-50.0,-16.77069395863375,65.04301401073306
17,-50.0,-16.77086549998328,65.04299994859899
17,-50.0,-16.771037041332807,65.0429849101618
17,-50.0,-16.771203653221676,65.04297380776889
17,-50.0,-16.771208582682334,65.04297346970735
17,-50.0,-16.771380124031865,65.04296316831353
17,-50.0,-16.77155166538139,65.04296316831353
17,-50.0,-16.771723206730922,65.042954543162
17,-50.0,-16.77189474808045,65.04295211828195
17,-50.0,-16.77206628942998,65.04295344263697
17,-50.0,-16.772237830779506,65.0429521567178
17,-50.0,-16.772409372129037,65.0429521567178
17,-50.0,-16.772580913478564,65.04294547152847
17,-50.0,-16.772752454828094,65.04293003539095
17,-50.0,-16.77292399617762,65.04290788173847
17,-50.0,-16.773095537527148,65.04288148826268
17,-50.0,-16.77326707887668,65.04288148826268
17,-50.0,-16.773438620226205,65.04285129954249
17,-50.0,-16.773610161575736,65.04282007051314
17,-50.0,-16.773720055887477,65.04280186487404
17,-50.0,-16.773781702925262,65.04279013029193
17,-50.0,-16.773953244274793,65.04275536766711
17,-50.0,-16.77412478562432,65.04275536766711
17,-50.0,-16.77429632697385,65.04272397312903
17,-50.0,-16.774467868323377,65.04268640300035
17,-50.0,-16.774639409672908,65.04266457857068
17,-50.0,-16.77470125966444,65.04262992197917
17,-50.0,-16.774810951022435,65.04259149487689
17,-50.0,-16.77498249237196,65.04259149487689
17,-50.0,-16.775154033721492,65.0425957137197
17,-50.0,-16.775321399203758,65.04245797908432
17,-50.0,-16.77532557507102,65.04245570855761
17,-50.0,-16.77549711642055,65.04235413398376
17,-50.0,-16.775618244791804,65.04228603618947
17,-50.0,-16.775668657770076,65.04227123254748
17,-50.0,-16.775840199119607,65.04226412625194
17,-50.0,-16.776011740469134,65.04219729706519
17,-50.0,-16.776183281818664,65.04213574300718
17,-50.0,-16.776243753725034,65.0421140932946
17,-50.0,-16.77635482316819,65.04207566910361
17,-50.0,-16.77652636451772,65.04207566910361
17,-50.0,-16.77669790586725,65.04199401290674
17,-50.0,-16.77679671418506,65.04194215039975
17,-50.0,-16.776869447216775,65.04190376315495
17,-50.0,-16.777040988566306,65.04182136253132
17,-50.0,-16.777155270584462,65.0417702075049
17,-50.0,-16.777212529915833,65.04175332138853
17,-50.0,-16.777384071265363,65.04174403571506
17,-50.0,-16.77755561261489,65.04164933338853
17,-50.0,-16.777628458884823,65.04159826461004
17,-50.0,-16.77772715396442,65.04152419041563
17,-50.0,-16.77785056663831,65.04142632171518
17,-50.0,-16.777898695313947,65.0413878477914
17,-50.0,-16.778070236663478,65.0413878477914
17,-50.0,-16.778230152977205,65.04125437882033
17,-50.0,-16.778241778013005,65.0412453045841
17,-50.0,-16.778413319362535,65.04111300790764
17,-50.0,-16.77845279865258,65.04108243592547
17,-50.0,-16.778584860712062,65.0409728158112
17,-50.0,-16.77875640206159,65.04094468001475
17,-50.0,-16.778832112649173,65.04091049303061
17,-50.0,-16.77892794341112,65.04081467732522
17,-50.0,-16.779012965033367,65.04073855013576
17,-50.0,-16.779099484760646,65.04066924899439
17,-50.0,-16.779237297402098,65.0405666072409
17,-50.0,-16.779271026110177,65.04054798191657
17,-50.0,-16.779442567459704,65.04045088515687
17,-50.0,-16.779614108809234,65.04045088515687
17,-50.0,-16.7797189207977,65.04039466434604
17,-50.0,-16.77978565015876,65.04036066430176
17,-50.0,-16.77995719150829,65.04026972242958
17,-50.0,-16.780047534138443,65.04022272145119
17,-50.0,-16.78012873285782,65.04016897693332
17,-50.0,-16.78030027420735,65.04016897693332
17,-50.0,-16.780471815556876,65.04006611593562
17,-50.0,-16.78049711963697,65.04005077855633
17,-50.0,-16.780643356906403,65.0399592294144
17,-50.0,-16.780768184078386,65.03987883566147
17,-50.0,-16.780814898255933,65.03984679715808
17,-50.0,-16.78098643960546,65.03972357472851
17,-50.0,-16.78115798095499,65.03972357472851
17,-50.0,-16.7811831475874,65.03970689276662
17,-50.0,-16.781329522304517,65.039590912145
17,-50.0,-16.78140623641054,65.03953494987176
17,-50.0,-16.781501063654048,65.03944841558614
17,-50.0,-16.781598106275467,65.03936300697691
17,-50.0,-16.781672605003575,65.03927596710247
17,-50.0,-16.781844146353105,65.03927596710247
17,-50.0,-16.78191524157822,65.03919106408205
17,-50.0,-16.78201351082659,65.0390191211872
17,-50.0,-16.782015687702632,65.03901575201135
17,-50.0,-16.782112243807617,65.03884717829233
17,-50.0,-16.782187229052163,65.0387596837864
17,-50.0,-16.782268641577772,65.03867523539748
17,-50.0,-16.78235877040169,65.03863452120727
17,-50.0,-16.782530311751216,65.0386069085127
17,-50.0,-16.782689335690314,65.03850329250263
17,-50.0,-16.782701853100747,65.03848707629624
17,-50.0,-16.782873394450274,65.03838053498333
17,-50.0,-16.782948269701258,65.03833134960776
17,-50.0,-16.783044935799804,65.03819024982147
17,-50.0,-16.78321647714933,65.03819024982147
17,-50.0,-16.783272426403343,65.03815940671291
17,-50.0,-16.78338801849886,65.03809376276803
17,-50.0,-16.78345275866678,65.03798746381806
17,-50.0,-16.78355955984839,65.03789527240632
17,-50.0,-16.783647735710808,65.03781552092319
17,-50.0,-16.78373110119792,65.0377124427826
17,-50.0,-16.783902642547446,65.0377124427826
17,-50.0,-16.783957245601638,65.03764357802834
17,-50.0,-16.784062563890352,65.03747163513349
17,-50.0,-16.784074183896976,65.0374510367902
17,-50.0,-16.784184733977277,65.03729969223862
17,-50.0,-16.78419202788487,65.03712774934377
17,-50.0,-16.784074183896976,65.03701412528679
17,-50.0,-16.78401741546107,65.03695580644892
17,-50.0,-16.784074183896976,65.03683645881964
17,-50.0,-16.78410296824842,65.03678386355405
17,-50.0,-16.784245725246503,65.03673850770939
17,-50.0,-16.78441726659603,65.03673850770939
17,-50.0,-16.78458880794556,65.03668405690412
17,-50.0,-16.784760349295087,65.03662472286273
17,-50.0,-16.78479528146185,65.0366119206592
17,-50.0,-16.784931890644618,65.03654588191452
17,-50.0,-16.785095396291187,65.03643997776435
17,-50.0,-16.785103431994145,65.03643283741214
17,-50.0,-16.785274973343675,65.03643283741214
17,-50.0,-16.78544188278384,65.03626803486948
17,-50.0,-16.785446514693202,65.0362654938085
17,-50.0,-16.785618056042733,65.03616285089866
17,-50.0,-16.78571726692898,65.03609609197463
17,-50.0,-16.78578959739226,65.03605834325191
17,-50.0,-16.78596113874179,65.03605834325191
17,-50.0,-16.786132680091317,65.03596355232854
17,-50.0,-16.78619900076414,65.03592414907978
17,-50.0,-16.786304221440844,65.03586450017654
17,-50.0,-16.786475762790374,65.0357708664565
17,-50.0,-16.78650794092315,65.03575220618491
17,-50.0,-16.7866473041399,65.0356484896643
17,-50.0,-16.78681884548943,65.0356484896643
17,-50.0,-16.786925822731092,65.03558026329006
17,-50.0,-16.78699038683896,65.03548508813927
17,-50.0,-16.78704939257954,65.0354083203952
17,-50.0,-16.787069499843245,65.03523637750034
17,-50.0,-16.78710964023295,65.03506443460549
17,-50.0,-16.78716192818849,65.034983222612
17,-50.0,-16.787333469538016,65.0349398646308
17,-50.0,-16.787398117307387,65.03489249171064
17,-50.0,-16.787505010887546,65.03473565915347
17,-50.0,-16.78751742490203,65.03472054881577
17,-50.0,-16.787676552237073,65.03455134421978
17,-50.0,-16.787679220799934,65.03454860592092
17,-50.0,-16.787834001698346,65.03437666302607
17,-50.0,-16.787848093586604,65.03435253676382
17,-50.0,-16.78801963493613,65.03435253676382
17,-50.0,-16.788100824741633,65.0342047201312
17,-50.0,-16.788144168970664,65.03403277723635
17,-50.0,-16.788117981851897,65.0338608343415
17,-50.0,-16.7881089236338,65.03368889144663
17,-50.0,-16.788162575029492,65.03351694855178
17,-50.0,-16.788191176285657,65.03337847293443
17,-50.0,-16.78819919995522,65.03334500565693
17,-50.0,-16.788191176285657,65.03322809148509
17,-50.0,-16.788187070214946,65.03317306276206
17,-50.0,-16.788191176285657,65.03316402734502
17,-50.0,-16.788285862730337,65.03300111986721
17,-50.0,-16.788362717635188,65.03293690315583
17,-50.0,-16.788534258984715,65.03293690315583
17,-50.0,-16.788652482394042,65.03282917697236
17,-50.0,-16.78869202184638,65.03265723407749
17,-50.0,-16.788705800334245,65.0324933326184
17,-50.0,-16.788706562354758,65.03248529118264
17,-50.0,-16.788743818877332,65.03231334828779
17,-50.0,-16.78875128152783,65.03214140539292
17,-50.0,-16.788705800334245,65.03203756777802
17,-50.0,-16.7886718041947,65.03196946249807
17,-50.0,-16.788534258984715,65.03180576266526
17,-50.0,-16.788526473710515,65.03179751960322
17,-50.0,-16.788362717635188,65.03162871979002
17,-50.0,-16.788359652264123,65.03162557670835
17,-50.0,-16.78823895348662,65.0314536338135
17,-50.0,-16.788191176285654,65.03128301803557
17,-50.0,-16.78819081035069,65.03128169091865
17,-50.0,-16.788191176285657,65.03127676965589
17,-50.0,-16.78820272253831,65.03110974802378
17,-50.0,-16.788223968532108,65.03093780512893
17,-50.0,-16.78826029954993,65.03076586223408
17,-50.0,-16.78828755918866,65.03059391933921
17,-50.0,-16.78825082655574,65.03042197644436
17,-50.0,-16.788191176285657,65.03029058422051
17,-50.0,-16.788172381450178,65.0302500335495
17,-50.0,-16.788090181737946,65.03007809065464
17,-50.0,-16.788036756312817,65.02990614775979
17,-50.0,-16.78801963493613,65.02984039317862
17,-50.0,-16.787993220190764,65.02973420486494
17,-50.0,-16.787897015657848,65.02956226197007
17,-50.0,-16.787848093586604,65.02952847857868
17,-50.0,-16.787676552237073,65.0294294003906
17,-50.0,-16.787607258826732,65.02939031907522
17,-50.0,-16.787505010887546,65.02931048316827
17,-50.0,-16.78739818264627,65.02921837618037
17,-50.0,-16.787333469538016,65.02918916339397
17,-50.0,-16.78716192818849,65.02910594893793
17,-50.0,-16.78699038683896,65.02910594893793
17,-50.0,-16.786862329481284,65.0290464332855
17,-50.0,-16.78681884548943,65.02902456394577
17,-50.0,-16.7866473041399,65.02893547777063
17,-50.0,-16.786553743482422,65.02887449039065
17,-50.0,-16.786475762790374,65.02884265598401
17,-50.0,-16.786304221440844,65.02877207055435
17,-50.0,-16.786132680091317,65.02871483307128
17,-50.0,-16.78596113874179,65.02871483307128
17,-50.0,-16.78591318145163,65.0287025474958
17,-50.0,-16.78578959739226,65.02866841538159
17,-50.0,-16.785618056042733,65.02862227319905
17,-50.0,-16.785446514693202,65.02857635041038
17,-50.0,-16.7852877484129,65.02853060460093
17,-50.0,-16.785274973343675,65.02852691855547
17,-50.0,-16.785103431994145,65.02852525551602
17,-50.0,-16.784931890644618,65.02846599090412
17,-50.0,-16.784760349295087,65.02840004829885
17,-50.0,-16.784659467802037,65.02835866170608
17,-50.0,-16.78458880794556,65.02829140288988
17,-50.0,-16.784467843041092,65.02818671881123
17,-50.0,-16.78441726659603,65.02816030809115
17,-50.0,-16.784245725246503,65.02809761880607
17,-50.0,-16.784074183896976,65.0280492899547
17,-50.0,-16.783902642547446,65.02803694391815
17,-50.0,-16.783835775088892,65.02801477591636
17,-50.0,-16.78373110119792,65.02798044013267
17,-50.0,-16.78355955984839,65.0278801465189
17,-50.0,-16.78350790361628,65.02784283302151
17,-50.0,-16.78338801849886,65.02778212409832
17,-50.0,-16.78321647714933,65.02767460562758
17,-50.0,-16.78321093753646,65.02767089012666
17,-50.0,-16.783044935799804,65.02753201294647
17,-50.0,-16.782873394450274,65.02753201294647
17,-50.0,-16.782844713503298,65.0274989472318
17,-50.0,-16.782701853100747,65.02735526223256
17,-50.0,-16.782666738020836,65.02732700433694
17,-50.0,-16.782530311751216,65.02725274026498
17,-50.0,-16.78242210527921,65.02715506144209
17,-50.0,-16.78235877040169,65.02709668071566
17,-50.0,-16.782187229052163,65.02703632614835
17,-50.0,-16.782018220487775,65.02698311854722
17,-50.0,-16.782015687702632,65.02698197940704
17,-50.0,-16.781844146353105,65.02698197940704
17,-50.0,-16.781672605003575,65.0269134456787
17,-50.0,-16.781501063654048,65.02686922800774
17,-50.0,-16.781329522304517,65.02684890374012
17,-50.0,-16.78115798095499,65.02684116456594
17,-50.0,-16.78098643960546,65.02683585065957
17,-50.0,-16.780814898255933,65.02683086213588
17,-50.0,-16.780643356906403,65.0268227872339
17,-50.0,-16.78053412742367,65.02681117565237
17,-50.0,-16.780471815556876,65.02679495350816
17,-50.0,-16.78030027420735,65.02672635192087
17,-50.0,-16.780128732857815,65.02664484240941
17,-50.0,-16.77995719150829,65.02664484240941
17,-50.0,-16.77994784075234,65.02663923275752
17,-50.0,-16.77995719150829,65.02653412367036
17,-50.0,-16.779966518754062,65.02646728986265
17,-50.0,-16.77995719150829,65.02639094195196
17,-50.0,-16.77978565015876,65.02639094195196
17,-50.0,-16.779770200800417,65.0262953469678
17,-50.0,-16.77977200036852,65.02612340407295
17,-50.0,-16.77978565015876,65.02610335126884
17,-50.0,-16.77989670750386,65.02595146117808
17,-50.0,-16.779807156002285,65.02577951828323
17,-50.0,-16.77978565015876,65.02563634971044
17,-50.0,-16.779614108809234,65.02563634971044
17,-50.0,-16.779608918820678,65.02560757538838
17,-50.0,-16.779614108809234,65.02560337020341
17,-50.0,-16.77978565015876,65.025586473808
17,-50.0,-16.77981549357397,65.02543563249351
17,-50.0,-16.77978565015876,65.02530214536363
17,-50.0,-16.779778089319358,65.02526368959866
17,-50.0,-16.77969858895301,65.02509174670381
17,-50.0,-16.779633496441654,65.02491980380894
17,-50.0,-16.779618040141294,65.02474786091409
17,-50.0,-16.77978565015876,65.02458141716943
17,-50.0,-16.779801914513495,65.02457591801924
17,-50.0,-16.77978565015876,65.02457135562928
17,-50.0,-16.779614108809234,65.02441242875913
17,-50.0,-16.779611876231172,65.02440397512437
17,-50.0,-16.77955749563823,65.02423203222952
17,-50.0,-16.779454746593427,65.02406008933467
17,-50.0,-16.779442567459704,65.02403771280434
17,-50.0,-16.779372767594044,65.02388814643979
17,-50.0,-16.77933074291457,65.02371620354495
17,-50.0,-16.779432825410574,65.0235442606501
17,-50.0,-16.779442567459704,65.02352904966139
17,-50.0,-16.779614108809234,65.02338792846874
17,-50.0,-16.77978565015876,65.02338046042105
17,-50.0,-16.77980122441592,65.02337231775523
17,-50.0,-16.77978565015876,65.02331454072242
17,-50.0,-16.779614108809234,65.02331454072242
17,-50.0,-16.7795652937207,65.02320037486038
17,-50.0,-16.779468919108183,65.02302843196553
17,-50.0,-16.779442567459704,65.02300817931261
17,-50.0,-16.779271026110177,65.02287645741171
17,-50.0,-16.779246196499706,65.02285648907066
17,-50.0,-16.779099484760646,65.02279068028804
17,-50.0,-16.77892794341112,65.02269708652003
17,-50.0,-16.778908429978344,65.02268454617581
17,-50.0,-16.77875640206159,65.02254799581327
17,-50.0,-16.7787232657579,65.02251260328096
17,-50.0,-16.778584860712062,65.02243157732494
17,-50.0,-16.778413319362535,65.02243157732494
17,-50.0,-16.77827834236275,65.02234066038609
17,-50.0,-16.778241778013005,65.02231325827887
17,-50.0,-16.778070236663478,65.02217979252005
17,-50.0,-16.778057638634458,65.02216871749124
17,-50.0,-16.777898695313947,65.02204058058663
17,-50.0,-16.77784553930202,65.02199677459639
17,-50.0,-16.77772715396442,65.02191326330447
17,-50.0,-16.77759251428382,65.02182483170152
17,-50.0,-16.77755561261489,65.02179966905523
17,-50.0,-16.777384071265363,65.02179966905523
17,-50.0,-16.777212529915833,65.02166240949595
17,-50.0,-16.777201704936438,65.02165288880667
17,-50.0,-16.77707884061425,65.02148094591182
17,-50.0,-16.777040988566306,65.02142878355521
17,-50.0,-16.77697582603908,65.02130900301695
17,-50.0,-16.776869447216775,65.02114871445902
17,-50.0,-16.776856796520022,65.0211370601221
17,-50.0,-16.77669790586725,65.0210172454528
17,-50.0,-16.776598851315597,65.02096511722725
17,-50.0,-16.77652636451772,65.02092955591523
17,-50.0,-16.77635482316819,65.020849162394
17,-50.0,-16.776183281818664,65.020849162394
17,-50.0,-16.776062765944395,65.02079317433238
17,-50.0,-16.776011740469134,65.0207674590309
17,-50.0,-16.775840199119607,65.02068167928007
17,-50.0,-16.77571029476011,65.02062123143753
17,-50.0,-16.775668657770076,65.02060438970909
17,-50.0,-16.77549711642055,65.02054585200119
17,-50.0,-16.77532557507102,65.02050082873802
17,-50.0,-16.775154033721492,65.02050082873802
17,-50.0,-16.77498249237196,65.02047786663762
17,-50.0,-16.774810951022435,65.02048380792986
17,-50.0,-16.774639409672908,65.02052047386441
17,-50.0,-16.774467868323377,65.02058102371998
17,-50.0,-16.77429632697385,65.02058102371998
17,-50.0,-16.774198215150385,65.02062123143753
17,-50.0,-16.77412478562432,65.02066283887551
17,-50.0,-16.773953244274793,65.02075192365471
17,-50.0,-16.773844682321894,65.0207931743324
17,-50.0,-16.773781702925262,65.02081602079066
17,-50.0,-16.773610161575736,65.02085137676546
17,-50.0,-16.773438620226205,65.02085137676546
17,-50.0,-16.77326707887668,65.02088140976376
17,-50.0,-16.773095537527148,65.02087895143916
17,-50.0,-16.77292399617762,65.02081026582742
17,-50.0,-16.772902980334294,65.02079317433238
17,-50.0,-16.77285384651621,65.02062123143753
17,-50.0,-16.772752454828094,65.02046864653836
17,-50.0,-16.77273947556399,65.02044928854268
17,-50.0,-16.772580913478564,65.02038216141038
17,-50.0,-16.772409372129037,65.02038216141038
17,-50.0,-16.772237830779506,65.02034161499958
17,-50.0,-16.77206628942998,65.02031752420163
17,-50.0,-16.77189474808045,65.02028234338914
17,-50.0,-16.77188310658856,65.02027734564781
17,-50.0,-16.771723206730922,65.0202320485546
17,-50.0,-16.77155166538139,65.02022090399082
17,-50.0,-16.771380124031865,65.02018249116871
17,-50.0,-16.771208582682334,65.02012747753905
17,-50.0,-16.77114927270568,65.02010540275296
17,-50.0,-16.771037041332807,65.02006765369283
17,-50.0,-16.77086549998328,65.02000665310575
17,-50.0,-16.77069395863375,65.0199425010677
17,-50.0,-16.770522417284223,65.0199425010677
17,-50.0,-16.770488410416295,65.01993345985811
17,-50.0,-16.770350875934692,65.01990257319285
17,-50.0,-16.770179334585166,65.01987651752778
17,-50.0,-16.770007793235635,65.01985720950816
17,-50.0,-16.769836251886108,65.0198501521416
17,-50.0,-16.769668474784602,65.01976151696324
17,-50.0,-16.769664710536578,65.01975962324673
17,-50.0,-16.76949316918705,65.01975962324673
17,-50.0,-16.769447760176313,65.01976151696324
17,-50.0,-16.76932162783752,65.01977433876196
17,-50.0,-16.769150086487993,65.01978261585309
17,-50.0,-16.768978545138467,65.01979675443393
17,-50.0,-16.768807003788936,65.01980887516693
17,-50.0,-16.76863546243941,65.01980887516693
17,-50.0,-16.76846392108988,65.01981978888239
17,-50.0,-16.768292379740352,65.01983014490156
17,-50.0,-16.76812083839082,65.01983667604324
17,-50.0,-16.767949297041294,65.01983868903838
17,-50.0,-16.767777755691764,65.01983868903838
17,-50.0,-16.767606214342237,65.01983630990554
17,-50.0,-16.767434672992707,65.01983495910245
17,-50.0,-16.76726313164318,65.01983895054349
17,-50.0,-16.767091590293653,65.01984976155899
17,-50.0,-16.766920048944122,65.01984976155899
17,-50.0,-16.766748507594595,65.01986824728509
17,-50.0,-16.766576966245065,65.01988495756676
17,-50.0,-16.766405424895538,65.01989190361812
17,-50.0,-16.766233883546008,65.01988876539085
17,-50.0,-16.76606234219648,65.01988876539085
17,-50.0,-16.76589080084695,65.01988279434917
17,-50.0,-16.765719259497423,65.01988255750713
17,-50.0,-16.765547718147893,65.01989552745358
17,-50.0,-16.765376176798366,65.01991711366959
17,-50.0,-16.76520463544884,65.01991688011589
17,-50.0,-16.765061888993824,65.01993345985811
17,-50.0,-16.76503309409931,65.01993831614463
17,-50.0,-16.76486155274978,65.01995191454756
17,-50.0,-16.76471737394461,65.01993345985811
17,-50.0,-16.76469001140025,65.0199306953242
17,-50.0,-16.764518470050724,65.01989620717437
17,-50.0,-16.764346928701194,65.01988497618993
17,-50.0,-16.764175387351667,65.01986719205178
17,-50.0,-16.764003846002137,65.01986386861718
17,-50.0,-16.76383230465261,65.01988305662579
17,-50.0,-16.76366076330308,65.01990985783556
17,-50.0,-16.763632868225756,65.01993345985811
17,-50.0,-16.763489221953552,65.0200258399653
17,-50.0,-16.763317680604025,65.02010517018162
17,-50.0,-16.763317383047475,65.02010540275296
17,-50.0,-16.763146139254495,65.02014113961447
17,-50.0,-16.762974597904968,65.02015866157441
17,-50.0,-16.762803056555434,65.02016803299873
17,-50.0,-16.76263151520591,65.02012143855008
17,-50.0,-16.76245997385638,65.02012121439523
17,-50.0,-16.762288432506853,65.02013740456867
17,-50.0,-16.762116891157323,65.02012426785325
17,-50.0,-16.761945349807796,65.02012818949206
17,-50.0,-16.761773808458265,65.02012176195166
17,-50.0,-16.76160226710874,65.02012175710749
17,-50.0,-16.761440002401887,65.02010540275296
17,-50.0,-16.76143072575921,65.02010348255921
17,-50.0,-16.76125918440968,65.02005246882483
17,-50.0,-16.761087643060158,65.02000066347304
17,-50.0,-16.760916101710624,65.01996033749201
17,-50.0,-16.760744560361097,65.01996033749201
17,-50.0,-16.760590798338725,65.01993345985811
17,-50.0,-16.760573019011566,65.01992948921931
17,-50.0,-16.76040147766204,65.01990432366605
17,-50.0,-16.76022993631251,65.01988692679588
17,-50.0,-16.760058394962982,65.01986248351156
17,-50.0,-16.75988685361345,65.01984340580967
17,-50.0,-16.759715312263925,65.01982607566548
17,-50.0,-16.759543770914398,65.01977821065644
17,-50.0,-16.759493589246297,65.01976151696324
17,-50.0,-16.759372229564867,65.01971390769923
17,-50.0,-16.759200688215344,65.01965173525956
17,-50.0,-16.75902914686581,65.0195916304585
17,-50.0,-16.758857605516283,65.0195916304585
17,-50.0,-16.758852363975045,65.01958957406839
17,-50.0,-16.758686064166753,65.01942994905902
17,-50.0,-16.758671769660197,65.01941763117354
17,-50.0,-16.758514522817226,65.01933003349652
17,-50.0,-16.758342981467695,65.0192551554469
17,-50.0,-16.75831875462959,65.01924568827867
17,-50.0,-16.75817144011817,65.01920153708156
17,-50.0,-16.757999898768638,65.01916221502913
17,-50.0,-16.75782835741911,65.01915244954961
17,-50.0,-16.757656816069584,65.01913704358907
17,-50.0,-16.757485274720054,65.01912288106503
17,-50.0,-16.757313733370527,65.01911773778056
17,-50.0,-16.757142192020996,65.01911516407333
17,-50.0,-16.75697065067147,65.01911143552823
17,-50.0,-16.75679910932194,65.0191106911057
17,-50.0,-16.756627567972412,65.01910238713215
17,-50.0,-16.75645602662288,65.01909017333048
17,-50.0,-16.75630505546317,65.01907374538382
17,-50.0,-16.756284485273355,65.01907195641974
17,-50.0,-16.756112943923824,65.01905543840299
17,-50.0,-16.755941402574297,65.01905543840299
17,-50.0,-16.75576986122477,65.01904164475341
17,-50.0,-16.75559831987524,65.0190345301821
17,-50.0,-16.755426778525713,65.01904472160675
17,-50.0,-16.755255237176183,65.01907343283774
17,-50.0,-16.755083695826656,65.01907343283774
17,-50.0,-16.755082573470414,65.01907374538382
17,-50.0,-16.754912154477125,65.01911597156634
17,-50.0,-16.7547406131276,65.01917202571167
17,-50.0,-16.754569071778068,65.01922819493198
17,-50.0,-16.7545121800157,65.01924568827867
17,-50.0,-16.75439753042854,65.0192768865503
17,-50.0,-16.75422598907901,65.0192768865503
17,-50.0,-16.754054447729484,65.01931320014327
17,-50.0,-16.753882906379957,65.01933919705462
17,-50.0,-16.753711365030426,65.01936083770264
17,-50.0,-16.7535398236809,65.01937600345363
17,-50.0,-16.75336828233137,65.01933469779706
17,-50.0,-16.753196740981842,65.01934360027818
17,-50.0,-16.75302519963231,65.01933254136101
17,-50.0,-16.752853658282785,65.0192763081348
17,-50.0,-16.752682116933254,65.0192571191325
17,-50.0,-16.752510575583727,65.0192571191325
17,-50.0,-16.752429572295185,65.01924568827867
17,-50.0,-16.752339034234197,65.01923272195303
17,-50.0,-16.75216749288467,65.01920596688932
17,-50.0,-16.751995951535143,65.01917356510909
17,-50.0,-16.751824410185613,65.01913533268021
17,-50.0,-16.751652868836086,65.0191016524094
17,-50.0,-16.751481327486555,65.0190949546495
17,-50.0,-16.751405590649487,65.01907374538382
17,-50.0,-16.75130978613703,65.01904180284167
17,-50.0,-16.751138244787498,65.01899107667745
17,-50.0,-16.75096670343797,65.0189572327433
17,-50.0,-16.75079516208844,65.0189330077347
17,-50.0,-16.750623620738914,65.0189330077347
17,-50.0,-16.750452079389383,65.01891670548551
17,-50.0,-16.750336523943446,65.01890180248897
17,-50.0,-16.750280538039856,65.01889399303676
17,-50.0,-16.75010899669033,65.01885612487108
17,-50.0,-16.7499374553408,65.01881317302366
17,-50.0,-16.749765913991272,65.01876787749931
17,-50.0,-16.74959437264174,65.01876787749931
17,-50.0,-16.749434901821694,65.0187298595941
17,-50.0,-16.749422831292215,65.01872440129688
17,-50.0,-16.749251289942684,65.01865379798436
17,-50.0,-16.749079748593157,65.01858808596239
17,-50.0,-16.74899446951615,65.01855791669925
17,-50.0,-16.748908207243627,65.01854147233898
17,-50.0,-16.7487366658941,65.01853774300004
17,-50.0,-16.74856512454457,65.01851080964025
17,-50.0,-16.748393583195043,65.01847983311464
17,-50.0,-16.748222041845516,65.0184507413997
17,-50.0,-16.748050500495985,65.01841647542207
17,-50.0,-16.747919425623024,65.0183859738044
17,-50.0,-16.74787895914646,65.01837612806685
17,-50.0,-16.747707417796928,65.01837612806685
17,-50.0,-16.7475358764474,65.01833716821054
17,-50.0,-16.74736433509787,65.01829796283221
17,-50.0,-16.747192793748344,65.01826207919605
17,-50.0,-16.747021252398813,65.01823255730085
17,-50.0,-16.74687865350965,65.01821403090953
17,-50.0,-16.746849711049286,65.01821037515147
17,-50.0,-16.746678169699756,65.01821037515147
17,-50.0,-16.74650662835023,65.0181941482172
17,-50.0,-16.746335087000702,65.01817751179254
17,-50.0,-16.74616354565117,65.01815641767736
17,-50.0,-16.745992004301645,65.01812632817901
17,-50.0,-16.745820462952114,65.01812632817901
17,-50.0,-16.745648921602587,65.0180868075249
17,-50.0,-16.745485566112595,65.01804208801468
17,-50.0,-16.745477380253057,65.01803781157042
17,-50.0,-16.74530583890353,65.01795018797274
17,-50.0,-16.74515844067135,65.01787014511983
17,-50.0,-16.745134297554,65.01786375606493
17,-50.0,-16.744962756204472,65.01782104628718
17,-50.0,-16.744791214854942,65.01782104628718
17,-50.0,-16.744619673505415,65.01777074197648
17,-50.0,-16.74444813215589,65.0177100096579
17,-50.0,-16.74441669522155,65.01769820222496
17,-50.0,-16.744276590806358,65.01765553884381
17,-50.0,-16.74410504945683,65.01760213087096
17,-50.0,-16.7439335081073,65.01760213087096
17,-50.0,-16.743761966757774,65.01755050793747
17,-50.0,-16.74366991897446,65.01752625933011
17,-50.0,-16.743590425408243,65.01750970623712
17,-50.0,-16.743418884058716,65.01748215340552
17,-50.0,-16.743247342709186,65.01746664206166
17,-50.0,-16.74307580135966,65.01746504434763
17,-50.0,-16.74290426001013,65.01746504434763
17,-50.0,-16.7427327186606,65.01747672642732
17,-50.0,-16.742561177311075,65.01749570874792
17,-50.0,-16.742389635961544,65.01751584873112
17,-50.0,-16.74229998515351,65.01752625933011
17,-50.0,-16.742218094612017,65.01754110905217
17,-50.0,-16.742046553262487,65.01754384250543
17,-50.0,-16.74187501191296,65.01757539187162
17,-50.0,-16.74170347056343,65.0176054998767
17,-50.0,-16.741531929213902,65.01763450681524
17,-50.0,-16.741360387864372,65.0176610125744
17,-50.0,-16.741188846514845,65.0176610125744
17,-50.0,-16.741017305165315,65.01768547061805
17,-50.0,-16.74093153449055,65.01769820222496
17,-50.0,-16.740845763815788,65.01774542706995
17,-50.0,-16.74067422246626,65.01784742145566
17,-50.0,-16.740646490990855,65.01787014511983
17,-50.0,-16.74067422246626,65.01788957507954
17,-50.0,-16.740845763815788,65.01800481348565
17,-50.0,-16.7409024841605,65.01804208801468
17,-50.0,-16.741017305165315,65.01806799853091
17,-50.0,-16.741188846514845,65.01811420770366
17,-50.0,-16.74136038786437,65.0181675373563
17,-50.0,-16.741531929213902,65.0181675373563
17,-50.0,-16.741676013401545,65.01821403090953
17,-50.0,-16.74170347056343,65.01821996390382
17,-50.0,-16.74187501191296,65.01826159270882
17,-50.0,-16.742046553262487,65.01831771552739
17,-50.0,-16.742187040434604,65.0183859738044
17,-50.0,-16.742218094612017,65.01839620250644
17,-50.0,-16.742389635961544,65.01845722633544
17,-50.0,-16.742561177311075,65.01845722633544
17,-50.0,-16.7427327186606,65.01852737225086
17,-50.0,-16.74279776054097,65.01855791669925
17,-50.0,-16.74290426001013,65.01859892649094
17,-50.0,-16.743043624435835,65.0187298595941
17,-50.0,-16.74307580135966,65.0187587201127
17,-50.0,-16.743247342709186,65.01883410780415
17,-50.0,-16.743385545945543,65.01890180248897
17,-50.0,-16.743418884058716,65.01891723797327
17,-50.0,-16.743590425408243,65.01893083358999
17,-50.0,-16.743761966757774,65.01899951499499
17,-50.0,-16.743914684401698,65.01907374538382
17,-50.0,-16.7439335081073,65.01908324304661
17,-50.0,-16.74410504945683,65.01918757125289
17,-50.0,-16.744171247852933,65.01924568827867
17,-50.0,-16.744276590806358,65.01940939527324
17,-50.0,-16.744281175730947,65.01941763117354
17,-50.0,-16.7443961537576,65.01958957406839
17,-50.0,-16.74444813215589,65.01966204901515
17,-50.0,-16.744519376092974,65.01976151696323
17,-50.0,-16.744614635979655,65.01993345985811
17,-50.0,-16.744619673505415,65.01994848277597
17,-50.0,-16.74466547930419,65.02010540275296
17,-50.0,-16.744676837561226,65.02027734564781
17,-50.0,-16.744659956234102,65.02044928854268
17,-50.0,-16.744631650705802,65.02062123143753
17,-50.0,-16.744619673505415,65.02069115449167
17,-50.0,-16.74460147158666,65.02079317433238
17,-50.0,-16.744558637446865,65.02096511722725
17,-50.0,-16.744487608539814,65.0211370601221
17,-50.0,-16.74444813215589,65.02120572480318
17,-50.0,-16.744276590806358,65.02120572480318
17,-50.0,-16.74421933625463,65.02130900301695
17,-50.0,-16.744105936604438,65.02148094591182
17,-50.0,-16.74410504945683,65.0214820956095
17,-50.0,-16.74396547087495,65.02165288880667
17,-50.0,-16.7439335081073,65.02168990979774
17,-50.0,-16.74380879676416,65.02182483170152
17,-50.0,-16.743761966757774,65.02187162075978
17,-50.0,-16.743590425408243,65.02187162075978
17,-50.0,-16.74345539213617,65.02199677459639
17,-50.0,-16.743418884058716,65.02202807120736
17,-50.0,-16.743247342709186,65.02216772216715
17,-50.0,-16.743246093195324,65.02216871749124
17,-50.0,-16.74307580135966,65.0222867332803
17,-50.0,-16.74290426001013,65.0222867332803
17,-50.0,-16.742818965253804,65.02234066038609
17,-50.0,-16.7427327186606,65.02238827021993
17,-50.0,-16.742561177311075,65.02247605323967
17,-50.0,-16.7424848794631,65.02251260328096
17,-50.0,-16.742389635961544,65.02255532218791
17,-50.0,-16.742218094612017,65.02262429852077
17,-50.0,-16.742046553262487,65.02262429852077
17,-50.0,-16.741875628071462,65.02268454617581
17,-50.0,-16.74187501191296,65.02268475764983
17,-50.0,-16.74170347056343,65.02274256655707
17,-50.0,-16.741531929213902,65.02279731521928
17,-50.0,-16.741360387864372,65.02281159361308
17,-50.0,-16.741188846514845,65.0228486768396
17,-50.0,-16.74116148510603,65.02285648907066
17,-50.0,-16.741017305165315,65.02289568692852
17,-50.0,-16.740845763815788,65.02294054462729
17,-50.0,-16.74067422246626,65.02298391858244
17,-50.0,-16.74050268111673,65.02299351349663
17,-50.0,-16.740331139767203,65.02302546519316
17,-50.0,-16.740318943452895,65.02302843196553
17,-50.0,-16.740159598417673,65.02307027425036
17,-50.0,-16.739988057068146,65.02311337042217
17,-50.0,-16.739816515718616,65.02315662061875
17,-50.0,-16.73964497436909,65.02315662061875
17,-50.0,-16.73947343301956,65.02319745100965
17,-50.0,-16.739460789307547,65.02320037486038
17,-50.0,-16.73930189167003,65.02324174457944
17,-50.0,-16.7391303503205,65.02328588550142
17,-50.0,-16.738958808970974,65.0233199948312
17,-50.0,-16.738787267621447,65.0233199948312
17,-50.0,-16.738615726271917,65.02334947198585
17,-50.0,-16.738455244963916,65.02337231775523
17,-50.0,-16.73844418492239,65.02337436970113
17,-50.0,-16.73827264357286,65.02338016604746
17,-50.0,-16.738228314570655,65.02337231775523
17,-50.0,-16.738101102223332,65.02335303852945
17,-50.0,-16.737929560873802,65.02335303852945
17,-50.0,-16.737758019524275,65.02329731102937
17,-50.0,-16.737586478174745,65.02321904620202
17,-50.0,-16.73755045073637,65.02320037486038
17,-50.0,-16.737414936825218,65.02313138932855
17,-50.0,-16.737243395475687,65.02304551382491
17,-50.0,-16.737207430180412,65.02302843196553
17,-50.0,-16.73707185412616,65.02296838802795
17,-50.0,-16.736900312776633,65.02296838802795
17,-50.0,-16.736728771427103,65.02289682507116
17,-50.0,-16.736624278411412,65.02285648907066
17,-50.0,-16.736557230077576,65.02283040361746
17,-50.0,-16.736387123392287,65.02268454617581
17,-50.0,-16.736385688728046,65.02268328719099
17,-50.0,-16.73621414737852,65.02261959311626
17,-50.0,-16.736042606028988,65.02255504165277
17,-50.0,-16.73587106467946,65.02255504165277
17,-50.0,-16.735761540437586,65.02251260328096
17,-50.0,-16.73569952332993,65.0224839313372
17,-50.0,-16.735527981980404,65.02240522076114
17,-50.0,-16.735383165905592,65.02234066038609
17,-50.0,-16.735356440630873,65.02232725608685
17,-50.0,-16.735184899281347,65.02224583983292
17,-50.0,-16.73501335793182,65.02217190220595
17,-50.0,-16.73484181658229,65.02217190220595
17,-50.0,-16.73483284137784,65.02216871749124
17,-50.0,-16.734670275232762,65.02210727168912
17,-50.0,-16.734498733883232,65.02205287180436
17,-50.0,-16.7343271925337,65.02200425923533
17,-50.0,-16.734299662223,65.02199677459639
17,-50.0,-16.734155651184174,65.02194836719997
17,-50.0,-16.733984109834648,65.02187167419903
17,-50.0,-16.733812568485117,65.02187167419903
17,-50.0,-16.733729030277757,65.02182483170152
17,-50.0,-16.733686464659055,65.02165288880667
17,-50.0,-16.733812568485117,65.0215940921784
17,-50.0,-16.73398390437582,65.02148094591182
17,-50.0,-16.733984109834648,65.02148082133948
17,-50.0,-16.734155651184174,65.02136987980944
17,-50.0,-16.734239580048133,65.02130900301695
17,-50.0,-16.734327192533705,65.02119069739948
17,-50.0,-16.734359960109302,65.0211370601221
17,-50.0,-16.734498733883232,65.02102584055443
17,-50.0,-16.734571845076058,65.02096511722725
17,-50.0,-16.73460491673737,65.02079317433238
17,-50.0,-16.73462163815462,65.02062123143753
17,-50.0,-16.73458812766649,65.02044928854268
17,-50.0,-16.734498733883232,65.0202842518046
17,-50.0,-16.734494693038993,65.02027734564781
17,-50.0,-16.734327192533705,65.02014289148023
17,-50.0,-16.734155651184174,65.02014289148023
17,-50.0,-16.734107108393548,65.02010540275296
17,-50.0,-16.733984109834648,65.02005756990505
17,-50.0,-16.733812568485117,65.01998640444633
17,-50.0,-16.733702388757788,65.01993345985811
17,-50.0,-16.73364102713559,65.01986663056378
17,-50.0,-16.73356305001284,65.01976151696324
17,-50.0,-16.73346948578606,65.01965218096163
17,-50.0,-16.733424300482334,65.01958957406839
17,-50.0,-16.733356524057562,65.01941763117354
17,-50.0,-16.73346948578606,65.01929540466176
17,-50.0,-16.733583247034115,65.01924568827867
17,-50.0,-16.73364102713559,65.01923554579359
17,-50.0,-16.733812568485117,65.01922040165039
17,-50.0,-16.733984109834648,65.01921736460922
17,-50.0,-16.734155651184174,65.01920643619162
17,-50.0,-16.734327192533705,65.01919778938196
17,-50.0,-16.734498733883232,65.01919025709131
17,-50.0,-16.734670275232762,65.01918531187204
17,-50.0,-16.73484181658229,65.01918531187204
17,-50.0,-16.73501335793182,65.01918626280033
17,-50.0,-16.735184899281347,65.01919580232416
17,-50.0,-16.735356440630873,65.01920651821659
17,-50.0,-16.735428322294396,65.01924568827866
17,-50.0,-16.735527981980404,65.01930576461027
17,-50.0,-16.73569952332993,65.01931181909067
17,-50.0,-16.73587106467946,65.01930630710599
17,-50.0,-16.736042606028988,65.01928625556303
17,-50.0,-16.73621414737852,65.01924700621178
17,-50.0,-16.73621814217707,65.01924568827867
17,-50.0,-16.736385688728046,65.01919564333494
17,-50.0,-16.736557230077576,65.01919564333494
17,-50.0,-16.736728771427103,65.01912692152777
17,-50.0,-16.736816560346867,65.01907374538382
17,-50.0,-16.736900312776633,65.01899466516176
17,-50.0,-16.736969974289472,65.01890180248897
17,-50.0,-16.737035299395753,65.0187298595941
17,-50.0,-16.737070291369715,65.01855791669925
17,-50.0,-16.73707185412616,65.01855424402369
17,-50.0,-16.737243395475687,65.01855424402369
17,-50.0,-16.73734557800644,65.0183859738044
17,-50.0,-16.737414936825218,65.01831592193398
17,-50.0,-16.737536507968997,65.01821403090953
17,-50.0,-16.737586478174745,65.01817698574565
17,-50.0,-16.737742025210878,65.01804208801468
17,-50.0,-16.737758019524275,65.0180240519084
17,-50.0,-16.737929560873802,65.0180240519084
17,-50.0,-16.738101102223332,65.01787064082413
17,-50.0,-16.738101939807628,65.01787014511983
17,-50.0,-16.738263100292848,65.01769820222496
17,-50.0,-16.738256474173152,65.01752625933011
17,-50.0,-16.738101102223332,65.01744261895794
17,-50.0,-16.737935961140703,65.01735431643526
17,-50.0,-16.737929560873802,65.0173534055442
17,-50.0,-16.737758019524275,65.01733114551156
17,-50.0,-16.737586478174745,65.01733114551156
17,-50.0,-16.737414936825218,65.01730820460224
17,-50.0,-16.737243395475687,65.01727919584037
17,-50.0,-16.73707185412616,65.01724121616587
17,-50.0,-16.736900312776633,65.01719774198519
17,-50.0,-16.7368424779406,65.01718237354041
17,-50.0,-16.736728771427103,65.01716315279167
17,-50.0,-16.736557230077576,65.01716315279167
17,-50.0,-16.736385688728046,65.01706307715544
17,-50.0,-16.736282385291027,65.01701043064554
17,-50.0,-16.73621414737852,65.01699516745782
17,-50.0,-16.736042606028988,65.01695692544938
17,-50.0,-16.735871064679465,65.01692094303966
17,-50.0,-16.73569952332993,65.01688669330504
17,-50.0,-16.735527981980404,65.01687652809629
17,-50.0,-16.735414918537273,65.01683848775069
17,-50.0,-16.735356440630873,65.01682592032634
17,-50.0,-16.735184899281347,65.01678149974401
17,-50.0,-16.73501335793182,65.01672357660354
17,-50.0,-16.734879444424823,65.01666654485584
17,-50.0,-16.73484181658229,65.01665340096814
17,-50.0,-16.734670275232762,65.01665340096814
17,-50.0,-16.734498733883232,65.01658761707469
17,-50.0,-16.734327192533705,65.01651440840462
17,-50.0,-16.734273960579664,65.01649460196097
17,-50.0,-16.734155651184174,65.01645674182305
17,-50.0,-16.733984109834648,65.0164198454977
17,-50.0,-16.733812568485117,65.01639983245224
17,-50.0,-16.73364102713559,65.01639983245224
17,-50.0,-16.73346948578606,65.01639649200797
17,-50.0,-16.733297944436533,65.01641037773697
17,-50.0,-16.733126403087006,65.01644073899215
17,-50.0,-16.732954861737475,65.01648309483987
17,-50.0,-16.73278332038795,65.01648309483987
17,-50.0,-16.73274260935871,65.01649460196097
17,-50.0,-16.732611779038418,65.01653713474562
17,-50.0,-16.73244023768889,65.0165890403759
17,-50.0,-16.73226869633936,65.0166314642255
17,-50.0,-16.732097154989834,65.01666440855237
17,-50.0,-16.731925613640303,65.01666440855237
17,-50.0,-16.731920068714548,65.01666654485584
17,-50.0,-16.731754072290776,65.01670036620963
17,-50.0,-16.731647423282077,65.01666654485584
17,-50.0,-16.731582530941246,65.0166487029495
17,-50.0,-16.73148072394161,65.01666654485584
17,-50.0,-16.73141098959172,65.01669260665415
17,-50.0,-16.731239448242192,65.01674556651905
17,-50.0,-16.73106790689266,65.01674556651905
17,-50.0,-16.730896365543135,65.01672356156826
17,-50.0,-16.730724824193604,65.01673321202072
17,-50.0,-16.730553282844078,65.01673560115788
17,-50.0,-16.730381741494547,65.01673414447845
17,-50.0,-16.73021020014502,65.01673414447845
17,-50.0,-16.73003865879549,65.01673316630226
17,-50.0,-16.729867117445963,65.01673396117948
17,-50.0,-16.729695576096432,65.0167410145475
17,-50.0,-16.729524034746905,65.01675615110811
17,-50.0,-16.72935249339738,65.01675615110811
17,-50.0,-16.729180952047848,65.01677562088278
17,-50.0,-16.72900941069832,65.0167959338697
17,-50.0,-16.72883786934879,65.01681070429899
17,-50.0,-16.728666327999264,65.0168161595667
17,-50.0,-16.728494786649733,65.0168161595667
17,-50.0,-16.728323245300206,65.01681756854799
17,-50.0,-16.728151703950676,65.01681939630498
17,-50.0,-16.72798016260115,65.0168269527167
17,-50.0,-16.727849889751536,65.01683848775069
17,-50.0,-16.727808621251622,65.01684257790211
17,-50.0,-16.72763707990209,65.01684257790211
17,-50.0,-16.727465538552565,65.0168704154084
17,-50.0,-16.727293997203034,65.01691209744953
17,-50.0,-16.727122455853507,65.01696857359701
17,-50.0,-16.727010853625536,65.01701043064554
17,-50.0,-16.726950914503977,65.01703570435535
17,-50.0,-16.72677937315445,65.01703570435535
17,-50.0,-16.72660783180492,65.01710116437064
17,-50.0,-16.726436290455393,65.01714659200277
17,-50.0,-16.726264749105862,65.01716776723487
17,-50.0,-16.726093207756335,65.01716416575195
17,-50.0,-16.72592166640681,65.01716416575195
17,-50.0,-16.725750125057278,65.01713923594387
17,-50.0,-16.72557858370775,65.0171008822035
17,-50.0,-16.72540704235822,65.01704755667697
17,-50.0,-16.725301410766665,65.01701043064554
17,-50.0,-16.725235501008694,65.01698719427479
17,-50.0,-16.725063959659163,65.01694967558323
17,-50.0,-16.724892418309636,65.0169008716626
17,-50.0,-16.724720876960106,65.01686505603026
17,-50.0,-16.72454933561058,65.01684281365615
17,-50.0,-16.72437779426105,65.01684260169701
17,-50.0,-16.724235614797202,65.01683848775069
17,-50.0,-16.72420625291152,65.01683743554615
17,-50.0,-16.724034711561995,65.01683743554615
17,-50.0,-16.723863170212464,65.01682971729909
17,-50.0,-16.723691628862937,65.01682261687095
17,-50.0,-16.723520087513407,65.01681788869485
17,-50.0,-16.72334854616388,65.01681590508996
17,-50.0,-16.72317700481435,65.01681588486676
17,-50.0,-16.723005463464823,65.01681537731739
17,-50.0,-16.722833922115292,65.01681531898703
17,-50.0,-16.722662380765765,65.01681531564549
17,-50.0,-16.722490839416235,65.01681527421977
17,-50.0,-16.722319298066708,65.01681527066143
17,-50.0,-16.72214775671718,65.01681525993385
17,-50.0,-16.72197621536765,65.01681544662287
17,-50.0,-16.721804674018124,65.01681569672078
17,-50.0,-16.721633132668593,65.0168151008403
17,-50.0,-16.721461591319066,65.0168119342969
17,-50.0,-16.721290049969536,65.0168119342969
17,-50.0,-16.72111850862001,65.01680544823273
17,-50.0,-16.72094696727048,65.0167963436475
17,-50.0,-16.72077542592095,65.0167875363211
17,-50.0,-16.72060388457142,65.01678313577628
17,-50.0,-16.720432343221894,65.01678313577628
17,-50.0,-16.720260801872367,65.01678433663609
17,-50.0,-16.720089260522837,65.01679076137596
17,-50.0,-16.71991771917331,65.01675925223994
17,-50.0,-16.71974617782378,65.01678567516767
17,-50.0,-16.719574636474253,65.01678567516767
17,-50.0,-16.719403095124722,65.01681365923667
17,-50.0,-16.719231553775195,65.01674420654027
17,-50.0,-16.719060012425665,65.01675737071278
17,-50.0,-16.718888471076138,65.01677010339259
17,-50.0,-16.718716929726607,65.01677010339259
17,-50.0,-16.71854538837708,65.01678428712498
17,-50.0,-16.718373847027554,65.01679957539045
17,-50.0,-16.718202305678023,65.01681365096258
17,-50.0,-16.718030764328496,65.01682683246156
17,-50.0,-16.717859222978966,65.01682766235388
17,-50.0,-16.71770657048232,65.01683848775069
17,-50.0,-16.71768768162944,65.01683977985802
17,-50.0,-16.71751614027991,65.01685226768973
17,-50.0,-16.71734459893038,65.01686689607226
17,-50.0,-16.71717305758085,65.01688439887889
17,-50.0,-16.717001516231324,65.01688439887889
17,-50.0,-16.716829974881794,65.01690297220098
17,-50.0,-16.716658433532267,65.01692124240313
17,-50.0,-16.71648689218274,65.01694001894562
17,-50.0,-16.71631535083321,65.01695822830627
17,-50.0,-16.716143809483683,65.01696347707063
17,-50.0,-16.715972268134152,65.01697649865824
17,-50.0,-16.715800726784625,65.01699423441231
17,-50.0,-16.715634669197282,65.01701043064554
17,-50.0,-16.7156291854351,65.01701103057734
17,-50.0,-16.715457644085568,65.01703005500903
17,-50.0,-16.715286102736037,65.01703005500903
17,-50.0,-16.71511456138651,65.0170489792219
17,-50.0,-16.71494302003698,65.0170696498397
17,-50.0,-16.714771478687453,65.01709248194855
17,-50.0,-16.714599937337926,65.01711746643119
17,-50.0,-16.714428395988396,65.01712677032873
17,-50.0,-16.71425685463887,65.01714506692562
17,-50.0,-16.71408531328934,65.01717420757153
17,-50.0,-16.71403875982912,65.01718237354041
17,-50.0,-16.71391377193981,65.01720864254847
17,-50.0,-16.713742230590285,65.01724440973388
17,-50.0,-16.713570689240754,65.01724440973388
17,-50.0,-16.713399147891224,65.0172794975922
17,-50.0,-16.713227606541697,65.01731445881678
17,-50.0,-16.713056065192166,65.01735088127108
17,-50.0,-16.713040156297982,65.01735431643526
17,-50.0,-16.71288452384264,65.01739337663021
17,-50.0,-16.712712982493112,65.01739337663021
17,-50.0,-16.71254144114358,65.01743695638504
17,-50.0,-16.712369899794055,65.01748189648052
17,-50.0,-16.71220436550385,65.01752625933011
17,-50.0,-16.712198358444525,65.01752808389503
17,-50.0,-16.712026817094998,65.01758071933968
17,-50.0,-16.711855275745467,65.01758071933968
17,-50.0,-16.71168373439594,65.01763559681689
17,-50.0,-16.71151219304641,65.0176920818513
17,-50.0,-16.71149343002004,65.01769820222496
17,-50.0,-16.711340651696883,65.01775550607532
17,-50.0,-16.711169110347353,65.01781979951541
17,-50.0,-16.710997568997826,65.01781979951541
17,-50.0,-16.71085479362366,65.01787014511983
17,-50.0,-16.7108260276483,65.01788242953091
17,-50.0,-16.71065448629877,65.01795427417973
17,-50.0,-16.71048294494924,65.01802530028829
17,-50.0,-16.71031140359971,65.01802342859598
17,-50.0,-16.71027227783319,65.01804208801468
17,-50.0,-16.710139862250184,65.01811237700076
17,-50.0,-16.709968320900654,65.01820363844537
17,-50.0,-16.709948685908522,65.01821403090953
17,-50.0,-16.709796779551127,65.01830515502738
17,-50.0,-16.70965823263609,65.0183859738044
17,-50.0,-16.709625238201596,65.01840646711747
17,-50.0,-16.70945369685207,65.01840646711747
17,-50.0,-16.70928215550254,65.01851473434188
17,-50.0,-16.709214250773506,65.01855791669925
17,-50.0,-16.709110614153012,65.01863187671451
17,-50.0,-16.708983432349914,65.0187298595941
17,-50.0,-16.708939072803485,65.0187679291091
17,-50.0,-16.708767531453955,65.0187679291091
17,-50.0,-16.708616599680223,65.01890180248897
17,-50.0,-16.708595990104428,65.0189194875336
17,-50.0,-16.708424448754897,65.01906872600536
17,-50.0,-16.70841877905618,65.01907374538382
17,-50.0,-16.70825290740537,65.01921321772151
17,-50.0,-16.70808136605584,65.01922868664533
17,-50.0,-16.708042915717954,65.01924568827867
17,-50.0,-16.707909824706313,65.01935168025034
17,-50.0,-16.70782549127214,65.01941763117354
17,-50.0,-16.707738283356782,65.019484497143
17,-50.0,-16.707566742007256,65.01957563421006
17,-50.0,-16.70754180973077,65.01958957406839
17,-50.0,-16.707395200657725,65.01968015553336
17,-50.0,-16.707223659308198,65.01968015553336
17,-50.0,-16.70709344154122,65.01976151696324
17,-50.0,-16.70705211795867,65.01978750852483
17,-50.0,-16.70688057660914,65.0198965827965
17,-50.0,-16.706835467559273,65.01993345985811
17,-50.0,-16.706709035259614,65.02003411990219
17,-50.0,-16.706537493910083,65.02003411990219
17,-50.0,-16.70644421528834,65.02010540275296
17,-50.0,-16.706365952560557,65.02015713573239
17,-50.0,-16.706194411211026,65.02026195612324
17,-50.0,-16.70616818683186,65.02027734564781
17,-50.0,-16.7060228698615,65.02036001059136
17,-50.0,-16.7058646800881,65.02044928854268
17,-50.0,-16.70585132851197,65.02045429197403
17,-50.0,-16.705679787162442,65.0204569681309
17,-50.0,-16.70550824581291,65.02055842686073
17,-50.0,-16.70540306123542,65.02062123143753
17,-50.0,-16.705336704463384,65.02065975861237
17,-50.0,-16.705165163113858,65.02076201561322
17,-50.0,-16.704993621764327,65.02076201561322
17,-50.0,-16.70494263448708,65.02079317433238
17,-50.0,-16.7048220804148,65.02086328888412
17,-50.0,-16.70465053906527,65.02095806097857
17,-50.0,-16.70463774614013,65.02096511722725
17,-50.0,-16.704478997715746,65.02104962614584
17,-50.0,-16.704307456366212,65.02108126070056
17,-50.0,-16.704135915016685,65.02113581959937
17,-50.0,-16.704133508449637,65.0211370601221
17,-50.0,-16.703964373667155,65.0212270639109
17,-50.0,-16.70379824767366,65.02130900301695
17,-50.0,-16.703792832317628,65.02131182806825
17,-50.0,-16.703621290968098,65.0214005838742
17,-50.0,-16.70344974961857,65.0214005838742
17,-50.0,-16.703284369707244,65.02148094591182
17,-50.0,-16.70327820826904,65.02148410224413
17,-50.0,-16.703106666919513,65.02157159012913
17,-50.0,-16.702936859759152,65.02165288880667
17,-50.0,-16.702935125569986,65.02165379671348
17,-50.0,-16.702763584220456,65.02171503446337
17,-50.0,-16.70259204287093,65.02174439639026
17,-50.0,-16.70242992963908,65.02182483170152
17,-50.0,-16.7024205015214,65.02182994780682
17,-50.0,-16.70224896017187,65.0219176958015
17,-50.0,-16.70207741882234,65.02199113616317
17,-50.0,-16.701905877472814,65.02199289527523
17,-50.0,-16.70189199582133,65.02199677459639
17,-50.0,-16.701734336123284,65.02206650342686
17,-50.0,-16.701562794773757,65.02213887315159
17,-50.0,-16.701496368955855,65.02216871749124
17,-50.0,-16.70139125342423,65.02222155108423
17,-50.0,-16.7012197120747,65.02230929842968
17,-50.0,-16.701048170725173,65.02230929842968
17,-50.0,-16.700986487325856,65.02234066038609
17,-50.0,-16.700876629375642,65.02239438601381
17,-50.0,-16.700705088026115,65.02247367181472
17,-50.0,-16.70062267654125,65.02251260328096
17,-50.0,-16.700533546676585,65.02257096011506
17,-50.0,-16.700362005327058,65.02257096011506
17,-50.0,-16.70019714673456,65.02268454617581
17,-50.0,-16.700190463977528,65.02269096457407
17,-50.0,-16.700022090396367,65.02285648907066
17,-50.0,-16.700018922628,65.02286026628153
17,-50.0,-16.699879080579137,65.02302843196554
17,-50.0,-16.69984738127847,65.02311780867558
17,-50.0,-16.699675839928943,65.0231552123577
17,-50.0,-16.699599468641622,65.02320037486038
17,-50.0,-16.699557930145737,65.02337231775523
17,-50.0,-16.699504298579416,65.02349744081432
17,-50.0,-16.69948459615439,65.0235442606501
17,-50.0,-16.69942085924327,65.02371620354495
17,-50.0,-16.6993678735314,65.0238881464398
17,-50.0,-16.699332757229886,65.02401999813927
17,-50.0,-16.699322425152552,65.02406008933467
17,-50.0,-16.69916121588036,65.02420247443504
17,-50.0,-16.699126939746336,65.02423203222952
17,-50.0,-16.699144778706813,65.02440397512437
17,-50.0,-16.69916121588036,65.02447279606503
17,-50.0,-16.699332757229886,65.02447279606503
17,-50.0,-16.69935941675834,65.02457591801924
17,-50.0,-16.699332757229886,65.02461770211076
17,-50.0,-16.69925162901837,65.02474786091409
17,-50.0,-16.699332757229886,65.02487829728636
17,-50.0,-16.699504298579416,65.02487829728636
17,-50.0,-16.699532436226733,65.02491980380894
17,-50.0,-16.699675839928943,65.02506829657732
17,-50.0,-16.69969196609774,65.02509174670381
17,-50.0,-16.699798973023483,65.02526368959866
17,-50.0,-16.69984738127847,65.02530860791656
17,-50.0,-16.69999143996075,65.02543563249351
17,-50.0,-16.700018922628,65.02545296411975
17,-50.0,-16.700190463977528,65.02555468291949
17,-50.0,-16.700285369976154,65.02560757538838
17,-50.0,-16.700362005327058,65.0256400594472
17,-50.0,-16.700533546676585,65.02572386454484
17,-50.0,-16.70070508802612,65.02572386454484
17,-50.0,-16.70080637131485,65.02577951828323
17,-50.0,-16.700876629375642,65.02582931666694
17,-50.0,-16.701042663066314,65.02595146117808
17,-50.0,-16.701048170725173,65.02595507870366
17,-50.0,-16.7012197120747,65.02604458375596
17,-50.0,-16.70139125342423,65.02611750025721
17,-50.0,-16.70140431298944,65.02612340407295
17,-50.0,-16.701515705952094,65.0262953469678
17,-50.0,-16.70149228755294,65.02646728986265
17,-50.0,-16.70142189689127,65.02663923275752
17,-50.0,-16.70139125342423,65.0267203705686
17,-50.0,-16.701357488961893,65.02681117565237
17,-50.0,-16.701274560948608,65.02698311854722
17,-50.0,-16.7012197120747,65.02706554765584
17,-50.0,-16.701048170725173,65.02706554765584
17,-50.0,-16.700982831092393,65.02715506144209
17,-50.0,-16.700876629375642,65.02730177507645
17,-50.0,-16.700855793547543,65.02732700433694
17,-50.0,-16.7007455276825,65.02749894723179
17,-50.0,-16.700705088026115,65.02759313338727
17,-50.0,-16.700671162158628,65.02767089012666
17,-50.0,-16.700621516705326,65.02784283302151
17,-50.0,-16.70053354667658,65.02792390921627
17,-50.0,-16.700423973383,65.02801477591636
17,-50.0,-16.70043177008477,65.02818671881123
17,-50.0,-16.700478486449846,65.02835866170608
17,-50.0,-16.700533546676585,65.02850392007856
17,-50.0,-16.700545465709542,65.02853060460093
17,-50.0,-16.70059568905716,65.0287025474958
17,-50.0,-16.700705088026115,65.02884309175253
17,-50.0,-16.700876629375642,65.02884309175253
17,-50.0,-16.700900305756022,65.02887449039065
17,-50.0,-16.700876629375642,65.02894573381583
17,-50.0,-16.700847458723803,65.0290464332855
17,-50.0,-16.700876629375642,65.02910362682967
17,-50.0,-16.701048170725173,65.02910362682967
17,-50.0,-16.701100965499833,65.02921837618037
17,-50.0,-16.701048170725173,65.02930670086855
17,-50.0,-16.700998902870666,65.02939031907522
17,-50.0,-16.701048170725173,65.02949193429693
17,-50.0,-16.701219712074696,65.02949193429693
17,-50.0,-16.701255019404396,65.02956226197007
17,-50.0,-16.701355173605744,65.02973420486494
17,-50.0,-16.70139125342423,65.02979729213553
17,-50.0,-16.701453217122587,65.02990614775979
17,-50.0,-16.701562794773757,65.03001542092862
17,-50.0,-16.70163771907022,65.03007809065464
17,-50.0,-16.701734336123284,65.03019045797534
17,-50.0,-16.701787670263748,65.0302500335495
17,-50.0,-16.701905877472814,65.03031791923695
17,-50.0,-16.702015713857122,65.03042197644436
17,-50.0,-16.70207741882234,65.03051081537349
17,-50.0,-16.702120146781088,65.03059391933921
17,-50.0,-16.70223868673268,65.03076586223408
17,-50.0,-16.70224896017187,65.0307770490448
17,-50.0,-16.702396669520656,65.03093780512893
17,-50.0,-16.7024205015214,65.03095887500471
17,-50.0,-16.70259204287093,65.03095887500471
17,-50.0,-16.70276154175802,65.03110974802378
17,-50.0,-16.702763584220456,65.03111135247104
17,-50.0,-16.702935125569986,65.03124654103325
17,-50.0,-16.70297742591194,65.03128169091865
17,-50.0,-16.703106666919513,65.03139167316954
17,-50.0,-16.703177446564126,65.0314536338135
17,-50.0,-16.70326968158651,65.03162557670835
17,-50.0,-16.703278208269044,65.03163311312669
17,-50.0,-16.70344974961857,65.03177451910497
17,-50.0,-16.703479593015853,65.03179751960322
17,-50.0,-16.703621290968098,65.03188590081385
17,-50.0,-16.703792832317628,65.03188590081385
17,-50.0,-16.70393281763333,65.03196946249807
17,-50.0,-16.703964373667155,65.0319834724466
17,-50.0,-16.704135915016685,65.03206062740784
17,-50.0,-16.704307456366212,65.03213867856465
17,-50.0,-16.704313206420412,65.03214140539292
17,-50.0,-16.704478997715743,65.03221176363213
17,-50.0,-16.70465053906527,65.03228041097223
17,-50.0,-16.7048220804148,65.03228041097223
17,-50.0,-16.704904500575,65.03231334828779
17,-50.0,-16.704993621764327,65.03235428953137
17,-50.0,-16.705165163113858,65.03242779502375
17,-50.0,-16.705299277067567,65.03248529118264
17,-50.0,-16.705336704463384,65.03251274794432
17,-50.0,-16.705468868609202,65.03265723407749
17,-50.0,-16.70550824581291,65.03273656887329
17,-50.0,-16.70559011494792,65.03282917697237
17,-50.0,-16.70558367318081,65.03300111986721
17,-50.0,-16.705601030099686,65.03317306276206
17,-50.0,-16.705679787162442,65.03330780921928
17,-50.0,-16.70570596995227,65.03334500565693
17,-50.0,-16.70583380712023,65.03351694855178
17,-50.0,-16.70585132851197,65.03356325869012
17,-50.0,-16.70589121569124,65.03368889144663
17,-50.0,-16.705927504400126,65.0338608343415
17,-50.0,-16.705967065279797,65.03403277723635
17,-50.0,-16.7060228698615,65.03412863724046
17,-50.0,-16.706074223399924,65.0342047201312
17,-50.0,-16.706137994753213,65.03437666302607
17,-50.0,-16.706194411211026,65.03444358037481
17,-50.0,-16.706286548171537,65.03454860592092
17,-50.0,-16.706365952560557,65.034606360156
17,-50.0,-16.706537493910083,65.034606360156
17,-50.0,-16.706687623250108,65.03472054881577
17,-50.0,-16.706709035259614,65.0347338697953
17,-50.0,-16.70688057660914,65.03484776086009
17,-50.0,-16.70694815258711,65.03489249171064
17,-50.0,-16.70705211795867,65.03495976839001
17,-50.0,-16.707216598489097,65.03506443460549
17,-50.0,-16.707223659308198,65.03506994453707
17,-50.0,-16.707395200657725,65.0352217459837
17,-50.0,-16.707409934125945,65.03523637750034
17,-50.0,-16.707550044762094,65.0354083203952
17,-50.0,-16.707566742007256,65.03542911108397
17,-50.0,-16.707738283356782,65.03542911108397
17,-50.0,-16.707858320597722,65.03558026329006
17,-50.0,-16.707909824706313,65.0357190194443
17,-50.0,-16.70792289640725,65.03575220618491
17,-50.0,-16.708044635386784,65.03592414907978
17,-50.0,-16.70808136605584,65.03597894339535
17,-50.0,-16.70815811237996,65.03609609197463
17,-50.0,-16.70825290740537,65.03621358131423
17,-50.0,-16.70829453624644,65.03626803486948
17,-50.0,-16.708424448754897,65.03637437701343
17,-50.0,-16.70850021087005,65.03643997776435
17,-50.0,-16.708595990104428,65.03650376558518
17,-50.0,-16.708767531453955,65.03660408687796
17,-50.0,-16.708781291285124,65.0366119206592
17,-50.0,-16.708939072803485,65.03670278392669
17,-50.0,-16.709110614153012,65.03670278392669
17,-50.0,-16.70925269786938,65.03678386355405
17,-50.0,-16.70928215550254,65.03680792333932
17,-50.0,-16.70945369685207,65.0369450418764
17,-50.0,-16.709467241676393,65.03695580644892
17,-50.0,-16.709556674988008,65.03712774934377
17,-50.0,-16.709625238201596,65.03720940672846
17,-50.0,-16.709709877998066,65.03729969223862
17,-50.0,-16.709796779551127,65.03740336993206
17,-50.0,-16.70985053244806,65.03747163513347
17,-50.0,-16.709968320900654,65.03762463520458
17,-50.0,-16.709983764208875,65.03764357802834
17,-50.0,-16.710139862250184,65.03780505259232
17,-50.0,-16.71031140359971,65.03780505259232
17,-50.0,-16.710323647813624,65.03781552092319
17,-50.0,-16.71048294494924,65.03792931295139
17,-50.0,-16.710565626548217,65.03798746381804
17,-50.0,-16.71065448629877,65.03803596637104
17,-50.0,-16.7108260276483,65.03812677937026
17,-50.0,-16.71089486379568,65.03815940671291
17,-50.0,-16.710997568997826,65.03819298890133
17,-50.0,-16.711169110347353,65.03823776651943
17,-50.0,-16.71129237517371,65.03833134960776
17,-50.0,-16.711340651696883,65.0383618239836
17,-50.0,-16.71151219304641,65.0383618239836
17,-50.0,-16.71168373439594,65.03838566395167
17,-50.0,-16.711855275745467,65.03841194472842
17,-50.0,-16.712026817094998,65.03844654776123
17,-50.0,-16.712198358444525,65.03849500432582
17,-50.0,-16.712369899794055,65.03849500432582
17,-50.0,-16.712392713196717,65.03850329250263
17,-50.0,-16.712541441143582,65.03856476603275
17,-50.0,-16.712712982493112,65.0386398207702
17,-50.0,-16.71278753424586,65.03867523539748
17,-50.0,-16.71288452384264,65.03874087584717
17,-50.0,-16.713047729678372,65.03884717829233
17,-50.0,-16.713056065192166,65.03885570385229
17,-50.0,-16.713227606541697,65.03899981032075
17,-50.0,-16.713399147891224,65.03899981032075
17,-50.0,-16.713432702196467,65.0390191211872
17,-50.0,-16.713570689240754,65.03907676272861
17,-50.0,-16.71374223059028,65.03913588229766
17,-50.0,-16.71391377193981,65.03918496039473
17,-50.0,-16.713938124849097,65.03919106408205
17,-50.0,-16.71408531328934,65.03925981734659
17,-50.0,-16.71425685463887,65.03934569899417
17,-50.0,-16.714428395988396,65.03934569899417
17,-50.0,-16.71445852186336,65.0393630069769
17,-50.0,-16.714599937337926,65.03941041548742
17,-50.0,-16.714771478687453,65.03948384971821
17,-50.0,-16.71487770392273,65.03953494987176
17,-50.0,-16.71494302003698,65.03956219710288
17,-50.0,-16.71511456138651,65.03963931331069
17,-50.0,-16.715242500809733,65.03970689276662
17,-50.0,-16.715286102736037,65.039731523605
17,-50.0,-16.715457644085568,65.039731523605
17,-50.0,-16.715629185435095,65.03984585804949
17,-50.0,-16.71567780701568,65.03987883566147
17,-50.0,-16.715800726784625,65.03993951420821
17,-50.0,-16.715972268134152,65.03999103845176
17,-50.0,-16.716143809483683,65.04001746759968
17,-50.0,-16.71631535083321,65.04003771690864
17,-50.0,-16.71648689218274,65.04003771690864
17,-50.0,-16.716573312297328,65.04005077855633
17,-50.0,-16.716658433532267,65.04006480794087
17,-50.0,-16.716829974881794,65.04011908973786
17,-50.0,-16.717001516231324,65.04020120497111
17,-50.0,-16.717025379794322,65.04022272145119
17,-50.0,-16.71717305758085,65.04037904860976
17,-50.0,-16.71721283023059,65.04039466434604
17,-50.0,-16.71734459893038,65.0404478581496
17,-50.0,-16.71751614027991,65.0404478581496
17,-50.0,-16.717687681629442,65.04049392894056
17,-50.0,-16.717859222978966,65.04052579328871
17,-50.0,-16.718030764328496,65.0405472214383
17,-50.0,-16.718202305678023,65.04056007588086
17,-50.0,-16.718373847027554,65.04056007588086
17,-50.0,-16.718545388377084,65.04056305579877
17,-50.0,-16.718716929726607,65.04055480333949
17,-50.0,-16.718888471076138,65.04054337029231
17,-50.0,-16.719060012425665,65.04053471374156
17,-50.0,-16.719231553775195,65.04055697224163
17,-50.0,-16.719403095124722,65.04055802218778
17,-50.0,-16.719428419487695,65.0405666072409
17,-50.0,-16.719574636474253,65.04059954230513
17,-50.0,-16.71974617782378,65.04065379544477
17,-50.0,-16.71991771917331,65.04071084956531
17,-50.0,-16.72004247868164,65.04073855013576
17,-50.0,-16.720089260522837,65.04074630274789
17,-50.0,-16.720260801872367,65.04074630274789
17,-50.0,-16.720432343221894,65.04075914316356
17,-50.0,-16.72060388457142,65.04075484603102
17,-50.0,-16.72077542592095,65.04073975468893
17,-50.0,-16.720806728818744,65.04073855013576
17,-50.0,-16.72094696727048,65.04073099631654
17,-50.0,-16.72111850862001,65.04073099631654
17,-50.0,-16.721290049969536,65.04072424451302
17,-50.0,-16.721316373373472,65.04073855013576
17,-50.0,-16.721461591319066,65.04081434545901
17,-50.0,-16.721633132668593,65.04082689582563
17,-50.0,-16.721804674018124,65.04085296842524
17,-50.0,-16.721952315155125,65.04091049303061
17,-50.0,-16.72197621536765,65.04091913116572
17,-50.0,-16.72214775671718,65.04091913116572
17,-50.0,-16.722319298066708,65.0410130982989
17,-50.0,-16.722445389365685,65.04108243592547
17,-50.0,-16.722490839416235,65.04109779717882
17,-50.0,-16.722662380765765,65.04115216030752
17,-50.0,-16.722833922115292,65.04119880379696
17,-50.0,-16.723005463464823,65.04123174173309
17,-50.0,-16.72317700481435,65.0412359617317
17,-50.0,-16.72333253466753,65.04125437882033
17,-50.0,-16.72334854616388,65.04125661478649
17,-50.0,-16.723520087513407,65.04127020219029
17,-50.0,-16.723691628862937,65.04128125214314
17,-50.0,-16.723863170212464,65.04129844372662
17,-50.0,-16.724034711561995,65.04129844372662
17,-50.0,-16.72420625291152,65.04132564425703
17,-50.0,-16.72437779426105,65.04134800600708
17,-50.0,-16.72454933561058,65.04137095203318
17,-50.0,-16.724720876960106,65.04139940526053
17,-50.0,-16.724892418309636,65.04139940526053
17,-50.0,-16.724931009390282,65.04142632171519
17,-50.0,-16.725063959659163,65.04152735651631
17,-50.0,-16.72522227144981,65.04159826461004
17,-50.0,-16.725235501008694,65.0416054592378
17,-50.0,-16.72540704235822,65.04171281108641
17,-50.0,-16.725497107936594,65.0417702075049
17,-50.0,-16.72557858370775,65.04180803570323
17,-50.0,-16.725750125057274,65.04186817708437
17,-50.0,-16.72592166640681,65.04190973765301
17,-50.0,-16.726093207756335,65.04192000351011
17,-50.0,-16.726168715852697,65.04194215039975
17,-50.0,-16.726264749105862,65.04197547841237
17,-50.0,-16.726436290455393,65.04205661032735
17,-50.0,-16.726530634837275,65.0421140932946
17,-50.0,-16.72660783180492,65.04217029161765
17,-50.0,-16.72677937315445,65.04227338832372
17,-50.0,-16.726950914503977,65.04227338832372
17,-50.0,-16.726976144026015,65.04228603618947
17,-50.0,-16.727122455853507,65.04241662275038
17,-50.0,-16.727164048066513,65.04245797908432
17,-50.0,-16.72722457483409,65.04262992197917
17,-50.0,-16.727293997203034,65.04276377083359
17,-50.0,-16.72732046859709,65.04280186487404
17,-50.0,-16.727452451142934,65.04297380776889
17,-50.0,-16.727465538552565,65.04298629649641
17,-50.0,-16.727619333339824,65.04314575066374
17,-50.0,-16.72763707990209,65.04315846792292
17,-50.0,-16.727808621251622,65.04329766470639
17,-50.0,-16.727833114319864,65.0433176935586
17,-50.0,-16.72798016260115,65.04341223172045
17,-50.0,-16.728110397537723,65.04348963645346
17,-50.0,-16.728151703950676,65.04350908881632
17,-50.0,-16.728323245300206,65.04350908881632
17,-50.0,-16.728494786649733,65.04358218068123
17,-50.0,-16.728666327999264,65.0436501664561
17,-50.0,-16.728693009905534,65.04366157934831
17,-50.0,-16.72883786934879,65.04372108414776
17,-50.0,-16.72900941069832,65.04379395628649
17,-50.0,-16.729095181373083,65.04383352224318
17,-50.0,-16.729180952047848,65.0439182058869
17,-50.0,-16.72935249339738,65.04396353865816
17,-50.0,-16.72944226256193,65.04400546513803
17,-50.0,-16.729524034746905,65.04405357307468
17,-50.0,-16.729695576096432,65.04412908487429
17,-50.0,-16.729835036452325,65.04417740803288
17,-50.0,-16.729867117445963,65.04420278304828
17,-50.0,-16.73003865879549,65.04432372956578
17,-50.0,-16.730080420241272,65.04434935092775
17,-50.0,-16.73012327756901,65.04452129382258
17,-50.0,-16.73020288119299,65.04469323671745
17,-50.0,-16.73021020014502,65.04470225737438
17,-50.0,-16.73034917774831,65.04486517961232
17,-50.0,-16.730381741494547,65.04489068865709
17,-50.0,-16.730553282844078,65.04495666947248
17,-50.0,-16.730724824193604,65.04501551548908
17,-50.0,-16.730755990302022,65.04503712250717
17,-50.0,-16.73088768388737,65.04520906540202
17,-50.0,-16.730896365543135,65.04521627091603
17,-50.0,-16.73106790689266,65.0452888050809
17,-50.0,-16.731239448242192,65.04535372629432
17,-50.0,-16.731348931322437,65.04538100829689
17,-50.0,-16.73141098959172,65.04538762676673
17,-50.0,-16.731582530941246,65.04538769900127
17,-50.0,-16.731754072290776,65.04539980860872
17,-50.0,-16.731925613640303,65.04540258832778
17,-50.0,-16.732097154989834,65.0454026568154
17,-50.0,-16.73226869633936,65.04540592679
17,-50.0,-16.73244023768889,65.04541359836567
17,-50.0,-16.732611779038418,65.04541359836567
17,-50.0,-16.73278332038795,65.0454221747343
17,-50.0,-16.732954861737475,65.04542778175819
17,-50.0,-16.733126403087006,65.04542797882226
17,-50.0,-16.733297944436533,65.04541860685366
17,-50.0,-16.73346948578606,65.04541860685366
17,-50.0,-16.73364102713559,65.04540702804239
17,-50.0,-16.733812568485117,65.04539790177454
17,-50.0,-16.733984109834648,65.04539088319062
17,-50.0,-16.734155651184174,65.04538427261302
17,-50.0,-16.734327192533705,65.04538427261302
17,-50.0,-16.734371235543662,65.04538100829689
17,-50.0,-16.734498733883232,65.0453678725462
17,-50.0,-16.734670275232762,65.04534644827588
17,-50.0,-16.73484181658229,65.04532475622224
17,-50.0,-16.73501335793182,65.04530933369216
17,-50.0,-16.735184899281347,65.04530933369216
17,-50.0,-16.735356440630873,65.04530383342595
17,-50.0,-16.735527981980404,65.04530316314627
17,-50.0,-16.73569952332993,65.04530598393087
17,-50.0,-16.73587106467946,65.04530863246974
17,-50.0,-16.736042606028988,65.04530863246974
17,-50.0,-16.73621414737852,65.04530820405209
17,-50.0,-16.736351174110986,65.04538100829689
17,-50.0,-16.736385688728046,65.04539818934403
17,-50.0,-16.736557230077576,65.04539850866216
17,-50.0,-16.736728771427103,65.04539719435807
17,-50.0,-16.736900312776633,65.04539731410547
17,-50.0,-16.73707185412616,65.04539605520958
17,-50.0,-16.737243395475687,65.0453922234293
17,-50.0,-16.737414936825218,65.04538914243992
17,-50.0,-16.737586478174745,65.04538539920821
17,-50.0,-16.737758019524275,65.04538230282857
17,-50.0,-16.737929560873802,65.04538230282857
18,-50.0,-16.773610161575736,65.02186971841437
18,-50.0,-16.773438620226205,65.02193641962012
18,-50.0,-16.77326707887668,65.02194132091056
18,-50.0,-16.773095537527148,65.02189698283325
18,-50.0,-16.77292399617762,65.02189698283325
18,-50.0,-16.772772747154548,65.02182483170152
18,-50.0,-16.772752454828094,65.021802759653
18,-50.0,-16.772644599841247,65.02165288880667
18,-50.0,-16.772692073721608,65.02148094591182
18,-50.0,-16.772752454828094,65.02140022174859
18,-50.0,-16.77292399617762,65.02140022174859
18,-50.0,-16.773095537527148,65.02133969628767
18,-50.0,-16.77326707887668,65.02137175812136
18,-50.0,-16.773438620226205,65.02146457477045
18,-50.0,-16.773457600361652,65.02148094591182
18,-50.0,-16.773610161575736,65.0216023499039
18,-50.0,-16.773655041554242,65.02165288880667
18,-50.0,-16.773668753038788,65.02182483170154
18,-50.0,-16.773610161575736,65.02186971841437
19,-30.0,-16.748908207243627,65.04555584108991
19,-30.0,-16.748926572951795,65.04555295119174
19,-30.0,-16.749079748593157,65.04552836912922
19,-30.0,-16.749251289942684,65.04550092677943
19,-30.0,-16.749422831292215,65.04550092677943
19,-30.0,-16.74959437264174,65.04547608179723
19,-30.0,-16.749765913991272,65.04544775871477
19,-30.0,-16.7499374553408,65.0454158670196
19,-30.0,-16.75010899669033,65.04538100829689
19,-30.0,-16.750280538039856,65.04538100829689
19,-30.0,-16.750280538039856,65.04538100829689
19,-30.0,-16.750452079389383,65.04534920221874
19,-30.0,-16.750623620738914,65.04532293682783
19,-30.0,-16.75079516208844,65.04530333000542
19,-30.0,-16.75096670343797,65.04528828440027
19,-30.0,-16.751138244787498,65.04528828440027
19,-30.0,-16.75130978613703,65.04527575683534
19,-30.0,-16.751481327486555,65.0452607955035
19,-30.0,-16.751652868836086,65.0452441840651
19,-30.0,-16.751824410185613,65.04522336447957
19,-30.0,-16.751995951535143,65.04522336447957
19,-30.0,-16.752093932843476,65.04520906540202
19,-30.0,-16.75216749288467,65.04519661181392
19,-30.0,-16.752339034234197,65.04516764839077
19,-30.0,-16.752510575583727,65.04514810724594
19,-30.0,-16.752682116933254,65.04513885164035
19,-30.0,-16.752853658282785,65.04513885164035
19,-30.0,-16.75302519963231,65.04513962067331
19,-30.0,-16.753196740981842,65.0451426247453
19,-30.0,-16.75336828233137,65.04514122118468
19,-30.0,-16.7535398236809,65.04513132225725
19,-30.0,-16.753711365030426,65.04513132225725
19,-30.0,-16.753882906379957,65.04512227072192
19,-30.0,-16.754054447729484,65.04510912402205
19,-30.0,-16.75422598907901,65.04510135146501
19,-30.0,-16.75439753042854,65.04510209100519
19,-30.0,-16.754569071778068,65.04510209100519
19,-30.0,-16.7547406131276,65.04509980805874
19,-30.0,-16.754912154477125,65.04516047037461
19,-30.0,-16.755083695826656,65.04515023626084
19,-30.0,-16.755255237176186,65.04512416581623
19,-30.0,-16.755426778525713,65.04515590594066
19,-30.0,-16.75559831987524,65.04515018054116
19,-30.0,-16.75576986122477,65.04513075054304
19,-30.0,-16.755941402574297,65.04511496848556
19,-30.0,-16.756112943923824,65.0451047944156
19,-30.0,-16.756284485273355,65.04510211325615
19,-30.0,-16.75645602662288,65.0450984134079
19,-30.0,-16.756627567972412,65.04509044485889
19,-30.0,-16.75679910932194,65.04507635151725
19,-30.0,-16.75697065067147,65.04505107148498
19,-30.0,-16.757142192020996,65.04504915443425
19,-30.0,-16.757202952601208,65.04503712250717
19,-30.0,-16.757313733370527,65.04500712903567
19,-30.0,-16.757485274720054,65.04495793289142
19,-30.0,-16.757656816069584,65.0449149961738
19,-30.0,-16.75782835741911,65.04488366674858
19,-30.0,-16.757999898768638,65.0448813600037
19,-30.0,-16.758149701976066,65.04486517961232
19,-30.0,-16.75817144011817,65.04486313630805
19,-30.0,-16.758342981467695,65.04485388513272
19,-30.0,-16.758514522817226,65.04485184463394
19,-30.0,-16.758686064166753,65.04485363898787
19,-30.0,-16.758857605516283,65.04485363898787
19,-30.0,-16.75902914686581,65.04485210852413
19,-30.0,-16.75920068821534,65.04484734557279
19,-30.0,-16.759372229564867,65.04483814368947
19,-30.0,-16.759543770914398,65.0448258276752
19,-30.0,-16.759715312263925,65.0448222337876
19,-30.0,-16.75988685361345,65.0448182865756
19,-30.0,-16.760058394962982,65.04480149981896
19,-30.0,-16.760229936312513,65.04478474624175
19,-30.0,-16.76040147766204,65.04476698607942
19,-30.0,-16.760573019011566,65.04475963194781
19,-30.0,-16.760744560361097,65.04475197542801
19,-30.0,-16.760916101710624,65.04473567881908
19,-30.0,-16.761087643060154,65.04471399920234
19,-30.0,-16.761236340597875,65.04469323671745
19,-30.0,-16.761259184409685,65.04469034480044
19,-30.0,-16.76143072575921,65.04466972342513
19,-30.0,-16.76160226710874,65.04466625068973
19,-30.0,-16.761773808458265,65.04464186065694
19,-30.0,-16.761945349807796,65.04461737969515
19,-30.0,-16.762116891157323,65.04458804893973
19,-30.0,-16.762288432506853,65.0445814971589
19,-30.0,-16.76245997385638,65.04455515588194
19,-30.0,-16.762612907389936,65.0445212938226
19,-30.0,-16.76263151520591,65.04451766795147
19,-30.0,-16.762803056555438,65.04448691420579
19,-30.0,-16.762974597904968,65.04446082519883
19,-30.0,-16.763145299841817,65.0445212938226
19,-30.0,-16.763146139254495,65.04452165911863
19,-30.0,-16.763317680604025,65.04452165911863
19,-30.0,-16.76332127094063,65.0445212938226
19,-30.0,-16.763489221953552,65.04448458711437
19,-30.0,-16.76366076330308,65.04448930148021
19,-30.0,-16.76383230465261,65.04447028478164
19,-30.0,-16.764003846002137,65.04445928561513
19,-30.0,-16.764175387351667,65.04444139900988
19,-30.0,-16.764346928701194,65.04439986559184
19,-30.0,-16.764518470050724,65.04435305426523
19,-30.0,-16.764529729277662,65.04434935092775
19,-30.0,-16.76469001140025,65.04431484540395
19,-30.0,-16.76486155274978,65.04429014046703
19,-30.0,-16.76503309409931,65.04426500607988
19,-30.0,-16.76520463544884,65.0442035709213
19,-30.0,-16.765269424540946,65.04417740803288
19,-30.0,-16.765376176798366,65.04415907233
19,-30.0,-16.765547718147893,65.04412606518825
19,-30.0,-16.765719259497423,65.04412606518825
19,-30.0,-16.76589080084695,65.04408481819115
19,-30.0,-16.76606234219648,65.04401837464897
19,-30.0,-16.766086673090435,65.04400546513803
19,-30.0,-16.766233883546008,65.04396600659001
19,-30.0,-16.766405424895538,65.04392616543
19,-30.0,-16.766576966245065,65.04392616543
19,-30.0,-16.766748507594595,65.04389250179057
19,-30.0,-16.766920048944122,65.04384950337213
19,-30.0,-16.766972885393216,65.04383352224318
19,-30.0,-16.767091590293653,65.04381018121225
19,-30.0,-16.76726313164318,65.04377156048756
19,-30.0,-16.767434672992707,65.04377156048756
19,-30.0,-16.767606214342237,65.04372418030081
19,-30.0,-16.767756901154105,65.04366157934831
19,-30.0,-16.767777755691764,65.04365307668891
19,-30.0,-16.767949297041294,65.04358689154236
19,-30.0,-16.76812083839082,65.04356296021695
19,-30.0,-16.768292379740352,65.04352024837131
19,-30.0,-16.768382641211492,65.04348963645344
19,-30.0,-16.76846392108988,65.04347013058344
19,-30.0,-16.76863546243941,65.04343540212056
19,-30.0,-16.768807003788936,65.04339998897437
19,-30.0,-16.768978545138467,65.04338985237473
19,-30.0,-16.769150086487993,65.04336506490347
19,-30.0,-16.76932162783752,65.04333748665681
19,-30.0,-16.76949316918705,65.04332286819306
19,-30.0,-16.769591992445513,65.0433176935586
19,-30.0,-16.769664710536578,65.04331514001836
19,-30.0,-16.769836251886108,65.04331514001836
19,-30.0,-16.770007793235635,65.04331450474075
19,-30.0,-16.770179334585166,65.04331295143488
19,-30.0,-16.770350875934692,65.04330363442364
19,-30.0,-16.770522417284223,65.04328529827174
19,-30.0,-16.77069395863375,65.04326642099329
19,-30.0,-16.77086549998328,65.04325546086928
19,-30.0,-16.771037041332807,65.04322818909522
19,-30.0,-16.771208582682334,65.04321317580656
19,-30.0,-16.771380124031865,65.04321132593817
19,-30.0,-16.77155166538139,65.04321526640155
19,-30.0,-16.771723206730922,65.04322331057782
19,-30.0,-16.77189474808045,65.04322945735825
19,-30.0,-16.77206628942998,65.04322955481246
19,-30.0,-16.772237830779506,65.04322338314124
19,-30.0,-16.772409372129037,65.04320950056325
19,-30.0,-16.772580913478564,65.04320950056325
19,-30.0,-16.772752454828094,65.04319126467973
19,-30.0,-16.77292399617762,65.0431635985667
19,-30.0,-16.773095537527148,65.04315064045481
19,-30.0,-16.773108265476992,65.04314575066374
19,-30.0,-16.77326707887668,65.04312077096239
19,-30.0,-16.773438620226205,65.04311699639966
19,-30.0,-16.77351752822904,65.04314575066374
19,-30.0,-16.773610161575736,65.04317674466196
19,-30.0,-16.773772044783342,65.04314575066374
19,-30.0,-16.773781702925262,65.04314156891087
19,-30.0,-16.773953244274793,65.04305729002361
19,-30.0,-16.77412478562432,65.04306821440656
19,-30.0,-16.77429632697385,65.04306821440656
19,-30.0,-16.774467868323377,65.04303011456662
19,-30.0,-16.774639409672908,65.04300699689136
19,-30.0,-16.774807766394236,65.04297380776889
19,-30.0,-16.774810951022435,65.04297300655311
19,-30.0,-16.77498249237196,65.04293416217699
19,-30.0,-16.775154033721492,65.04292220403661
19,-30.0,-16.77532557507102,65.04287289981967
19,-30.0,-16.77549711642055,65.0428268765213
19,-30.0,-16.775565503926952,65.04280186487404
19,-30.0,-16.775668657770076,65.04275690187019
19,-30.0,-16.775840199119607,65.04271944115821
19,-30.0,-16.776011740469134,65.04268361858884
19,-30.0,-16.77616132039309,65.04262992197917
19,-30.0,-16.776183281818664,65.0426205843661
19,-30.0,-16.77635482316819,65.04253633301481
19,-30.0,-16.77652636451772,65.04246249457385
19,-30.0,-16.77669790586725,65.04246249457385
19,-30.0,-16.77671157142945,65.04245797908432
19,-30.0,-16.776869447216775,65.04240190842242
19,-30.0,-16.777040988566306,65.04231939104025
19,-30.0,-16.7771036071642,65.04228603618947
19,-30.0,-16.777212529915833,65.04223730057278
19,-30.0,-16.777384071265363,65.04216357651264
19,-30.0,-16.77755561261489,65.04216357651264
19,-30.0,-16.77765497271264,65.0421140932946
19,-30.0,-16.77772715396442,65.04207666169896
19,-30.0,-16.777898695313947,65.0419735951161
19,-30.0,-16.77794626541383,65.04194215039975
19,-30.0,-16.778070236663478,65.04184016957649
19,-30.0,-16.778241778013005,65.04184016957649
19,-30.0,-16.77831992768008,65.0417702075049
19,-30.0,-16.778399630498843,65.04159826461004
19,-30.0,-16.778413319362535,65.04158629562298
19,-30.0,-16.778584860712062,65.04144570443616
19,-30.0,-16.778596503084994,65.04142632171518
19,-30.0,-16.77875640206159,65.0413059664362
19,-30.0,-16.77892794341112,65.0413059664362
19,-30.0,-16.77899654138384,65.04125437882033
19,-30.0,-16.779099484760646,65.04118058557434
19,-30.0,-16.779247967615238,65.04108243592547
19,-30.0,-16.779271026110177,65.04106462835392
19,-30.0,-16.779442567459704,65.04093487284986
19,-30.0,-16.779477226639457,65.04091049303061
19,-30.0,-16.779614108809234,65.04085753823911
19,-30.0,-16.77978565015876,65.04079321858238
19,-30.0,-16.779831721286616,65.04073855013576
19,-30.0,-16.77995719150829,65.04064120380667
19,-30.0,-16.780071679287673,65.0405666072409
19,-30.0,-16.78012873285782,65.04053669780933
19,-30.0,-16.78030027420735,65.04044072341866
19,-30.0,-16.780471815556876,65.04044072341866
19,-30.0,-16.780563109559594,65.04039466434604
19,-30.0,-16.780643356906403,65.04035824524286
19,-30.0,-16.780814898255933,65.04026109254328
19,-30.0,-16.780878946041366,65.04022272145119
19,-30.0,-16.78098643960546,65.04015330178444
19,-30.0,-16.78115798095499,65.0401175321693
19,-30.0,-16.781283041144615,65.04005077855633
19,-30.0,-16.781329522304517,65.04001664825206
19,-30.0,-16.781501063654048,65.0398993720011
19,-30.0,-16.78152941239625,65.03987883566147
19,-30.0,-16.781672605003575,65.03979685456774
19,-30.0,-16.781820152199266,65.03970689276662
19,-30.0,-16.781844146353105,65.03969720761698
19,-30.0,-16.782015687702632,65.03968931940194
19,-30.0,-16.782187229052163,65.03955314486936
19,-30.0,-16.782209277640916,65.03953494987176
19,-30.0,-16.78235877040169,65.03940764353771
19,-30.0,-16.782410651925353,65.0393630069769
19,-30.0,-16.782530311751216,65.03919642331205
19,-30.0,-16.782701853100747,65.03919642331205
19,-30.0,-16.782705490637,65.03919106408205
19,-30.0,-16.782761689813682,65.0390191211872
19,-30.0,-16.782861709510907,65.03884717829233
19,-30.0,-16.782873394450274,65.03883793761638
19,-30.0,-16.783044935799804,65.03872084360036
19,-30.0,-16.783113265778603,65.03867523539748
19,-30.0,-16.78321647714933,65.03861297058752
19,-30.0,-16.78338801849886,65.03861297058752
19,-30.0,-16.7835471302843,65.03850329250263
19,-30.0,-16.78355955984839,65.03849372398038
19,-30.0,-16.78373110119792,65.03835439798279
19,-30.0,-16.783755412671898,65.03833134960776
19,-30.0,-16.783902642547446,65.03820727408635
19,-30.0,-16.784074183896976,65.03820727408635
19,-30.0,-16.784147602039248,65.03815940671291
19,-30.0,-16.7842457252465,65.03807666219376
19,-30.0,-16.784321211967956,65.03798746381806
19,-30.0,-16.784405239451413,65.03781552092319
19,-30.0,-16.78441726659603,65.03780142853391
19,-30.0,-16.78457088685857,65.03764357802834
19,-30.0,-16.78458880794556,65.03762821965245
19,-30.0,-16.784760349295087,65.03762821965245
19,-30.0,-16.784931890644618,65.03752211203793
19,-30.0,-16.78501237175564,65.03747163513349
19,-30.0,-16.785103431994145,65.03738392525987
19,-30.0,-16.785181541308503,65.03729969223862
19,-30.0,-16.78515389731398,65.03712774934377
19,-30.0,-16.785129635926932,65.03695580644892
19,-30.0,-16.785274973343675,65.03687834562817
19,-30.0,-16.785446514693202,65.03687834562817
19,-30.0,-16.785618056042733,65.03680775163944
19,-30.0,-16.785686136948186,65.03678386355405
19,-30.0,-16.78578959739226,65.03674449796772
19,-30.0,-16.78596113874179,65.03664284932408
19,-30.0,-16.786132680091317,65.03663249929532
19,-30.0,-16.786172649510238,65.0366119206592
19,-30.0,-16.786243360414435,65.03643997776433
19,-30.0,-16.786304221440844,65.03628645055203
19,-30.0,-16.78631325063178,65.03626803486948
19,-30.0,-16.786475762790374,65.03614608609134
19,-30.0,-16.78655276303382,65.03609609197463
19,-30.0,-16.7866473041399,65.03605468817125
19,-30.0,-16.78681884548943,65.03602575074837
19,-30.0,-16.78699038683896,65.03597117687119
19,-30.0,-16.7870677385876,65.03592414907978
19,-30.0,-16.78716192818849,65.03587592386592
19,-30.0,-16.787333469538016,65.03576681790233
19,-30.0,-16.78735956725031,65.03575220618491
19,-30.0,-16.787505010887546,65.03569671534771
19,-30.0,-16.787676552237073,65.03569671534771
19,-30.0,-16.787848093586604,65.03561875767726
19,-30.0,-16.78793859545734,65.03558026329006
19,-30.0,-16.78801963493613,65.03552826251097
19,-30.0,-16.788191176285657,65.03541309300789
19,-30.0,-16.788198078119326,65.0354083203952
19,-30.0,-16.788362717635188,65.03531209108513
19,-30.0,-16.788534258984715,65.03525085070363
19,-30.0,-16.78855555204345,65.03523637750034
19,-30.0,-16.788705800334245,65.03512976449362
19,-30.0,-16.788877341683772,65.03506781451772
19,-30.0,-16.78888898739657,65.03506443460549
19,-30.0,-16.789048883033303,65.03494632494237
19,-30.0,-16.78922042438283,65.03494632494237
19,-30.0,-16.78926114609459,65.03489249171064
19,-30.0,-16.789272577633287,65.03472054881577
19,-30.0,-16.78922042438283,65.0345978510137
19,-30.0,-16.78920239664738,65.03454860592092
19,-30.0,-16.78916599089107,65.03437666302607
19,-30.0,-16.7891386982745,65.0342047201312
19,-30.0,-16.789134065071142,65.03403277723635
19,-30.0,-16.789150941648096,65.0338608343415
19,-30.0,-16.78922042438283,65.03372203030864
19,-30.0,-16.789239338053015,65.03368889144663
19,-30.0,-16.7893470934218,65.03351694855178
19,-30.0,-16.78939196573236,65.03342675349302
19,-30.0,-16.789563507081887,65.03342675349302
19,-30.0,-16.789610806640553,65.03334500565693
19,-30.0,-16.789735048431417,65.03319214712661
19,-30.0,-16.7897509348971,65.03317306276206
19,-30.0,-16.78990525168896,65.03300111986721
19,-30.0,-16.789906589780948,65.0329988549583
19,-30.0,-16.790000472605183,65.03282917697236
19,-30.0,-16.79007813113047,65.0326665872903
19,-30.0,-16.79024967248,65.0326665872903
19,-30.0,-16.790254154147707,65.03265723407749
19,-30.0,-16.790307754221978,65.03248529118264
19,-30.0,-16.790310811078953,65.03231334828779
19,-30.0,-16.790286276275143,65.03214140539292
19,-30.0,-16.79024967248,65.03205192369262
19,-30.0,-16.790218248172515,65.03196946249807
19,-30.0,-16.790144270924444,65.03179751960322
19,-30.0,-16.790090798715898,65.03162557670835
19,-30.0,-16.79014158867944,65.0314536338135
19,-30.0,-16.790130033384944,65.03128169091865
19,-30.0,-16.79007813113047,65.03117745098032
19,-30.0,-16.790044469390846,65.03110974802378
19,-30.0,-16.789906589780944,65.03096725511577
19,-30.0,-16.789895417275766,65.03093780512893
19,-30.0,-16.789831733333358,65.03076586223409
19,-30.0,-16.789829988899463,65.03059391933921
19,-30.0,-16.78983754528614,65.03042197644436
19,-30.0,-16.789835548271107,65.0302500335495
19,-30.0,-16.78978102987542,65.03007809065464
19,-30.0,-16.789735048431417,65.03000129417572
19,-30.0,-16.789682551585315,65.02990614775979
19,-30.0,-16.789584179471397,65.02973420486494
19,-30.0,-16.789563507081887,65.02965191028972
19,-30.0,-16.789539568639455,65.02956226197009
19,-30.0,-16.789438509397158,65.02939031907522
19,-30.0,-16.78939196573236,65.02936932951314
19,-30.0,-16.78922042438283,65.02927579396803
19,-30.0,-16.789103607058998,65.02921837618037
19,-30.0,-16.789048883033303,65.0292025762017
19,-30.0,-16.788877341683772,65.02919675950844
19,-30.0,-16.788705800334245,65.02914260908057
19,-30.0,-16.78853425898472,65.02908120646033
19,-30.0,-16.788495084400893,65.0290464332855
19,-30.0,-16.788362717635188,65.02893699552605
19,-30.0,-16.788191176285657,65.02887948023402
19,-30.0,-16.788177323307373,65.02887449039065
19,-30.0,-16.78801963493613,65.0288208955337
19,-30.0,-16.787848093586604,65.02879912191999
19,-30.0,-16.787676552237073,65.0287656374424
19,-30.0,-16.787505010887546,65.02871287241285
19,-30.0,-16.78747442539704,65.0287025474958
19,-30.0,-16.787333469538016,65.02865570065084
19,-30.0,-16.78716192818849,65.02859530836179
19,-30.0,-16.786992941438356,65.02853060460093
19,-30.0,-16.78699038683896,65.02852927825063
19,-30.0,-16.78681884548943,65.02852927825063
19,-30.0,-16.786647304139898,65.02843241686296
19,-30.0,-16.78653509134973,65.02835866170608
19,-30.0,-16.786475762790374,65.0282956706431
19,-30.0,-16.78635990067231,65.02818671881123
19,-30.0,-16.786304221440844,65.028146422657
19,-30.0,-16.786132680091317,65.02805925988064
19,-30.0,-16.786031672638988,65.02801477591636
19,-30.0,-16.78596113874179,65.02794499409694
19,-30.0,-16.785875216652702,65.02784283302151
19,-30.0,-16.78578959739226,65.0277958355672
19,-30.0,-16.785618056042733,65.0277958355672
19,-30.0,-16.785446514693202,65.02771054459252
19,-30.0,-16.78535206430535,65.02767089012666
19,-30.0,-16.785274973343675,65.02764082493952
19,-30.0,-16.785103431994145,65.02758966184385
19,-30.0,-16.784931890644618,65.02755736011643
19,-30.0,-16.784760349295087,65.02754036860911
19,-30.0,-16.78458880794556,65.02753697872743
19,-30.0,-16.78441726659603,65.02750695457601
19,-30.0,-16.784387168185212,65.02749894723179
19,-30.0,-16.784245725246503,65.02741275940076
19,-30.0,-16.784144005881622,65.02732700433694
19,-30.0,-16.784074183896976,65.02725207849195
19,-30.0,-16.783995714733685,65.02715506144209
19,-30.0,-16.783902642547446,65.02699731041118
19,-30.0,-16.783895419614275,65.02698311854722
19,-30.0,-16.783819072514007,65.02681117565237
19,-30.0,-16.78378752731936,65.02663923275752
19,-30.0,-16.78373110119792,65.02650621624034
19,-30.0,-16.783708826197852,65.02646728986265
19,-30.0,-16.78355955984839,65.02634097452035
19,-30.0,-16.78338801849886,65.02634097452035
19,-30.0,-16.783294603747194,65.0262953469678
19,-30.0,-16.78321647714933,65.02624401927194
19,-30.0,-16.783066498297654,65.02612340407295
19,-30.0,-16.783065350698678,65.02595146117808
19,-30.0,-16.783132267412974,65.02577951828323
19,-30.0,-16.78321647714933,65.02573903530055
19,-30.0,-16.78338801849886,65.02567928134229
19,-30.0,-16.783429375760825,65.02560757538838
19,-30.0,-16.783532888077755,65.02543563249351
19,-30.0,-16.783550575778147,65.02526368959866
19,-30.0,-16.78348988064517,65.0250917467038
19,-30.0,-16.783442097342487,65.02491980380894
19,-30.0,-16.78338801849886,65.02478878970376
19,-30.0,-16.783367903908868,65.02474786091409
19,-30.0,-16.783345748025624,65.02457591801924
19,-30.0,-16.78338801849886,65.02448748200088
19,-30.0,-16.783437831467666,65.02440397512437
19,-30.0,-16.78352614352743,65.02423203222952
19,-30.0,-16.783481679568933,65.02406008933467
19,-30.0,-16.78338801849886,65.02397136226902
19,-30.0,-16.78331271338432,65.0238881464398
19,-30.0,-16.78321647714933,65.02381737837086
19,-30.0,-16.783103422782588,65.02371620354495
19,-30.0,-16.783044935799804,65.02365733956424
19,-30.0,-16.782939385822576,65.0235442606501
19,-30.0,-16.782873394450274,65.02347116095936
19,-30.0,-16.78277656445689,65.02337231775523
19,-30.0,-16.782701853100747,65.02322403632905
19,-30.0,-16.78268913022411,65.02320037486038
19,-30.0,-16.782530311751216,65.0230732885254
19,-30.0,-16.782473964114807,65.02302843196553
19,-30.0,-16.78235877040169,65.02292342139052
19,-30.0,-16.782187229052163,65.02292342139052
19,-30.0,-16.7820886664047,65.02285648907066
19,-30.0,-16.782015687702632,65.02278410026983
19,-30.0,-16.78188270948171,65.02268454617581
19,-30.0,-16.781844146353105,65.02264516268694
19,-30.0,-16.781696094922445,65.02251260328096
19,-30.0,-16.781672605003575,65.02249643388888
19,-30.0,-16.781501063654048,65.0223926978293
19,-30.0,-16.781409823342806,65.02234066038609
19,-30.0,-16.781329522304517,65.02229184875844
19,-30.0,-16.78115798095499,65.02220532252159
19,-30.0,-16.78098643960546,65.02218276995848
19,-30.0,-16.780964598690733,65.02216871749124
19,-30.0,-16.780814898255933,65.02204504507694
19,-30.0,-16.780784427095163,65.02199677459639
19,-30.0,-16.780673579994513,65.02182483170152
19,-30.0,-16.780643356906403,65.02179009909776
19,-30.0,-16.7805160510106,65.02165288880667
19,-30.0,-16.780483841280176,65.02148094591182
19,-30.0,-16.78054902515621,65.02130900301695
19,-30.0,-16.780471815556872,65.02120616105753
19,-30.0,-16.78040607920416,65.0211370601221
19,-30.0,-16.78030027420735,65.02103327954623
19,-30.0,-16.780250861691837,65.02096511722725
19,-30.0,-16.78018688978825,65.02079317433238
19,-30.0,-16.78012873285782,65.02063953695634
19,-30.0,-16.780123340681484,65.02062123143753
19,-30.0,-16.779973372904134,65.02044928854268
19,-30.0,-16.77995719150829,65.02043007889179
19,-30.0,-16.779825106846072,65.02027734564781
19,-30.0,-16.77978565015876,65.02026164161673
19,-30.0,-16.779614108809234,65.02019372198073
19,-30.0,-16.779442567459704,65.02019372198073
19,-30.0,-16.779271026110177,65.02011278227634
19,-30.0,-16.77925731229639,65.02010540275296
19,-30.0,-16.779099484760646,65.0200386262674
19,-30.0,-16.77892794341112,65.0199537063609
19,-30.0,-16.778884647213218,65.0199334598581
19,-30.0,-16.77875640206159,65.01989492108021
19,-30.0,-16.778584860712062,65.01984081452775
19,-30.0,-16.778413319362535,65.01984081452775
19,-30.0,-16.778241778013005,65.01977808511157
19,-30.0,-16.778200007304275,65.01976151696324
19,-30.0,-16.778070236663478,65.01972241078717
19,-30.0,-16.777898695313947,65.0196840627478
19,-30.0,-16.77772715396442,65.01965369593265
19,-30.0,-16.77755561261489,65.01965369593265
19,-30.0,-16.777384071265363,65.01963705488355
19,-30.0,-16.777212529915833,65.01963547291942
19,-30.0,-16.777040988566306,65.01963737310784
19,-30.0,-16.776869447216775,65.0196372735338
19,-30.0,-16.776697905867245,65.01963825252254
19,-30.0,-16.77652636451772,65.0196378113244
19,-30.0,-16.77642232614171,65.01958957406839
19,-30.0,-16.77635482316819,65.01956007815026
19,-30.0,-16.776183281818664,65.01956127519972
19,-30.0,-16.776011740469134,65.01955870985888
19,-30.0,-16.775840199119607,65.01955240020129
19,-30.0,-16.775668657770076,65.01955240020129
19,-30.0,-16.77549711642055,65.01954438665084
19,-30.0,-16.77532557507102,65.01954182306336
19,-30.0,-16.775154033721492,65.01954092411226
19,-30.0,-16.77498249237196,65.01954189129593
19,-30.0,-16.774810951022435,65.01954189129593
19,-30.0,-16.774639409672908,65.01954685622414
19,-30.0,-16.774467868323377,65.01955796090623
19,-30.0,-16.77429632697385,65.01956154716477
19,-30.0,-16.77412478562432,65.01955259175259
19,-30.0,-16.773953244274793,65.01954715290792
19,-30.0,-16.773781702925262,65.01953247327796
19,-30.0,-16.77361016157574,65.0194984649212
19,-30.0,-16.773438620226205,65.01946394940835
19,-30.0,-16.77326707887668,65.01944117587487
19,-30.0,-16.773095537527148,65.01943775959089
19,-30.0,-16.77292399617762,65.01943755801814
19,-30.0,-16.772752454828094,65.01944334458982
19,-30.0,-16.772580913478564,65.01945575327608
19,-30.0,-16.772409372129037,65.01947046015022
19,-30.0,-16.772237830779506,65.01948575399575
19,-30.0,-16.77206628942998,65.01948575399575
19,-30.0,-16.77189474808045,65.01950168003988
19,-30.0,-16.771723206730922,65.01951736833325
19,-30.0,-16.77155166538139,65.01952820144547
19,-30.0,-16.771380124031865,65.01952713001661
19,-30.0,-16.771208582682334,65.01952713001661
19,-30.0,-16.771037041332807,65.01950765926318
19,-30.0,-16.770900354056803,65.01941763117354
19,-30.0,-16.77086549998328,65.01939258029996
19,-30.0,-16.77069395863375,65.0193498706915
19,-30.0,-16.770522417284223,65.01931840439116
19,-30.0,-16.770350875934692,65.01930844123959
19,-30.0,-16.770179334585166,65.01929974598788
19,-30.0,-16.770007793235635,65.01928961731032
19,-30.0,-16.769836251886108,65.01928138381035
19,-30.0,-16.769664710536578,65.01927448371006
19,-30.0,-16.76949316918705,65.01926936076765
19,-30.0,-16.76932162783752,65.01926942733846
19,-30.0,-16.769150086487993,65.01926934871256
19,-30.0,-16.768978545138467,65.01927827769381
19,-30.0,-16.768807003788936,65.01929262679448
19,-30.0,-16.76863546243941,65.01931213809242
19,-30.0,-16.768463921089882,65.01931213809242
19,-30.0,-16.768292379740352,65.0193316293948
19,-30.0,-16.76812083839082,65.01935318468283
19,-30.0,-16.767949297041294,65.01938133194423
19,-30.0,-16.767777755691764,65.01941143234882
19,-30.0,-16.767606214342237,65.01941143234882
19,-30.0,-16.767572166007778,65.01941763117354
19,-30.0,-16.767434672992707,65.019437249019
19,-30.0,-16.76726313164318,65.01945842064264
19,-30.0,-16.767091590293653,65.01947345527961
19,-30.0,-16.766920048944122,65.01948092592374
19,-30.0,-16.766748507594595,65.01948092592374
19,-30.0,-16.766576966245065,65.01948683371616
19,-30.0,-16.766405424895538,65.01949687981124
19,-30.0,-16.766233883546008,65.01950626709886
19,-30.0,-16.76606234219648,65.01951481695616
19,-30.0,-16.76589080084695,65.01951481695616
19,-30.0,-16.765719259497423,65.01951966990787
19,-30.0,-16.765547718147893,65.01951226501491
19,-30.0,-16.765376176798366,65.01949676165016
19,-30.0,-16.76520463544884,65.01947598302587
19,-30.0,-16.76503309409931,65.01947598302587
19,-30.0,-16.764934870643973,65.01941763117354
19,-30.0,-16.76486155274978,65.0193678445672
19,-30.0,-16.76469001140025,65.0193386979729
19,-30.0,-16.764518470050724,65.01930516125223
19,-30.0,-16.764346928701194,65.01927159715285
19,-30.0,-16.76420368420158,65.01924568827867
19,-30.0,-16.764175387351667,65.01923870016378
19,-30.0,-16.764003846002137,65.01923870016378
19,-30.0,-16.76383230465261,65.0192008026552
19,-30.0,-16.76366076330308,65.01917122856179
19,-30.0,-16.76348922195355,65.01913969187797
19,-30.0,-16.763317680604025,65.01910736636533
19,-30.0,-16.763146139254495,65.01910736636533
19,-30.0,-16.762986408285364,65.01907374538382
19,-30.0,-16.762974597904968,65.01906954573258
19,-30.0,-16.762803056555438,65.01901361880397
19,-30.0,-16.76263151520591,65.01897065596906
19,-30.0,-16.76245997385638,65.01893855617422
19,-30.0,-16.762288432506853,65.01891280359244
19,-30.0,-16.762116891157323,65.01891280359244
19,-30.0,-16.762033231936297,65.01890180248897
19,-30.0,-16.761945349807796,65.01889059056289
19,-30.0,-16.761773808458265,65.01886852004822
19,-30.0,-16.76160226710874,65.01884518337486
19,-30.0,-16.76143072575921,65.01881848021763
19,-30.0,-16.76125918440968,65.01881848021763
19,-30.0,-16.761087643060154,65.01878248432834
19,-30.0,-16.761019472868284,65.0187298595941
19,-30.0,-16.760916101710624,65.01864587647648
19,-30.0,-16.760744560361097,65.01858887319912
19,-30.0,-16.760658211929183,65.01855791669925
19,-30.0,-16.760573019011566,65.0185255451862
19,-30.0,-16.76040147766204,65.0184678168246
19,-30.0,-16.76022993631251,65.0184678168246
19,-30.0,-16.760058394962982,65.01842011566481
19,-30.0,-16.759904566359573,65.0183859738044
19,-30.0,-16.75988685361345,65.01838228672608
19,-30.0,-16.759715312263925,65.01835942090726
19,-30.0,-16.759543770914398,65.01834761838145
19,-30.0,-16.759372229564867,65.0183446657051
19,-30.0,-16.75920068821534,65.0183446657051
19,-30.0,-16.75902914686581,65.01834769126442
19,-30.0,-16.758857605516283,65.01835266093687
19,-30.0,-16.758686064166753,65.01836031784592
19,-30.0,-16.758514522817226,65.01836944406736
19,-30.0,-16.758342981467695,65.01836944406736
19,-30.0,-16.75817144011817,65.0183795369767
19,-30.0,-16.758073596846128,65.0183859738044
19,-30.0,-16.757999898768638,65.01839343337754
19,-30.0,-16.75782835741911,65.01841387954762
19,-30.0,-16.757656816069584,65.01843575986635
19,-30.0,-16.757485274720054,65.01843575986635
19,-30.0,-16.757313733370527,65.01846108504432
19,-30.0,-16.757142192020996,65.01849217501554
19,-30.0,-16.75697065067147,65.0185252104279
19,-30.0,-16.75679910932194,65.01855577487434
19,-30.0,-16.756627567972412,65.01855577487434
19,-30.0,-16.756612361093534,65.01855791669925
19,-30.0,-16.75645602662288,65.0185758709591
19,-30.0,-16.756284485273355,65.01858514411879
19,-30.0,-16.756112943923824,65.01858306684436
19,-30.0,-16.755941402574297,65.01857305808261
19,-30.0,-16.75576986122477,65.01857305808261
19,-30.0,-16.755741225126307,65.01855791669925
19,-30.0,-16.75559831987524,65.01847179596705
19,-30.0,-16.755426778525713,65.01846322790342
19,-30.0,-16.755255237176183,65.0184629934974
19,-30.0,-16.755083695826656,65.01847649921822
19,-30.0,-16.754912154477125,65.01847649921822
19,-30.0,-16.7547406131276,65.01850765989437
19,-30.0,-16.754610192298408,65.01855791669925
19,-30.0,-16.754569071778068,65.01857880797974
19,-30.0,-16.75439753042854,65.01871820881152
19,-30.0,-16.75438468570273,65.0187298595941
19,-30.0,-16.75422598907901,65.01881213079491
19,-30.0,-16.754054447729484,65.01881213079491
19,-30.0,-16.753882906379957,65.0188888305758
19,-30.0,-16.753842707675204,65.01890180248897
19,-30.0,-16.753711365030426,65.01892818174832
19,-30.0,-16.7535398236809,65.01895153473171
19,-30.0,-16.75336828233137,65.01896240049572
19,-30.0,-16.753196740981842,65.01896900253631
19,-30.0,-16.75302519963231,65.01898171084629
19,-30.0,-16.752853658282785,65.01898800844401
19,-30.0,-16.752682116933254,65.01898338787055
19,-30.0,-16.752510575583727,65.0189632402753
19,-30.0,-16.752339034234197,65.0189632402753
19,-30.0,-16.75216749288467,65.01893296000594
19,-30.0,-16.752018966399067,65.01890180248897
19,-30.0,-16.751995951535143,65.01889439858327
19,-30.0,-16.751824410185613,65.01883452986753
19,-30.0,-16.751652868836086,65.01877941928373
19,-30.0,-16.751481327486555,65.01873032202978
19,-30.0,-16.751309786137032,65.01873015399511
19,-30.0,-16.751308540095664,65.0187298595941
19,-30.0,-16.751138244787498,65.01868303285518
19,-30.0,-16.75096670343797,65.01866141892383
19,-30.0,-16.75079516208844,65.0186526490016
19,-30.0,-16.750623620738914,65.01864569829345
19,-30.0,-16.750452079389383,65.01864569829345
19,-30.0,-16.750280538039856,65.01863105918923
19,-30.0,-16.75010899669033,65.01860284894137
19,-30.0,-16.7499374553408,65.0185672821169
19,-30.0,-16.749891263065244,65.01855791669925
19,-30.0,-16.749765913991272,65.01849986618802
19,-30.0,-16.74959437264174,65.01841129413421
19,-30.0,-16.749422831292215,65.01840491370005
19,-30.0,-16.749326637124895,65.0183859738044
19,-30.0,-16.749251289942684,65.01836462416414
19,-30.0,-16.749079748593157,65.01831741252161
19,-30.0,-16.748908207243627,65.0182824608787
19,-30.0,-16.7487366658941,65.01825398442404
19,-30.0,-16.74856512454457,65.01825398442404
19,-30.0,-16.748393583195043,65.0182203216849
19,-30.0,-16.748362744209583,65.01821403090953
19,-30.0,-16.748222041845516,65.01817818682339
19,-30.0,-16.748050500495985,65.01812655200703
19,-30.0,-16.74787895914646,65.01808278317532
19,-30.0,-16.747707417796928,65.01804973203608
19,-30.0,-16.7475358764474,65.01804778180863
19,-30.0,-16.747514814342107,65.01804208801468
19,-30.0,-16.74736433509787,65.01799367493051
19,-30.0,-16.747192793748344,65.01794493710942
19,-30.0,-16.747021252398813,65.01791224442937
19,-30.0,-16.746849711049286,65.01787676175132
19,-30.0,-16.746678169699756,65.01787676175132
19,-30.0,-16.746637969910992,65.01787014511983
19,-30.0,-16.74650662835023,65.0178437533187
19,-30.0,-16.746335087000702,65.01781401361083
19,-30.0,-16.7461673157158,65.01769820222496
19,-30.0,-16.74616354565117,65.01769525405366
19,-30.0,-16.745992004301645,65.01765442029614
19,-30.0,-16.745820462952114,65.01760818559049
19,-30.0,-16.745648921602587,65.01760818559049
19,-30.0,-16.745477380253057,65.01755497398356
19,-30.0,-16.745393052367113,65.01752625933011
19,-30.0,-16.74530583890353,65.0174909711674
19,-30.0,-16.745134297554,65.01743190140876
19,-30.0,-16.744962756204472,65.01737076487893
19,-30.0,-16.74491894788875,65.01735431643526
19,-30.0,-16.744791214854942,65.01730020218108
19,-30.0,-16.744619673505415,65.01730020218108
19,-30.0,-16.74444813215589,65.01722605171938
19,-30.0,-16.744344172918762,65.01718237354041
19,-30.0,-16.744276590806358,65.01715102134244
19,-30.0,-16.744105049456834,65.01708113792101
19,-30.0,-16.7439335081073,65.01702708878287
19,-30.0,-16.743855611696823,65.01701043064554
19,-30.0,-16.743761966757774,65.01699223650013
19,-30.0,-16.743590425408243,65.01699223650013
19,-30.0,-16.743418884058716,65.01697940285501
19,-30.0,-16.743247342709186,65.01698107117727
19,-30.0,-16.74307580135966,65.01699426906363
19,-30.0,-16.742920423165017,65.01701043064554
19,-30.0,-16.74290426001013,65.01701225518484
19,-30.0,-16.7427327186606,65.01701242571752
19,-30.0,-16.742561177311075,65.01703648282911
19,-30.0,-16.742489790065033,65.01701043064554
19,-30.0,-16.742389635961544,65.01698026950714
19,-30.0,-16.742218094612017,65.01699916579737
19,-30.0,-16.742081454236654,65.01701043064554
19,-30.0,-16.742046553262487,65.01701779209924
19,-30.0,-16.74187501191296,65.0170141378252
19,-30.0,-16.74170347056343,65.01702707555442
19,-30.0,-16.741531929213902,65.01703086754866
19,-30.0,-16.741360387864372,65.01702462534922
19,-30.0,-16.741188846514845,65.01701112665232
19,-30.0,-16.741017305165315,65.01701112665232
19,-30.0,-16.741012215839806,65.01701043064554
19,-30.0,-16.740845763815788,65.01698461179254
19,-30.0,-16.74067422246626,65.01694184729291
19,-30.0,-16.74050268111673,65.01690108646444
19,-30.0,-16.740331139767203,65.01686495819395
19,-30.0,-16.74021289806002,65.01683848775069
19,-30.0,-16.740159598417673,65.01682592586862
19,-30.0,-16.739988057068146,65.01682592586862
19,-30.0,-16.739816515718616,65.01679843809373
19,-30.0,-16.73964497436909,65.01678251197119
19,-30.0,-16.73947343301956,65.01677966208221
19,-30.0,-16.73930189167003,65.0167883709411
19,-30.0,-16.7391303503205,65.0167883709411
19,-30.0,-16.738958808970974,65.01680664371948
19,-30.0,-16.738787267621447,65.01683469687919
19,-30.0,-16.73876854188777,65.01683848775069
19,-30.0,-16.738615726271917,65.01687128811436
19,-30.0,-16.73844418492239,65.01690281149007
19,-30.0,-16.73827264357286,65.01690281149007
19,-30.0,-16.738101102223332,65.01692000224067
19,-30.0,-16.737929560873802,65.01692214232227
19,-30.0,-16.737758019524275,65.01691260153424
19,-30.0,-16.737586478174745,65.01689688034608
19,-30.0,-16.737414936825218,65.01689688034608
19,-30.0,-16.737243395475687,65.01687638930183
19,-30.0,-16.73707185412616,65.01684826683169
19,-30.0,-16.73705814736038,65.01683848775069
19,-30.0,-16.736900312776633,65.01671518694312
19,-30.0,-16.736750505113893,65.01666654485584
19,-30.0,-16.736728771427103,65.01665803303308
19,-30.0,-16.736557230077576,65.01660490687648
19,-30.0,-16.736385688728046,65.01660490687648
19,-30.0,-16.73621414737852,65.01657038781997
19,-30.0,-16.736042606028988,65.01653880679383
19,-30.0,-16.73587106467946,65.01651085315073
19,-30.0,-16.73580605394943,65.01649460196097
19,-30.0,-16.73569952332993,65.01647551764309
19,-30.0,-16.735527981980404,65.01646677155355
19,-30.0,-16.735356440630873,65.01643981979976
19,-30.0,-16.735184899281347,65.01637884794526
19,-30.0,-16.73506978492232,65.01632265906612
19,-30.0,-16.73501335793182,65.01629520625667
19,-30.0,-16.73484181658229,65.01619939023371
19,-30.0,-16.734764126208443,65.01615071617127
19,-30.0,-16.734670275232762,65.0160861706889
19,-30.0,-16.734498733883232,65.01603083326523
19,-30.0,-16.734327192533705,65.01600794488752
19,-30.0,-16.734226002831956,65.0159787732764
19,-30.0,-16.734155651184174,65.01594155579994
19,-30.0,-16.733984109834648,65.01589756452543
19,-30.0,-16.733812568485117,65.01589897235395
19,-30.0,-16.73364102713559,65.01587624936701
19,-30.0,-16.73346948578606,65.01587624936701
19,-30.0,-16.733297944436533,65.01591242011031
19,-30.0,-16.733126403087006,65.01595615487467
19,-30.0,-16.733047377068615,65.0159787732764
19,-30.0,-16.732954861737475,65.01600639368738
19,-30.0,-16.73278332038795,65.01606147360677
19,-30.0,-16.732611779038418,65.01606147360677
19,-30.0,-16.73244023768889,65.01611577321577
19,-30.0,-16.732324634621314,65.01615071617127
19,-30.0,-16.73226869633936,65.01616854095768
19,-30.0,-16.732097154989834,65.01622032825986
19,-30.0,-16.731925613640303,65.01624574921811
19,-30.0,-16.731754072290776,65.01626941762316
19,-30.0,-16.731582530941246,65.01630991836872
19,-30.0,-16.73151749562492,65.01632265906612
19,-30.0,-16.73141098959172,65.01634443208147
19,-30.0,-16.731239448242192,65.016373684868
19,-30.0,-16.73106790689266,65.01637967249573
19,-30.0,-16.730896365543135,65.0163862510442
19,-30.0,-16.730724824193604,65.01639565088871
19,-30.0,-16.730553282844078,65.01639898356359
19,-30.0,-16.730381741494547,65.01640595533107
19,-30.0,-16.73021020014502,65.0164129137812
19,-30.0,-16.73003865879549,65.01641414011561
19,-30.0,-16.729867117445963,65.0164167182271
19,-30.0,-16.729695576096432,65.01641776881213
19,-30.0,-16.729524034746905,65.01641547835793
19,-30.0,-16.72935249339738,65.01641273439083
19,-30.0,-16.729180952047848,65.01641273439083
19,-30.0,-16.72900941069832,65.01640979779663
19,-30.0,-16.72883786934879,65.01640660188366
19,-30.0,-16.728666327999264,65.0164022688303
19,-30.0,-16.728494786649733,65.01639933298961
19,-30.0,-16.728323245300206,65.01639933298961
19,-30.0,-16.728151703950676,65.01639952351769
19,-30.0,-16.72798016260115,65.01639977461858
19,-30.0,-16.727808621251622,65.0164002052924
19,-30.0,-16.72763707990209,65.01640478281912
19,-30.0,-16.727465538552565,65.01640478281912
19,-30.0,-16.727293997203034,65.0164142681231
19,-30.0,-16.727122455853507,65.01643128611522
19,-30.0,-16.726950914503977,65.01645952946839
19,-30.0,-16.72677937315445,65.01649258169196
19,-30.0,-16.72660783180492,65.01649258169196
19,-30.0,-16.726602939849258,65.01649460196097
19,-30.0,-16.726436290455393,65.01653585322913
19,-30.0,-16.72631271076459,65.01649460196097
19,-30.0,-16.726264749105862,65.01648034840201
19,-30.0,-16.72610853300079,65.01649460196097
19,-30.0,-16.726093207756335,65.01649760696642
19,-30.0,-16.72592166640681,65.01650018641918
19,-30.0,-16.725750125057278,65.01649747956137
19,-30.0,-16.725681491423163,65.01649460196097
19,-30.0,-16.72557858370775,65.0164911595005
19,-30.0,-16.72540704235822,65.01648300570086
19,-30.0,-16.725235501008694,65.0164758601476
19,-30.0,-16.725063959659163,65.01649421207345
19,-30.0,-16.72506103789363,65.01649460196097
19,-30.0,-16.724892418309636,65.01651491428065
19,-30.0,-16.724720876960106,65.01651537409685
19,-30.0,-16.72454933561058,65.01653540481591
19,-30.0,-16.72437779426105,65.01655232487974
19,-30.0,-16.72420625291152,65.01655428496647
19,-30.0,-16.724034711561995,65.0165490934543
19,-30.0,-16.723863170212464,65.01654770361854
19,-30.0,-16.723691628862937,65.01653925417246
19,-30.0,-16.723520087513407,65.0165285735893
19,-30.0,-16.72334854616388,65.01651300668165
19,-30.0,-16.72317700481435,65.0165133961131
19,-30.0,-16.723005463464823,65.0165133961131
19,-30.0,-16.722833922115292,65.0165133257761
19,-30.0,-16.722662380765765,65.01651314052224
19,-30.0,-16.722490839416235,65.0165306561498
19,-30.0,-16.722319298066708,65.01654284404039
19,-30.0,-16.72214775671718,65.01654284404039
19,-30.0,-16.72197621536765,65.01655204066222
19,-30.0,-16.721804674018124,65.01655928539911
19,-30.0,-16.721633132668593,65.01655900971227
19,-30.0,-16.721461591319066,65.01655598916967
19,-30.0,-16.721290049969536,65.01655598916967
19,-30.0,-16.72111850862001,65.01654904973253
19,-30.0,-16.72094696727048,65.01653838125766
19,-30.0,-16.72077542592095,65.01652661677531
19,-30.0,-16.720603884571418,65.01651701236148
19,-30.0,-16.720557281965945,65.01649460196097
19,-30.0,-16.720432343221894,65.01641633134237
19,-30.0,-16.720260801872367,65.01641183750944
19,-30.0,-16.720089260522833,65.01640608990074
19,-30.0,-16.71991771917331,65.0164026417126
19,-30.0,-16.71974617782378,65.01640872057791
19,-30.0,-16.719574636474253,65.01640785247722
19,-30.0,-16.719403095124722,65.01640785247722
19,-30.0,-16.719231553775195,65.01640770259957
19,-30.0,-16.719060012425665,65.01640808270798
19,-30.0,-16.718888471076138,65.01640721958353
19,-30.0,-16.718716929726607,65.01641915357206
19,-30.0,-16.71854538837708,65.01641915357206
19,-30.0,-16.718373847027554,65.01643234872375
19,-30.0,-16.718202305678023,65.01644486652951
19,-30.0,-16.718030764328496,65.01645341258597
19,-30.0,-16.717859222978966,65.016462405926
19,-30.0,-16.71768768162944,65.016462405926
19,-30.0,-16.71751614027991,65.01647361286679
19,-30.0,-16.71734459893038,65.01649088192295
19,-30.0,-16.717317727489117,65.01649460196097
19,-30.0,-16.71717305758085,65.01651262182263
19,-30.0,-16.717001516231324,65.01653753472606
19,-30.0,-16.716829974881794,65.01653753472606
19,-30.0,-16.716658433532267,65.01655985893754
19,-30.0,-16.71648689218274,65.01659012033161
19,-30.0,-16.71631535083321,65.0166271644109
19,-30.0,-16.716161023233354,65.01666654485584
19,-30.0,-16.716143809483683,65.01666892999742
19,-30.0,-16.715972268134152,65.01666892999742
19,-30.0,-16.715800726784625,65.0166935876378
19,-30.0,-16.71562918543509,65.01671889193719
19,-30.0,-16.715457644085568,65.01674540097025
19,-30.0,-16.715286102736037,65.01677182197318
19,-30.0,-16.71511456138651,65.01677182197318
19,-30.0,-16.71494302003698,65.01679418984529
19,-30.0,-16.714771478687453,65.01682260733334
19,-30.0,-16.714611603443533,65.01683848775069
19,-30.0,-16.714599937337926,65.01683936289751
19,-30.0,-16.714428395988396,65.0168542831798
19,-30.0,-16.71425685463887,65.0168542831798
19,-30.0,-16.71408531328934,65.01688217624539
19,-30.0,-16.71391377193981,65.01690721465461
19,-30.0,-16.71374223059028,65.01693067247665
19,-30.0,-16.713570689240754,65.01695363489937
19,-30.0,-16.713399147891224,65.01691066733247
19,-30.0,-16.713227606541697,65.0169518552529
19,-30.0,-16.713056065192166,65.01699738858876
19,-30.0,-16.71288452384264,65.01694511534468
19,-30.0,-16.712712982493112,65.01696908341856
19,-30.0,-16.712541441143582,65.01696908341856
19,-30.0,-16.712369899794055,65.01700206721132
19,-30.0,-16.71233057566239,65.01701043064554
19,-30.0,-16.712198358444525,65.01703290860311
19,-30.0,-16.712026817094994,65.01706203062471
19,-30.0,-16.71185527574547,65.01709623145868
19,-30.0,-16.71168373439594,65.01709623145868
19,-30.0,-16.71151219304641,65.01712762693468
19,-30.0,-16.711340651696883,65.01715784152692
19,-30.0,-16.711201958056684,65.01718237354041
19,-30.0,-16.711169110347353,65.01718907300899
19,-30.0,-16.710997568997826,65.01722274957052
19,-30.0,-16.7108260276483,65.01722274957052
19,-30.0,-16.710654486298772,65.01725542471318
19,-30.0,-16.71048294494924,65.01728762368494
19,-30.0,-16.71031140359971,65.0173195753337
19,-30.0,-16.710139862250184,65.01735203665956
19,-30.0,-16.709968320900654,65.01735203665956
19,-30.0,-16.70995671529744,65.01735431643526
19,-30.0,-16.709796779551127,65.01739283115386
19,-30.0,-16.709625238201596,65.0174371050712
19,-30.0,-16.70945369685207,65.01748393882721
19,-30.0,-16.709311341928817,65.01752625933011
19,-30.0,-16.70928215550254,65.01753442873328
19,-30.0,-16.709110614153012,65.01753810907901
19,-30.0,-16.708939072803485,65.01761544558788
19,-30.0,-16.70876763391258,65.01769820222496
19,-30.0,-16.708767531453955,65.01769826771455
19,-30.0,-16.708595990104428,65.01781225075608
19,-30.0,-16.708424448754897,65.01783510674366
19,-30.0,-16.70833367135857,65.01787014511983
19,-30.0,-16.70825290740537,65.01792477231163
19,-30.0,-16.70808136605584,65.01803393118298
19,-30.0,-16.708067992559915,65.01804208801468
19,-30.0,-16.707909824706313,65.01814935735008
19,-30.0,-16.70778981186965,65.01821403090953
19,-30.0,-16.707738283356782,65.0182325140177
19,-30.0,-16.707566742007256,65.01824395206496
19,-30.0,-16.707395200657725,65.01834418277927
19,-30.0,-16.707323482401605,65.0183859738044
19,-30.0,-16.707223659308198,65.01844824820823
19,-30.0,-16.70705211795867,65.01855727068086
19,-30.0,-16.70688057660914,65.01855727068086
19,-30.0,-16.706879822086652,65.01855791669925
19,-30.0,-16.706709035259614,65.018721552255
19,-30.0,-16.706700392214696,65.0187298595941
19,-30.0,-16.706541736205388,65.01890180248897
19,-30.0,-16.706537493910083,65.01890613208128
19,-30.0,-16.70638016403964,65.01907374538382
19,-30.0,-16.706365952560557,65.01910073573559
19,-30.0,-16.706194411211026,65.01910073573559
19,-30.0,-16.7060228698615,65.01924520426503
19,-30.0,-16.706022352676754,65.01924568827867
19,-30.0,-16.70592230945135,65.01941763117354
19,-30.0,-16.70585132851197,65.01947621478337
19,-30.0,-16.70571292387029,65.01958957406839
19,-30.0,-16.705679787162442,65.01961691197126
19,-30.0,-16.70550824581291,65.01961691197126
19,-30.0,-16.705338755566068,65.01976151696324
19,-30.0,-16.705336704463384,65.01976313295023
19,-30.0,-16.705165163113858,65.01990671849337
19,-30.0,-16.705134700381308,65.01993345985811
19,-30.0,-16.704993621764327,65.02004526721473
19,-30.0,-16.7048220804148,65.02007115641933
19,-30.0,-16.704751190920334,65.02010540275296
19,-30.0,-16.70465053906527,65.02018301144156
19,-30.0,-16.704537987282915,65.02027734564781
19,-30.0,-16.704478997715743,65.02032271051688
19,-30.0,-16.704328414310023,65.02044928854268
19,-30.0,-16.704307456366212,65.02046513478908
19,-30.0,-16.704135915016685,65.02059805201307
19,-30.0,-16.703964373667155,65.02059805201307
19,-30.0,-16.703933695858932,65.02062123143753
19,-30.0,-16.703792832317628,65.02070504459327
19,-30.0,-16.703650188228455,65.02079317433238
19,-30.0,-16.703621290968098,65.02080785214159
19,-30.0,-16.70344974961857,65.02089667014262
19,-30.0,-16.703278208269044,65.02089667014262
19,-30.0,-16.703156087654005,65.02096511722725
19,-30.0,-16.703106666919513,65.02098794532174
19,-30.0,-16.702935125569986,65.02107318172405
19,-30.0,-16.70282356316716,65.0211370601221
19,-30.0,-16.702763584220456,65.02116538381628
19,-30.0,-16.702592042870926,65.02120726115662
19,-30.0,-16.7024205015214,65.02125047869544
19,-30.0,-16.702309580648777,65.02130900301695
19,-30.0,-16.70224896017187,65.02133601166716
19,-30.0,-16.70207741882234,65.02141506015772
19,-30.0,-16.701944797586798,65.02148094591182
19,-30.0,-16.701905877472814,65.02149803320901
19,-30.0,-16.701734336123284,65.02149803320901
19,-30.0,-16.701562794773757,65.02157294760318
19,-30.0,-16.70139134022567,65.02165288880667
19,-30.0,-16.70139125342423,65.02165292255157
19,-30.0,-16.7012197120747,65.02171841555149
19,-30.0,-16.701048170725173,65.02179163300596
19,-30.0,-16.700876629375642,65.02179163300596
19,-30.0,-16.700804461729433,65.02182483170152
19,-30.0,-16.70070508802612,65.02186840255544
19,-30.0,-16.700533546676585,65.02195883284519
19,-30.0,-16.700467222985605,65.02199677459639
19,-30.0,-16.700362005327058,65.02205333220937
19,-30.0,-16.700190463977528,65.02209011588712
19,-30.0,-16.700018922628,65.02214950575326
19,-30.0,-16.69998576677173,65.02216871749124
19,-30.0,-16.69984738127847,65.02223791538601
19,-30.0,-16.699690494215083,65.02234066038609
19,-30.0,-16.699675839928943,65.02235029414943
19,-30.0,-16.699504298579416,65.02247690399082
19,-30.0,-16.699332757229886,65.02247690399082
19,-30.0,-16.6992888400799,65.02251260328096
19,-30.0,-16.69916121588036,65.02262575632862
19,-30.0,-16.699097471466185,65.02268454617581
19,-30.0,-16.69898967453083,65.02278846501235
19,-30.0,-16.698924062436102,65.02285648907066
19,-30.0,-16.6988181331813,65.02299219143971
19,-30.0,-16.69864659183177,65.02299219143971
19,-30.0,-16.698620662002515,65.02302843196553
19,-30.0,-16.698517885947684,65.02320037486038
19,-30.0,-16.698475050482244,65.0232807699348
19,-30.0,-16.69842802435092,65.02337231775523
19,-30.0,-16.69834263454001,65.0235442606501
19,-30.0,-16.698303509132714,65.02370745697972
19,-30.0,-16.69830139510814,65.02371620354495
19,-30.0,-16.698131967783187,65.02383647936327
19,-30.0,-16.69805549821206,65.0238881464398
19,-30.0,-16.69799587329188,65.02406008933467
19,-30.0,-16.697966587593363,65.02423203222952
19,-30.0,-16.69796436856706,65.02440397512437
19,-30.0,-16.697988614727915,65.02457591801924
19,-30.0,-16.69805722709238,65.02474786091409
19,-30.0,-16.698131967783187,65.02486621331089
19,-30.0,-16.69816472768951,65.02491980380894
19,-30.0,-16.698303509132714,65.02508422391043
19,-30.0,-16.698309553458795,65.02509174670381
19,-30.0,-16.698475050482244,65.02525630596739
19,-30.0,-16.698481805018826,65.02526368959866
19,-30.0,-16.69858027436894,65.02543563249351
19,-30.0,-16.69864659183177,65.02551426736585
19,-30.0,-16.6988181331813,65.02551426736585
19,-30.0,-16.69897281199374,65.02560757538838
19,-30.0,-16.69898967453083,65.02561564394185
19,-30.0,-16.69916121588036,65.02569518329257
19,-30.0,-16.69933046166438,65.02577951828323
19,-30.0,-16.699332757229886,65.0257818143707
19,-30.0,-16.699504298579416,65.02591480656311
19,-30.0,-16.699561383409776,65.02595146117808
19,-30.0,-16.699675839928943,65.02606081557576
19,-30.0,-16.69974201254165,65.02612340407295
19,-30.0,-16.69984738127847,65.02622354065964
19,-30.0,-16.700018922628,65.02622354065964
19,-30.0,-16.700105258592963,65.0262953469678
19,-30.0,-16.700190463977528,65.02636195132509
19,-30.0,-16.700349580736816,65.02646728986265
19,-30.0,-16.700362005327058,65.0264797262541
19,-30.0,-16.700480389826286,65.02663923275752
19,-30.0,-16.700470383780797,65.02681117565237
19,-30.0,-16.700362005327058,65.02696464674483
19,-30.0,-16.700190463977528,65.0269740441535
19,-30.0,-16.700178587870244,65.02698311854722
19,-30.0,-16.700018922628,65.02712731903118
19,-30.0,-16.69999047792395,65.02715506144209
19,-30.0,-16.69984738127847,65.02731498982504
19,-30.0,-16.699837020797723,65.02732700433694
19,-30.0,-16.69973459423732,65.02749894723179
19,-30.0,-16.699675839928943,65.02760069662988
19,-30.0,-16.699504298579416,65.02764307597457
19,-30.0,-16.69946101898474,65.02767089012666
19,-30.0,-16.69936332149907,65.02784283302151
19,-30.0,-16.699332757229886,65.02791091304006
19,-30.0,-16.699285654371202,65.02801477591636
19,-30.0,-16.699229487790937,65.02818671881124
19,-30.0,-16.699180470818952,65.02835866170608
19,-30.0,-16.69916121588036,65.02842534339408
19,-30.0,-16.699127541394514,65.02853060460093
19,-30.0,-16.69898967453083,65.02864260919398
19,-30.0,-16.69891193927667,65.0287025474958
19,-30.0,-16.698897441801563,65.02887449039065
19,-30.0,-16.698927974231616,65.0290464332855
19,-30.0,-16.69895666370148,65.02921837618037
19,-30.0,-16.69898967453083,65.02928418336242
19,-30.0,-16.69905596996361,65.02939031907522
19,-30.0,-16.69916121588036,65.02956071293498
19,-30.0,-16.699162218867052,65.02956226197007
19,-30.0,-16.699264188776652,65.02973420486494
19,-30.0,-16.699332757229886,65.0298211528817
19,-30.0,-16.699504298579416,65.0298211528817
19,-30.0,-16.699577554700966,65.02990614775979
19,-30.0,-16.699675839928943,65.02998892073603
19,-30.0,-16.699781392501638,65.03007809065464
19,-30.0,-16.69984738127847,65.03011964085775
19,-30.0,-16.700018922628,65.03021722810836
19,-30.0,-16.700075491059245,65.0302500335495
19,-30.0,-16.700190463977528,65.030301266801
19,-30.0,-16.700362005327058,65.0303792390574
19,-30.0,-16.700445007490778,65.03042197644436
19,-30.0,-16.700533546676585,65.0305071080416
19,-30.0,-16.700705088026115,65.0305071080416
19,-30.0,-16.700789751178363,65.03059391933921
19,-30.0,-16.700876629375642,65.03063922552874
19,-30.0,-16.701048170725173,65.03073419369397
19,-30.0,-16.70109935267267,65.03076586223408
19,-30.0,-16.7012197120747,65.03084017287549
19,-30.0,-16.701370029786947,65.03093780512893
19,-30.0,-16.70139125342423,65.03095189251617
19,-30.0,-16.701562794773757,65.03107794055796
19,-30.0,-16.701734336123284,65.03107794055796
19,-30.0,-16.701773698661185,65.03110974802378
19,-30.0,-16.70190587747281,65.03121690403674
19,-30.0,-16.70198536530752,65.03128169091865
19,-30.0,-16.70207741882234,65.03136008429955
19,-30.0,-16.702187912143142,65.0314536338135
19,-30.0,-16.70224896017187,65.03151024645197
19,-30.0,-16.70236773748418,65.03162557670835
19,-30.0,-16.7024205015214,65.03174337184075
19,-30.0,-16.702445210813227,65.03179751960322
19,-30.0,-16.70259204287093,65.03194504856012
19,-30.0,-16.702617390643667,65.03196946249807
19,-30.0,-16.702763584220456,65.03208531836
19,-30.0,-16.702935125569986,65.03208531836
19,-30.0,-16.70301699232176,65.03214140539292
19,-30.0,-16.703106666919513,65.03220510706916
19,-30.0,-16.703278208269044,65.0323033559551
19,-30.0,-16.703302509501018,65.03231334828779
19,-30.0,-16.70344974961857,65.03240687122215
19,-30.0,-16.70359127596948,65.03248529118264
19,-30.0,-16.703621290968098,65.03252182216059
19,-30.0,-16.7037521542455,65.03265723407749
19,-30.0,-16.703792832317628,65.03271682812789
19,-30.0,-16.70387753615893,65.03282917697236
19,-30.0,-16.703964373667155,65.0329475275187
19,-30.0,-16.704135915016685,65.0329475275187
19,-30.0,-16.704168369700806,65.03300111986721
19,-30.0,-16.704135915016685,65.03304192011669
19,-30.0,-16.70404570254167,65.03317306276206
19,-30.0,-16.704122640695164,65.03334500565693
19,-30.0,-16.704135915016685,65.03337073267296
19,-30.0,-16.70420422184038,65.03351694855178
19,-30.0,-16.704307456366212,65.0336656622668
19,-30.0,-16.704478997715743,65.0336656622668
19,-30.0,-16.70449523996103,65.03368889144663
19,-30.0,-16.70463901195605,65.0338608343415
19,-30.0,-16.70465053906527,65.03387565634108
19,-30.0,-16.704765561336437,65.03403277723635
19,-30.0,-16.7048220804148,65.03412766283935
19,-30.0,-16.7048725888473,65.0342047201312
19,-30.0,-16.704993621764327,65.03433433157011
19,-30.0,-16.705034773349833,65.03437666302607
19,-30.0,-16.705165163113858,65.03446002940322
19,-30.0,-16.70526708556343,65.03454860592092
19,-30.0,-16.705336704463384,65.0346439851224
19,-30.0,-16.705389544463273,65.03472054881577
19,-30.0,-16.70550824581291,65.03481208105359
19,-30.0,-16.70561250257279,65.03489249171064
19,-30.0,-16.705679787162442,65.0349590057144
19,-30.0,-16.70585132851197,65.0349590057144
19,-30.0,-16.705982992124856,65.03506443460549
19,-30.0,-16.7060228698615,65.0351072269812
19,-30.0,-16.706149847192272,65.03523637750034
19,-30.0,-16.706194411211026,65.03528489544101
19,-30.0,-16.706320379781026,65.0354083203952
19,-30.0,-16.706365952560557,65.03545744493493
19,-30.0,-16.70647051035899,65.03558026329006
19,-30.0,-16.706537493910083,65.03564831455171
19,-30.0,-16.706645117605756,65.03575220618491
19,-30.0,-16.706709035259614,65.03580661727594
19,-30.0,-16.7068359900567,65.03592414907978
19,-30.0,-16.70688057660914,65.03601034927854
19,-30.0,-16.70705211795867,65.03605325537625
19,-30.0,-16.707092812093762,65.03609609197463
19,-30.0,-16.707223659308198,65.03623149255162
19,-30.0,-16.70725971180981,65.03626803486948
19,-30.0,-16.707395200657725,65.03641349152339
19,-30.0,-16.70742196568347,65.03643997776435
19,-30.0,-16.707566742007256,65.03659859837846
19,-30.0,-16.7075805267581,65.0366119206592
19,-30.0,-16.707738283356782,65.03675591858483
19,-30.0,-16.70777054809954,65.03678386355405
19,-30.0,-16.707909824706313,65.03692647239691
19,-30.0,-16.707938647601377,65.03695580644892
19,-30.0,-16.70808136605584,65.03711416069967
19,-30.0,-16.708094255030844,65.03712774934377
19,-30.0,-16.70825290740537,65.03726064086469
19,-30.0,-16.708424448754897,65.03726064086469
19,-30.0,-16.708470211080776,65.03729969223862
19,-30.0,-16.7085856137201,65.03747163513349
19,-30.0,-16.708595990104428,65.03747972326444
19,-30.0,-16.708767531453955,65.03762981826297
19,-30.0,-16.708781458983612,65.03764357802834
19,-30.0,-16.708921278230083,65.03781552092319
19,-30.0,-16.708939072803485,65.03783743127295
19,-30.0,-16.70906517651918,65.03798746381806
19,-30.0,-16.709110614153012,65.03803212972124
19,-30.0,-16.709257107490885,65.03815940671291
19,-30.0,-16.70928215550254,65.03817579435223
19,-30.0,-16.70945369685207,65.03827785899195
19,-30.0,-16.709625238201596,65.03827785899195
19,-30.0,-16.70972620033101,65.03833134960776
19,-30.0,-16.709796779551127,65.03836416598959
19,-30.0,-16.709968320900654,65.03843724909868
19,-30.0,-16.710138053300767,65.03850329250263
19,-30.0,-16.710139862250184,65.03850393962838
19,-30.0,-16.71031140359971,65.0386040039368
19,-30.0,-16.71046439204195,65.03867523539748
19,-30.0,-16.71048294494924,65.03867963708014
19,-30.0,-16.71065448629877,65.03867963708014
19,-30.0,-16.7108260276483,65.03870946874696
19,-30.0,-16.710997568997826,65.03873449684319
19,-30.0,-16.711169110347353,65.03876334688998
19,-30.0,-16.711340651696883,65.03879862868037
19,-30.0,-16.71149766044226,65.03884717829233
19,-30.0,-16.71151219304641,65.03885366638549
19,-30.0,-16.71168373439594,65.03885366638549
19,-30.0,-16.711855275745464,65.0389494457045
19,-30.0,-16.711957320423885,65.0390191211872
19,-30.0,-16.712026817094998,65.03907955792832
19,-30.0,-16.712158374022508,65.03919106408205
19,-30.0,-16.712198358444525,65.03921450091903
19,-30.0,-16.712369899794055,65.03930239798768
19,-30.0,-16.71250789237478,65.0393630069769
19,-30.0,-16.712541441143582,65.03937534184534
19,-30.0,-16.712712982493112,65.03937534184534
19,-30.0,-16.71288452384264,65.03943273325079
19,-30.0,-16.713056065192166,65.03948706189135
19,-30.0,-16.713211747397054,65.03953494987176
19,-30.0,-16.713227606541697,65.03954538251561
19,-30.0,-16.713399147891224,65.03968813728012
19,-30.0,-16.713447609345792,65.03970689276662
19,-30.0,-16.713570689240754,65.03975999832929
19,-30.0,-16.71374223059028,65.03975999832929
19,-30.0,-16.71391377193981,65.0398343393341
19,-30.0,-16.714020721373497,65.03987883566147
19,-30.0,-16.71408531328934,65.0399032470954
19,-30.0,-16.71425685463887,65.03996461775465
19,-30.0,-16.714428395988396,65.04002919912944
19,-30.0,-16.714476874008547,65.04005077855633
19,-30.0,-16.714599937337926,65.0401082778232
19,-30.0,-16.714771478687453,65.0401082778232
19,-30.0,-16.71494302003698,65.04019080040885
19,-30.0,-16.71500346288312,65.04022272145119
19,-30.0,-16.71511456138651,65.04027792564165
19,-30.0,-16.715286102736037,65.0403413474688
19,-30.0,-16.715457644085568,65.04038240778823
19,-30.0,-16.71556820766136,65.04039466434604
19,-30.0,-16.715629185435095,65.04040197925524
19,-30.0,-16.715800726784625,65.04040197925524
19,-30.0,-16.715972268134152,65.04041806178404
19,-30.0,-16.716143809483683,65.0405103345999
19,-30.0,-16.716220273755184,65.0405666072409
19,-30.0,-16.71631535083321,65.0406118286
19,-30.0,-16.71648689218274,65.04072362339396
19,-30.0,-16.716658433532267,65.04072362339396
19,-30.0,-16.71667920544139,65.04073855013576
19,-30.0,-16.716829974881794,65.04083110183592
19,-30.0,-16.71699558999665,65.04091049303061
19,-30.0,-16.717001516231324,65.0409134346317
19,-30.0,-16.71717305758085,65.04098076696917
19,-30.0,-16.71734459893038,65.0410421381323
19,-30.0,-16.717455789627127,65.04108243592547
19,-30.0,-16.71751614027991,65.04111108911371
19,-30.0,-16.71768768162944,65.04113445093411
19,-30.0,-16.717859222978966,65.04118352782982
19,-30.0,-16.718030764328496,65.04125289551179
19,-30.0,-16.718035999351024,65.04125437882033
19,-30.0,-16.718202305678023,65.04129711573037
19,-30.0,-16.718373847027554,65.04132526202551
19,-30.0,-16.71854538837708,65.04133464664287
19,-30.0,-16.718716929726607,65.04133464664287
19,-30.0,-16.718888471076138,65.0413223366607
19,-30.0,-16.719060012425665,65.0412932010127
19,-30.0,-16.719231553775195,65.04126049941912
19,-30.0,-16.719258336661646,65.04125437882033
19,-30.0,-16.719403095124722,65.04123988212403
19,-30.0,-16.719574636474253,65.04123988212403
19,-30.0,-16.719602267595043,65.04125437882033
19,-30.0,-16.71974617782378,65.04132860638948
19,-30.0,-16.71991771917331,65.0413457096109
19,-30.0,-16.720089260522837,65.04137756935383
19,-30.0,-16.720260801872367,65.04141572751526
19,-30.0,-16.720432343221894,65.04141572751526
19,-30.0,-16.72049415595891,65.04142632171518
19,-30.0,-16.72060388457142,65.0414491488874
19,-30.0,-16.72077542592095,65.04146788655355
19,-30.0,-16.72094696727048,65.04147334901853
19,-30.0,-16.72111850862001,65.04147771548698
19,-30.0,-16.721290049969536,65.04149523989463
19,-30.0,-16.721461591319066,65.04149523989463
19,-30.0,-16.721633132668593,65.04153528482088
19,-30.0,-16.72179778888489,65.04159826461004
19,-30.0,-16.721804674018124,65.04160299178706
19,-30.0,-16.72197621536765,65.04174680052049
19,-30.0,-16.72200466223745,65.0417702075049
19,-30.0,-16.72214775671718,65.04185235440798
19,-30.0,-16.722319298066708,65.04189374732076
19,-30.0,-16.722490839416235,65.04189374732076
19,-30.0,-16.722662380765765,65.04189444042812
19,-30.0,-16.722833922115292,65.04188538506662
19,-30.0,-16.723005463464823,65.04187694101233
19,-30.0,-16.72317700481435,65.04190285219181
19,-30.0,-16.72334854616388,65.04190285219181
19,-30.0,-16.72339836781027,65.04194215039975
19,-30.0,-16.723520087513407,65.04204977334058
19,-30.0,-16.723668207234873,65.0421140932946
19,-30.0,-16.723691628862937,65.04212565719129
19,-30.0,-16.723863170212464,65.04220839965265
19,-30.0,-16.724034711561995,65.04227605601363
19,-30.0,-16.724080658300185,65.04228603618947
19,-30.0,-16.72420625291152,65.04230906316079
19,-30.0,-16.72437779426105,65.04230906316079
19,-30.0,-16.72454933561058,65.04233733944525
19,-30.0,-16.724720876960106,65.04239466234289
19,-30.0,-16.724858476506498,65.04245797908432
19,-30.0,-16.724892418309636,65.04248253559138
19,-30.0,-16.725035366883137,65.04262992197917
19,-30.0,-16.725063959659163,65.04264989519773
19,-30.0,-16.725235501008694,65.04279168079228
19,-30.0,-16.72540704235822,65.04279168079228
19,-30.0,-16.725416903729055,65.04280186487404
19,-30.0,-16.72557858370775,65.04291758663217
19,-30.0,-16.725632606627816,65.04297380776889
19,-30.0,-16.725749838692217,65.04314575066374
19,-30.0,-16.725750125057278,65.04314588317462
19,-30.0,-16.72592166640681,65.04321405451336
19,-30.0,-16.726093207756335,65.04328319129269
19,-30.0,-16.72618000215434,65.0433176935586
19,-30.0,-16.726264749105862,65.04334271605407
19,-30.0,-16.726436290455393,65.04335394107986
19,-30.0,-16.72660783180492,65.04339369620999
19,-30.0,-16.72677937315445,65.04345926491594
19,-30.0,-16.726842871721647,65.04348963645346
19,-30.0,-16.726950914503977,65.04356234013056
19,-30.0,-16.727091397288778,65.04366157934831
19,-30.0,-16.727122455853507,65.04369128356605
19,-30.0,-16.727293997203034,65.04382725597699
19,-30.0,-16.727303780588915,65.04383352224318
19,-30.0,-16.727465538552565,65.04397300526672
19,-30.0,-16.72763707990209,65.04397300526672
19,-30.0,-16.727685203274664,65.04400546513803
19,-30.0,-16.727808621251622,65.04416965350602
19,-30.0,-16.727814597318385,65.04417740803288
19,-30.0,-16.727838507930656,65.04434935092775
19,-30.0,-16.727946293488873,65.0445212938226
19,-30.0,-16.72798016260115,65.04454809831317
19,-30.0,-16.728151703950676,65.04468753199674
19,-30.0,-16.728158606917066,65.04469323671745
19,-30.0,-16.728323245300206,65.04485241253396
19,-30.0,-16.72833990483446,65.04486517961232
19,-30.0,-16.728490619795153,65.04503712250717
19,-30.0,-16.728494786649733,65.04503966080323
19,-30.0,-16.728666327999264,65.04514980087856
19,-30.0,-16.72877142793704,65.04520906540202
19,-30.0,-16.72883786934879,65.04522729735187
19,-30.0,-16.72900941069832,65.04522729735187
19,-30.0,-16.729180952047848,65.04527419517171
19,-30.0,-16.72935249339738,65.04531985766553
19,-30.0,-16.729524034746905,65.04536045553921
19,-30.0,-16.729605712189993,65.04538100829689
19,-30.0,-16.729695576096432,65.04539758451732
19,-30.0,-16.729867117445963,65.04541380812697
19,-30.0,-16.73003865879549,65.04547209630132
19,-30.0,-16.73021020014502,65.04553214887424
19,-30.0,-16.730262806158876,65.04555295119174
19,-30.0,-16.730381741494547,65.04557597753174
19,-30.0,-16.730553282844078,65.04560808793343
19,-30.0,-16.730724824193604,65.04563777470582
19,-30.0,-16.730896365543135,65.04563777470582
19,-30.0,-16.73106790689266,65.04566568931264
19,-30.0,-16.731239448242192,65.04568473402222
19,-30.0,-16.73141098959172,65.04569342755971
19,-30.0,-16.731582530941246,65.04569158259328
19,-30.0,-16.731754072290776,65.04569158259328
19,-30.0,-16.731925613640303,65.04568760937725
19,-30.0,-16.732097154989834,65.0456881120095
19,-30.0,-16.73226869633936,65.0456835313299
19,-30.0,-16.73244023768889,65.04568493558135
19,-30.0,-16.732611779038418,65.04568493558135
19,-30.0,-16.73278332038795,65.04568944802908
19,-30.0,-16.732954861737475,65.04569113372762
19,-30.0,-16.733126403087006,65.04570031696278
19,-30.0,-16.733297944436533,65.0457108850185
19,-30.0,-16.73346948578606,65.0457108850185
19,-30.0,-16.73364102713559,65.0457158530219
19,-30.0,-16.733812568485117,65.04571440679723
19,-30.0,-16.733984109834648,65.0457059069378
19,-30.0,-16.734155651184174,65.04568979491877
19,-30.0,-16.734327192533705,65.04567362565214
19,-30.0,-16.73449873388323,65.04566838389198
19,-30.0,-16.734670275232762,65.04565260018637
19,-30.0,-16.73484181658229,65.04563103256922
19,-30.0,-16.73501335793182,65.04561421817905
19,-30.0,-16.735184899281347,65.04565551010042
19,-30.0,-16.735356440630873,65.04564723008568
19,-30.0,-16.735527981980404,65.04563664628989
19,-30.0,-16.73569952332993,65.04563355927328
19,-30.0,-16.73587106467946,65.04568065987935
19,-30.0,-16.736042606028988,65.04568245521553
19,-30.0,-16.73621414737852,65.04568245521553
19,-30.0,-16.736385688728046,65.04568483738653
19,-30.0,-16.736557230077576,65.04568339895742
19,-30.0,-16.736728771427103,65.04568284280865
19,-30.0,-16.736900312776633,65.04568240520095
19,-30.0,-16.73707185412616,65.04568240520095
19,-30.0,-16.737243395475687,65.04568081047029
19,-30.0,-16.737414936825218,65.04567999437572
19,-30.0,-16.737586478174745,65.04567532703375
19,-30.0,-16.73775801952427,65.04566851487832
19,-30.0,-16.737929560873802,65.04566851487832
19,-30.0,-16.738101102223332,65.04566718715161
19,-30.0,-16.738272643572863,65.04565875210957
19,-30.0,-16.738444184922386,65.04564715428347
19,-30.0,-16.738615726271917,65.0456321979636
19,-30.0,-16.738787267621447,65.0456321979636
19,-30.0,-16.738958808970974,65.04561393637258
19,-30.0,-16.7391303503205,65.04559822029374
19,-30.0,-16.73930189167003,65.04557982935272
19,-30.0,-16.73947343301956,65.04556532180636
19,-30.0,-16.73964497436909,65.04556480075257
19,-30.0,-16.739816515718616,65.04555754901389
19,-30.0,-16.73996905216501,65.04555295119174
19,-30.0,-16.739988057068146,65.04555240515484
19,-30.0,-16.740010849738766,65.04555295119174
19,-30.0,-16.740159598417673,65.04555671690333
19,-30.0,-16.740331139767203,65.04555940365209
19,-30.0,-16.74050268111673,65.04555907924124
19,-30.0,-16.740668635216934,65.04555295119174
19,-30.0,-16.74067422246626,65.04555274478336
19,-30.0,-16.740845763815788,65.04554425525684
19,-30.0,-16.741017305165315,65.04553189385175
19,-30.0,-16.741188846514845,65.0455210765445
19,-30.0,-16.741360387864372,65.0455144323918
19,-30.0,-16.741531929213902,65.04551206333252
19,-30.0,-16.74170347056343,65.04550212844424
19,-30.0,-16.741821573458495,65.04555295119174
19,-30.0,-16.74187501191296,65.04557934538619
19,-30.0,-16.742046553262487,65.0455647257114
19,-30.0,-16.742218094612017,65.04555420248701
19,-30.0,-16.742389635961544,65.04555420248701
19,-30.0,-16.742407781694087,65.04555295119174
19,-30.0,-16.742561177311075,65.04554409310026
19,-30.0,-16.7427327186606,65.04554008076477
19,-30.0,-16.74290426001013,65.04553905341774
19,-30.0,-16.74307580135966,65.04554012093584
19,-30.0,-16.743247342709186,65.04554012093584
19,-30.0,-16.743418884058716,65.04554428273615
19,-30.0,-16.743590425408243,65.04554733345256
19,-30.0,-16.743761966757774,65.04554571668707
19,-30.0,-16.7439335081073,65.04553820161682
19,-30.0,-16.74410504945683,65.04553820161682
19,-30.0,-16.744276590806358,65.04553016482838
19,-30.0,-16.74444813215589,65.04552260307696
19,-30.0,-16.744619673505415,65.04551834494558
19,-30.0,-16.744791214854942,65.04552306242144
19,-30.0,-16.744962756204472,65.04552306242144
19,-30.0,-16.745134297554,65.04552708542981
19,-30.0,-16.74530583890353,65.04552963039495
19,-30.0,-16.745477380253057,65.04553259244486
19,-30.0,-16.745648921602587,65.04553417234543
19,-30.0,-16.745820462952114,65.04553417234543
19,-30.0,-16.745992004301645,65.04553938158737
19,-30.0,-16.74616354565117,65.04555158646679
19,-30.0,-16.746178120516852,65.04555295119174
19,-30.0,-16.746335087000702,65.04556848621863
19,-30.0,-16.74650662835023,65.04558614227219
19,-30.0,-16.746678169699756,65.04560282823408
19,-30.0,-16.746849711049286,65.04560282823408
19,-30.0,-16.747021252398813,65.04561112372384
19,-30.0,-16.747192793748344,65.04561053503852
19,-30.0,-16.74736433509787,65.04566660136165
19,-30.0,-16.7475358764474,65.04564123548357
19,-30.0,-16.747707417796928,65.04564123548357
19,-30.0,-16.74787895914646,65.04567323832785
19,-30.0,-16.748050500495985,65.04565297698937
19,-30.0,-16.748222041845516,65.04563211904707
19,-30.0,-16.748393583195043,65.04561000504259
19,-30.0,-16.74856512454457,65.04561000504259
19,-30.0,-16.7487366658941,65.04558072705132
19,-30.0,-16.748908207243627,65.04555584108991
20,-30.0,-16.738958808970974,65.02286364815582
20,-30.0,-16.738787267621447,65.02286621750773
20,-30.0,-16.738615726271917,65.02286621750773
20,-30.0,-16.738493561013538,65.02285648907066
20,-30.0,-16.73844418492239,65.02285117317885
20,-30.0,-16.73827264357286,65.02281298454477
20,-30.0,-16.738101102223332,65.02276043987025
20,-30.0,-16.737929560873802,65.02270218292158
20,-30.0,-16.73788413860153,65.02268454617581
20,-30.0,-16.737758019524275,65.02262736504133
20,-30.0,-16.737586478174745,65.02262736504133
20,-30.0,-16.737414936825218,65.0225491329521
20,-30.0,-16.737336507933755,65.02251260328096
20,-30.0,-16.737243395475687,65.02241710703194
20,-30.0,-16.73716686135961,65.02234066038609
20,-30.0,-16.73707185412616,65.02228451909735
20,-30.0,-16.736900312776633,65.02219221798224
20,-30.0,-16.73685319841728,65.02216871749124
20,-30.0,-16.736728771427103,65.0220863708839
20,-30.0,-16.736557230077576,65.0220863708839
20,-30.0,-16.736411745355337,65.02199677459639
20,-30.0,-16.736385688728046,65.02197958628025
20,-30.0,-16.73621414737852,65.02186337351364
20,-30.0,-16.73616005594887,65.02182483170152
20,-30.0,-16.736042606028988,65.02173784063322
20,-30.0,-16.735937048460237,65.02165288880667
20,-30.0,-16.73587106467946,65.02152385106247
20,-30.0,-16.73585423373034,65.02148094591182
20,-30.0,-16.735859009756417,65.02130900301695
20,-30.0,-16.73587106467946,65.02119833363179
20,-30.0,-16.7358781513629,65.0211370601221
20,-30.0,-16.735884765690276,65.02096511722725
20,-30.0,-16.735871064679465,65.0208751986025
20,-30.0,-16.735858013536024,65.02079317433238
20,-30.0,-16.735798102948976,65.02062123143753
20,-30.0,-16.735783284493298,65.02044928854268
20,-30.0,-16.735796897542144,65.02027734564781
20,-30.0,-16.735853422685114,65.02010540275296
20,-30.0,-16.73587106467946,65.0200968968858
20,-30.0,-16.736042606028988,65.0200968968858
20,-30.0,-16.73621414737852,65.02004824095455
20,-30.0,-16.736385688728046,65.02001607573585
20,-30.0,-16.736557230077576,65.01997663774499
20,-30.0,-16.736706839572054,65.01993345985811
20,-30.0,-16.736728771427103,65.01992867237847
20,-30.0,-16.736900312776633,65.01992705352758
20,-30.0,-16.73707185412616,65.01985000748964
20,-30.0,-16.737243395475687,65.019763335118
20,-30.0,-16.737246730909277,65.01976151696324
20,-30.0,-16.737414936825218,65.0196648343128
20,-30.0,-16.737586478174745,65.01964745157247
20,-30.0,-16.737758019524275,65.01962303545166
20,-30.0,-16.737787263117884,65.01958957406839
20,-30.0,-16.737880946995578,65.01941763117354
20,-30.0,-16.737929560873802,65.01933252123538
20,-30.0,-16.738033635029,65.01924568827867
20,-30.0,-16.738101102223332,65.01918811698911
20,-30.0,-16.73827264357286,65.01914458801359
20,-30.0,-16.73844418492239,65.0191160070914
20,-30.0,-16.738615726271917,65.01907907624604
20,-30.0,-16.738640312545748,65.01907374538382
20,-30.0,-16.738787267621447,65.01902958087538
20,-30.0,-16.738958808970974,65.01898612663959
20,-30.0,-16.7391303503205,65.01897424470299
20,-30.0,-16.73930189167003,65.01894954961413
20,-30.0,-16.73947343301956,65.01892382232117
20,-30.0,-16.73964497436909,65.01891152821348
20,-30.0,-16.739816515718616,65.01891334281673
20,-30.0,-16.739988057068146,65.01891345205448
20,-30.0,-16.740159598417673,65.01892328072691
20,-30.0,-16.740331139767203,65.01894472133549
20,-30.0,-16.74050268111673,65.018975718042
20,-30.0,-16.74067422246626,65.01900917195658
20,-30.0,-16.740845763815788,65.01904247069709
20,-30.0,-16.741017305165315,65.01904247069709
20,-30.0,-16.741188846514845,65.01907345358208
20,-30.0,-16.741190402755006,65.01907374538382
20,-30.0,-16.741360387864372,65.01911542891561
20,-30.0,-16.741531929213902,65.0192311721719
20,-30.0,-16.74155937835776,65.01924568827867
20,-30.0,-16.74170347056343,65.01929237702026
20,-30.0,-16.74187501191296,65.01934298658574
20,-30.0,-16.742046553262487,65.01934298658574
20,-30.0,-16.742218094612017,65.01938898904228
20,-30.0,-16.742333781904033,65.01941763117354
20,-30.0,-16.742389635961544,65.01944448959411
20,-30.0,-16.742561177311075,65.01953826121009
20,-30.0,-16.74266519682983,65.01958957406839
20,-30.0,-16.7427327186606,65.01965392066636
20,-30.0,-16.742833086503488,65.01976151696324
20,-30.0,-16.74290426001013,65.01981690971216
20,-30.0,-16.74307580135966,65.01981690971216
20,-30.0,-16.74318416577208,65.01993345985811
20,-30.0,-16.743247342709186,65.01999761095753
20,-30.0,-16.74332152786772,65.02010540275296
20,-30.0,-16.74339313449573,65.02027734564781
20,-30.0,-16.743418884058716,65.02044043895786
20,-30.0,-16.743420300630127,65.02044928854268
20,-30.0,-16.74343342128535,65.02062123143753
20,-30.0,-16.743439717546895,65.02079317433238
20,-30.0,-16.743424412466457,65.02096511722725
20,-30.0,-16.74341888405872,65.02096883713266
20,-30.0,-16.743247342709186,65.02098316952568
20,-30.0,-16.743204624892655,65.0211370601221
20,-30.0,-16.743122257624798,65.02130900301695
20,-30.0,-16.74307580135966,65.0213657242935
20,-30.0,-16.742970678845477,65.02148094591182
20,-30.0,-16.74290426001013,65.02153884030537
20,-30.0,-16.74277183048936,65.02165288880667
20,-30.0,-16.7427327186606,65.02167056912178
20,-30.0,-16.742561177311075,65.02168902917059
20,-30.0,-16.742422824631177,65.02182483170152
20,-30.0,-16.742389635961544,65.02185210367392
20,-30.0,-16.742218094612017,65.0219835736641
20,-30.0,-16.742199898446056,65.02199677459639
20,-30.0,-16.742046553262487,65.02209801276899
20,-30.0,-16.74187501191296,65.02209801276899
20,-30.0,-16.741771916327988,65.02216871749124
20,-30.0,-16.74170347056343,65.02220307962855
20,-30.0,-16.741531929213902,65.02228067360485
20,-30.0,-16.741382038905844,65.02234066038609
20,-30.0,-16.741360387864372,65.02234758110811
20,-30.0,-16.741188846514845,65.02238504383129
20,-30.0,-16.741017305165315,65.02240093936923
20,-30.0,-16.740845763815788,65.02245746992726
20,-30.0,-16.740688716968762,65.02251260328096
20,-30.0,-16.74067422246626,65.02251717943483
20,-30.0,-16.74050268111673,65.02257091539968
20,-30.0,-16.740331139767203,65.02257091539968
20,-30.0,-16.740159598417673,65.02262126358093
20,-30.0,-16.739988057068146,65.02267280561195
20,-30.0,-16.739950067748858,65.02268454617581
20,-30.0,-16.739816515718616,65.02271984900064
20,-30.0,-16.73964497436909,65.0227657195133
20,-30.0,-16.73947343301956,65.0227657195133
20,-30.0,-16.73930189167003,65.02280724035784
20,-30.0,-16.7391303503205,65.02284192173856
20,-30.0,-16.739022465218195,65.02285648907066
20,-30.0,-16.738958808970974,65.02286364815582
21,-10.0,-16.726264749105862,65.04727873652519
21,-10.0,-16.726339383187295,65.0472723801403
21,-10.0,-16.726436290455393,65.04724223201649
21,-10.0,-16.72660783180492,65.04719576145636
21,-10.0,-16.72677937315445,65.04715177486885
21,-10.0,-16.726950914503977,65.04715177486885
21,-10.0,-16.727116239870348,65.04710043724545
21,-10.0,-16.727122455853507,65.0470906074674
21,-10.0,-16.72720114831971,65.0469284943506
21,-10.0,-16.727122455853507,65.04684467648642
21,-10.0,-16.72702105737246,65.04675655145573
21,-10.0,-16.726950914503977,65.04673450180609
21,-10.0,-16.72677937315445,65.04669331450884
21,-10.0,-16.72660783180492,65.04669331450884
21,-10.0,-16.72649165358463,65.04658460856088
21,-10.0,-16.726436290455393,65.04655152007693
21,-10.0,-16.726264749105862,65.04652960310905
21,-10.0,-16.726093207756335,65.04650959946841
21,-10.0,-16.72592166640681,65.04649417491524
21,-10.0,-16.725750125057278,65.04649248082772
21,-10.0,-16.72557858370775,65.04649421916727
21,-10.0,-16.72540704235822,65.04651798586654
21,-10.0,-16.725235501008694,65.04656122036154
21,-10.0,-16.72517325253757,65.04658460856088
21,-10.0,-16.725063959659163,65.04667260510467
21,-10.0,-16.724892418309636,65.04667260510467
21,-10.0,-16.72478345471353,65.04675655145573
21,-10.0,-16.724732713146516,65.0469284943506
21,-10.0,-16.724883039919515,65.04710043724545
21,-10.0,-16.724892418309636,65.04711027896903
21,-10.0,-16.725063959659163,65.04724526439597
21,-10.0,-16.725235501008694,65.04724526439597
21,-10.0,-16.72530153194276,65.0472723801403
21,-10.0,-16.72540704235822,65.04728495067302
21,-10.0,-16.72557858370775,65.04729477808752
21,-10.0,-16.725750125057278,65.0472958646811
21,-10.0,-16.72592166640681,65.04728946588386
21,-10.0,-16.726093207756335,65.04728696883697
21,-10.0,-16.726264749105862,65.04727873652519
22,-10.0,-16.734155651184174,65.04607812271504
22,-10.0,-16.734312287466874,65.04606877987631
22,-10.0,-16.734327192533705,65.0460663613895
22,-10.0,-16.734498733883235,65.0460663613895
22,-10.0,-16.734670275232762,65.04604525603423
22,-10.0,-16.73484181658229,65.04602605770815
22,-10.0,-16.73501335793182,65.04600960126592
22,-10.0,-16.735184899281347,65.0459970576459
22,-10.0,-16.735356440630873,65.04599222684185
22,-10.0,-16.735527981980404,65.04598951791407
22,-10.0,-16.73569952332993,65.0459816109526
22,-10.0,-16.73587106467946,65.04597632018645
22,-10.0,-16.736042606028988,65.04597117982367
22,-10.0,-16.73621414737852,65.04596514502262
22,-10.0,-16.736385688728046,65.04596131823976
22,-10.0,-16.736557230077576,65.0459480643944
22,-10.0,-16.736728771427103,65.04593831961512
22,-10.0,-16.736900312776633,65.04592799991202
22,-10.0,-16.73707185412616,65.04592535925184
22,-10.0,-16.737243395475687,65.04592341790986
22,-10.0,-16.737414936825218,65.04592224271018
22,-10.0,-16.737586478174745,65.04591783275113
22,-10.0,-16.737758019524275,65.0459156825031
22,-10.0,-16.737929560873802,65.04591149242798
22,-10.0,-16.738101102223332,65.04591149242798
22,-10.0,-16.73827264357286,65.04590849468447
22,-10.0,-16.73844418492239,65.04590293984955
22,-10.0,-16.73855981429407,65.04589683698146
22,-10.0,-16.73861572627192,65.04589280090737
22,-10.0,-16.738787267621447,65.04588006120014
22,-10.0,-16.738958808970974,65.04587818749948
22,-10.0,-16.7391303503205,65.04586261031118
22,-10.0,-16.73930189167003,65.04584921259921
22,-10.0,-16.73947343301956,65.04583935690498
22,-10.0,-16.73964497436909,65.04583962712479
22,-10.0,-16.739816515718616,65.04583962712479
22,-10.0,-16.739988057068146,65.04583675169154
22,-10.0,-16.740159598417673,65.04583691041361
22,-10.0,-16.740331139767203,65.04583437880737
22,-10.0,-16.74050268111673,65.04582604123351
22,-10.0,-16.74063770622208,65.04589683698146
22,-10.0,-16.74067422246626,65.04591304785423
22,-10.0,-16.740845763815788,65.04590395705036
22,-10.0,-16.740954246973345,65.04589683698146
22,-10.0,-16.741017305165315,65.04588613923224
22,-10.0,-16.741188846514845,65.04587983989573
22,-10.0,-16.741360387864372,65.04586902451499
22,-10.0,-16.741531929213902,65.04586902451499
22,-10.0,-16.74170347056343,65.0458601925445
22,-10.0,-16.74187501191296,65.04584842781557
22,-10.0,-16.742046553262487,65.04583695195815
22,-10.0,-16.742218094612017,65.04583153623341
22,-10.0,-16.742389635961544,65.04583153623341
22,-10.0,-16.742561177311075,65.04582548811103
22,-10.0,-16.7427327186606,65.04582539117756
22,-10.0,-16.74290426001013,65.04582728618267
22,-10.0,-16.74307580135966,65.04582462937569
22,-10.0,-16.743247342709186,65.04582165957025
22,-10.0,-16.743418884058716,65.04582362632793
22,-10.0,-16.743590425408243,65.04581874464827
22,-10.0,-16.743761966757774,65.04581610819383
22,-10.0,-16.7439335081073,65.04581271905778
22,-10.0,-16.74410504945683,65.04581004321784
22,-10.0,-16.744276590806358,65.0458080553634
22,-10.0,-16.74444813215589,65.0458077191502
22,-10.0,-16.744619673505415,65.04580331473304
22,-10.0,-16.744791214854942,65.04580026773776
22,-10.0,-16.744962756204472,65.04579823478888
22,-10.0,-16.745134297554,65.04579823478888
22,-10.0,-16.74530583890353,65.04579326859688
22,-10.0,-16.745477380253057,65.04579347960924
22,-10.0,-16.745648921602587,65.04579545130701
22,-10.0,-16.745820462952114,65.04579808039885
22,-10.0,-16.745992004301645,65.04579808039885
22,-10.0,-16.74616354565117,65.04580656443079
22,-10.0,-16.746335087000702,65.04581373973541
22,-10.0,-16.74650662835023,65.0458191367014
22,-10.0,-16.746642674207145,65.04589683698146
22,-10.0,-16.746678169699756,65.04591292581982
22,-10.0,-16.746849711049286,65.04591204659616
22,-10.0,-16.747021252398813,65.04590933389827
22,-10.0,-16.747192793748344,65.045903631165
22,-10.0,-16.74736433509787,65.04589936130535
22,-10.0,-16.7475358764474,65.04589753977062
22,-10.0,-16.747707417796928,65.04589759011147
22,-10.0,-16.74787895914646,65.04589890046164
22,-10.0,-16.748050500495985,65.04590180379914
22,-10.0,-16.748222041845516,65.04590085071115
22,-10.0,-16.748291178092643,65.04589683698146
22,-10.0,-16.748393583195043,65.04588849665812
22,-10.0,-16.74856512454457,65.04587932553487
22,-10.0,-16.7487366658941,65.04587622196169
22,-10.0,-16.748908207243627,65.04585546969368
22,-10.0,-16.749079748593157,65.04583541969656
22,-10.0,-16.749251289942684,65.04583043584381
22,-10.0,-16.749422831292215,65.04582331090731
22,-10.0,-16.74959437264174,65.04582222546615
22,-10.0,-16.749765913991272,65.04581411647099
22,-10.0,-16.7499374553408,65.04580298110483
22,-10.0,-16.75010899669033,65.04578504810394
22,-10.0,-16.750280538039856,65.04576235767796
22,-10.0,-16.750452079389383,65.04576235767796
22,-10.0,-16.750623620738914,65.04573860214465
22,-10.0,-16.750717765778575,65.04572489408659
22,-10.0,-16.75079516208844,65.04570541584278
22,-10.0,-16.75096670343797,65.04567205358435
22,-10.0,-16.751138244787498,65.04565467044353
22,-10.0,-16.75130978613703,65.04564905596752
22,-10.0,-16.751481327486555,65.0456260685542
22,-10.0,-16.751652868836086,65.04560521708294
22,-10.0,-16.751824410185613,65.0455859882545
22,-10.0,-16.751995951535143,65.04556773380281
22,-10.0,-16.75216749288467,65.04556773380281
22,-10.0,-16.752327245578435,65.04555295119174
22,-10.0,-16.752339034234197,65.04555118635703
22,-10.0,-16.752510575583727,65.04552634836686
22,-10.0,-16.752682116933254,65.04550005559322
22,-10.0,-16.752853658282785,65.04548269118845
22,-10.0,-16.75302519963231,65.0454774532929
22,-10.0,-16.753196740981842,65.04545729877734
22,-10.0,-16.75336828233137,65.04543523587931
22,-10.0,-16.7535398236809,65.04541363387794
22,-10.0,-16.753711365030426,65.04538943717672
22,-10.0,-16.753882906379957,65.04539895034505
22,-10.0,-16.753940689716455,65.04538100829689
22,-10.0,-16.754054447729484,65.04535770865644
22,-10.0,-16.75422598907901,65.04532849651842
22,-10.0,-16.75433909838472,65.04538100829689
22,-10.0,-16.75439753042854,65.04539978030522
22,-10.0,-16.754569071778068,65.04538835824016
22,-10.0,-16.7547406131276,65.04538835824016
22,-10.0,-16.754847353055844,65.04538100829689
22,-10.0,-16.754912154477125,65.04537471053773
22,-10.0,-16.755083695826656,65.04535765241849
22,-10.0,-16.755255237176183,65.04534111387368
22,-10.0,-16.755426778525713,65.045326569605
22,-10.0,-16.75559831987524,65.045326569605
22,-10.0,-16.75576986122477,65.04531186599013
22,-10.0,-16.7559414025743,65.04530007292344
22,-10.0,-16.756112943923824,65.04529278206599
22,-10.0,-16.756284485273355,65.04528699960046
22,-10.0,-16.75645602662288,65.04528699960046
22,-10.0,-16.756627567972412,65.04528283575024
22,-10.0,-16.75679910932194,65.04527792605785
22,-10.0,-16.75697065067147,65.04527212693353
22,-10.0,-16.757142192020996,65.04526232333698
22,-10.0,-16.757313733370527,65.04526232333698
22,-10.0,-16.757485274720054,65.04524913467499
22,-10.0,-16.757656816069584,65.0452316674031
22,-10.0,-16.757826243954376,65.04520906540202
22,-10.0,-16.757828357419115,65.0452085626771
22,-10.0,-16.757999898768638,65.04517963993602
22,-10.0,-16.75817144011817,65.04517963993602
22,-10.0,-16.758342981467695,65.04516297642797
22,-10.0,-16.758514522817226,65.04515343182025
22,-10.0,-16.758686064166753,65.04514737826992
22,-10.0,-16.758857605516283,65.04514075872649
22,-10.0,-16.75902914686581,65.04514075872649
22,-10.0,-16.75920068821534,65.04513372379643
22,-10.0,-16.759372229564867,65.0451232806594
22,-10.0,-16.759543770914398,65.04510913574643
22,-10.0,-16.759715312263925,65.045091388424
22,-10.0,-16.75988685361345,65.045091388424
22,-10.0,-16.760058394962982,65.04507170209777
22,-10.0,-16.76022993631251,65.04505170761857
22,-10.0,-16.760355683447777,65.04503712250717
22,-10.0,-16.760401477662036,65.04503136270077
22,-10.0,-16.760573019011566,65.04501111826804
22,-10.0,-16.760744560361097,65.04501111826804
22,-10.0,-16.760916101710627,65.04499105502448
22,-10.0,-16.76108764306015,65.04497163917479
22,-10.0,-16.76125918440968,65.04495330860534
22,-10.0,-16.76143072575921,65.04494062677755
22,-10.0,-16.76160226710874,65.0450219850273
22,-10.0,-16.761773808458265,65.04499413771515
22,-10.0,-16.761945349807796,65.04496400229321
22,-10.0,-16.762116891157323,65.04498114574172
22,-10.0,-16.762288432506853,65.04496199257801
22,-10.0,-16.76245997385638,65.04496199257801
22,-10.0,-16.76263151520591,65.04494344802211
22,-10.0,-16.762803056555438,65.04492616528162
22,-10.0,-16.762974597904968,65.04491039009248
22,-10.0,-16.763146139254495,65.04489723441517
22,-10.0,-16.763317680604025,65.04489364560828
22,-10.0,-16.763489221953552,65.04488557582414
22,-10.0,-16.76366076330308,65.04487603589108
22,-10.0,-16.76383230465261,65.04487175068594
22,-10.0,-16.764003846002137,65.04486695393093
22,-10.0,-16.764175387351667,65.044866926102
22,-10.0,-16.76426847803,65.04486517961232
22,-10.0,-16.764346928701194,65.04486264021939
22,-10.0,-16.76451847005072,65.0448573630001
22,-10.0,-16.76469001140025,65.04484926771113
22,-10.0,-16.76486155274978,65.04482984640592
22,-10.0,-16.76503309409931,65.04481725339792
22,-10.0,-16.76520463544884,65.04481258550538
22,-10.0,-16.765376176798366,65.04479324684213
22,-10.0,-16.765547718147893,65.04477598591833
22,-10.0,-16.765719259497423,65.04476860307918
22,-10.0,-16.76589080084695,65.04476352111323
22,-10.0,-16.76606234219648,65.0447591709337
22,-10.0,-16.766233883546008,65.04475416731279
22,-10.0,-16.766405424895538,65.04475071103819
22,-10.0,-16.766576966245065,65.04474732530636
22,-10.0,-16.766748507594595,65.04474374967594
22,-10.0,-16.766920048944122,65.04474374967594
22,-10.0,-16.767091590293653,65.0447396042683
22,-10.0,-16.76726313164318,65.04473569458324
22,-10.0,-16.767434672992707,65.04473193129974
22,-10.0,-16.767606214342237,65.04472865643822
22,-10.0,-16.767777755691764,65.04472865643822
22,-10.0,-16.767949297041294,65.04472299380251
22,-10.0,-16.76812083839082,65.0447491745274
22,-10.0,-16.768292379740352,65.04472745370798
22,-10.0,-16.768445870762495,65.04469323671745
22,-10.0,-16.76846392108988,65.04468994135146
22,-10.0,-16.768469152318186,65.04469323671745
22,-10.0,-16.76863546243941,65.0447653583575
22,-10.0,-16.768807003788936,65.04474797367159
22,-10.0,-16.768978545138467,65.04472572350761
22,-10.0,-16.769150086487993,65.04470168779636
22,-10.0,-16.769219256150983,65.04469323671745
22,-10.0,-16.76932162783752,65.04466851188614
22,-10.0,-16.76949316918705,65.04466851188614
22,-10.0,-16.769664710536578,65.04461966890769
22,-10.0,-16.769836251886108,65.04458353197577
22,-10.0,-16.770007793235635,65.0445413703738
22,-10.0,-16.770082769316634,65.0445212938226
22,-10.0,-16.770179334585166,65.04448033136096
22,-10.0,-16.770350875934692,65.04448033136096
22,-10.0,-16.770522417284223,65.04441983738221
22,-10.0,-16.77069395863375,65.04436803624466
22,-10.0,-16.770753694198564,65.04434935092775
22,-10.0,-16.77086549998328,65.04429707103971
22,-10.0,-16.771037041332807,65.04425437755701
22,-10.0,-16.771208582682334,65.04422885357924
22,-10.0,-16.77134094412551,65.04417740803288
22,-10.0,-16.771380124031865,65.04415708215788
22,-10.0,-16.77155166538139,65.04407881743953
22,-10.0,-16.771723206730922,65.0440266682185
22,-10.0,-16.77189474808045,65.04402093828821
22,-10.0,-16.77196878555463,65.04400546513803
22,-10.0,-16.77206628942998,65.04396378742749
22,-10.0,-16.772237830779506,65.04389986873015
22,-10.0,-16.772409372129037,65.04383352224318
22,-10.0,-16.772409372129037,65.04383352224318
22,-10.0,-16.772580913478564,65.04374581871143
22,-10.0,-16.772752454828094,65.04374581871143
22,-10.0,-16.77292399617762,65.04367171004799
22,-10.0,-16.772946547750895,65.04366157934831
22,-10.0,-16.773095537527148,65.04358024243703
22,-10.0,-16.773236194747653,65.04348963645346
22,-10.0,-16.77326707887668,65.04348167781446
22,-10.0,-16.773438620226205,65.04348167781446
22,-10.0,-16.773610161575736,65.04344358586096
22,-10.0,-16.773781702925262,65.04339874505885
22,-10.0,-16.773953244274793,65.04334941172087
22,-10.0,-16.774046535458872,65.0433176935586
22,-10.0,-16.77412478562432,65.04330147925747
22,-10.0,-16.77429632697385,65.04330147925747
22,-10.0,-16.774467868323377,65.04327247127054
22,-10.0,-16.774639409672908,65.04323737543498
22,-10.0,-16.774810951022435,65.04320732609632
22,-10.0,-16.77498249237196,65.04317262647483
22,-10.0,-16.775154033721492,65.04317262647483
22,-10.0,-16.775302116598525,65.04314575066374
22,-10.0,-16.77532557507102,65.0431421125773
22,-10.0,-16.77549711642055,65.04311382483193
22,-10.0,-16.775668657770076,65.04306925629818
22,-10.0,-16.775840199119607,65.04301446996794
22,-10.0,-16.776011740469134,65.04301446996794
22,-10.0,-16.7761306955055,65.04297380776889
22,-10.0,-16.776183281818664,65.04295599950017
22,-10.0,-16.77635482316819,65.04289670045549
22,-10.0,-16.77652636451772,65.04282864281312
22,-10.0,-16.776592151455176,65.04280186487404
22,-10.0,-16.77669790586725,65.04277094482512
22,-10.0,-16.776869447216775,65.0427601400427
22,-10.0,-16.777040988566306,65.04269797114752
22,-10.0,-16.777204855226,65.04262992197917
22,-10.0,-16.777212529915833,65.0426268279813
22,-10.0,-16.777384071265363,65.04255137587515
22,-10.0,-16.77755561261489,65.04252424973681
22,-10.0,-16.77772715396442,65.0424796122615
22,-10.0,-16.777774475270377,65.04245797908432
22,-10.0,-16.777898695313947,65.04239162186171
22,-10.0,-16.77805706214977,65.04228603618947
22,-10.0,-16.778070236663478,65.0422777946591
22,-10.0,-16.778241778013005,65.04215748246668
22,-10.0,-16.778413319362535,65.04215748246668
22,-10.0,-16.778477476922774,65.0421140932946
22,-10.0,-16.778584860712062,65.04203966144902
22,-10.0,-16.778740770406564,65.04194215039975
22,-10.0,-16.77875640206159,65.04192869046938
22,-10.0,-16.77892794341112,65.04182358200875
22,-10.0,-16.779099484760646,65.04180504611082
22,-10.0,-16.779235887077192,65.0417702075049
22,-10.0,-16.779271026110177,65.04174853700103
22,-10.0,-16.779442567459704,65.04166469137664
22,-10.0,-16.77960212081731,65.04159826461004
22,-10.0,-16.779614108809234,65.04158961634668
22,-10.0,-16.77978565015876,65.04147506355766
22,-10.0,-16.77995719150829,65.04147506355766
22,-10.0,-16.78003074518209,65.04142632171518
22,-10.0,-16.78012873285782,65.04133483170183
22,-10.0,-16.780212327669016,65.04125437882033
22,-10.0,-16.78030027420735,65.04114527080824
22,-10.0,-16.780370505886587,65.04108243592547
22,-10.0,-16.780471815556876,65.04093341582049
22,-10.0,-16.780643356906403,65.04100745319884
22,-10.0,-16.780749479261075,65.04091049303061
22,-10.0,-16.780814898255933,65.04080052876303
22,-10.0,-16.78087143553394,65.04073855013576
22,-10.0,-16.78098643960546,65.0406991163378
22,-10.0,-16.78115798095499,65.04063076409862
22,-10.0,-16.781329522304517,65.04063426225103
22,-10.0,-16.78146627937701,65.0405666072409
22,-10.0,-16.781501063654048,65.04055391768324
22,-10.0,-16.781672605003575,65.04045745173295
22,-10.0,-16.781772886855396,65.04039466434604
22,-10.0,-16.781844146353105,65.04034252908413
22,-10.0,-16.782015687702632,65.04022768569924
22,-10.0,-16.782187229052163,65.04022768569924
22,-10.0,-16.782196210590246,65.04022272145119
22,-10.0,-16.78235877040169,65.0401137857751
22,-10.0,-16.782415434992327,65.04005077855633
22,-10.0,-16.782530311751216,65.03994800413055
22,-10.0,-16.782600669887984,65.03987883566147
22,-10.0,-16.782701853100747,65.0397982561882
22,-10.0,-16.782873394450274,65.0397982561882
22,-10.0,-16.782968832099158,65.03970689276662
22,-10.0,-16.783044935799804,65.03964308176148
22,-10.0,-16.783153649133165,65.03953494987176
22,-10.0,-16.78321647714933,65.03947433571807
22,-10.0,-16.783313289847833,65.0393630069769
22,-10.0,-16.78338801849886,65.0392772364495
22,-10.0,-16.78355955984839,65.0392772364495
22,-10.0,-16.78365885945086,65.03919106408205
22,-10.0,-16.78373110119792,65.0391124112009
22,-10.0,-16.783834986639192,65.0390191211872
22,-10.0,-16.783902642547446,65.03892306696945
22,-10.0,-16.783948183887226,65.03884717829233
22,-10.0,-16.784048603088728,65.03867523539748
22,-10.0,-16.784074183896976,65.03864878118097
22,-10.0,-16.784245725246503,65.03864878118097
22,-10.0,-16.784387812393557,65.03850329250264
22,-10.0,-16.78441726659603,65.03847746971128
22,-10.0,-16.784559999596112,65.03833134960776
22,-10.0,-16.78458880794556,65.03830257192242
22,-10.0,-16.78472186624174,65.03815940671291
22,-10.0,-16.784760349295087,65.03812660711996
22,-10.0,-16.784931890644618,65.03812660711996
22,-10.0,-16.78510089335957,65.03798746381806
22,-10.0,-16.78510343199414,65.03798556560234
22,-10.0,-16.785274973343675,65.03786574105493
22,-10.0,-16.785350311320602,65.03781552092319
22,-10.0,-16.7854465146932,65.03776568448326
22,-10.0,-16.785618056042733,65.03772740957511
22,-10.0,-16.78578959739226,65.03767545614356
22,-10.0,-16.785836620145016,65.03764357802834
22,-10.0,-16.78596113874179,65.03755270532238
22,-10.0,-16.786060806878837,65.03747163513349
22,-10.0,-16.786132680091317,65.03737412447876
22,-10.0,-16.786219953218698,65.03729969223862
22,-10.0,-16.786304221440844,65.03724585829042
22,-10.0,-16.786475762790374,65.03718512295399
22,-10.0,-16.786544462850912,65.03712774934377
22,-10.0,-16.786647304139898,65.037083869069
22,-10.0,-16.78681884548943,65.03706370869897
22,-10.0,-16.786920529014473,65.03695580644892
22,-10.0,-16.78699038683896,65.03692171019661
22,-10.0,-16.78716192818849,65.03692171019661
22,-10.0,-16.787333469538016,65.03691506981733
22,-10.0,-16.787505010887546,65.03679130860822
22,-10.0,-16.78753152400217,65.03678386355405
22,-10.0,-16.787676552237073,65.03675929013114
22,-10.0,-16.787786035648157,65.03678386355405
22,-10.0,-16.787848093586604,65.03679484229293
22,-10.0,-16.78801963493613,65.03679484229293
22,-10.0,-16.78807182580686,65.03678386355405
22,-10.0,-16.788191176285657,65.03672612291051
22,-10.0,-16.788362717635188,65.03668821441707
22,-10.0,-16.788534258984715,65.0366120369783
22,-10.0,-16.788534465730784,65.0366119206592
22,-10.0,-16.788682078700102,65.03643997776435
22,-10.0,-16.788705800334245,65.03642816501774
22,-10.0,-16.78873367017303,65.03643997776435
22,-10.0,-16.788877341683772,65.03651216113371
22,-10.0,-16.789003870731737,65.03643997776435
22,-10.0,-16.789048883033303,65.03637109469206
22,-10.0,-16.78910709954591,65.03626803486948
22,-10.0,-16.78922042438283,65.03616115033242
22,-10.0,-16.789288948146655,65.03609609197463
22,-10.0,-16.78939196573236,65.03601932423057
22,-10.0,-16.789563507081887,65.03601932423057
22,-10.0,-16.789705860388853,65.03592414907978
22,-10.0,-16.789735048431417,65.03590956314193
22,-10.0,-16.789906589780944,65.0358307628867
22,-10.0,-16.79007813113047,65.03575426876533
22,-10.0,-16.790082093766767,65.03575220618491
22,-10.0,-16.79024967248,65.03567780536656
22,-10.0,-16.79042121382953,65.03563496161648
22,-10.0,-16.79048772986302,65.03558026329006
22,-10.0,-16.79059275517906,65.0354840235775
22,-10.0,-16.79067164588322,65.0354083203952
22,-10.0,-16.790764296528586,65.03530218360041
22,-10.0,-16.79081683341136,65.03523637750034
22,-10.0,-16.790935837878116,65.0351582418823
22,-10.0,-16.791107379227643,65.0350832815564
22,-10.0,-16.791122500877126,65.03506443460549
22,-10.0,-16.791236344456706,65.03489249171064
22,-10.0,-16.791278920577174,65.03483204748063
22,-10.0,-16.791371112294268,65.03472054881577
22,-10.0,-16.7914504619267,65.03456117408538
22,-10.0,-16.791457732238744,65.03454860592092
22,-10.0,-16.79162200327623,65.03444810886486
22,-10.0,-16.791765352972487,65.03437666302605
22,-10.0,-16.791793544625758,65.03425516341711
22,-10.0,-16.791802796777567,65.0342047201312
22,-10.0,-16.79183857228858,65.03403277723635
22,-10.0,-16.79186867313412,65.0338608343415
22,-10.0,-16.791912928132522,65.03368889144663
22,-10.0,-16.791965085975285,65.03352898313301
22,-10.0,-16.791967848502672,65.03351694855178
22,-10.0,-16.792136627324815,65.03339234468717
22,-10.0,-16.792203299525774,65.03334500565693
22,-10.0,-16.79223788951117,65.03317306276206
22,-10.0,-16.792278551780516,65.03300111986721
22,-10.0,-16.792308168674342,65.03293172666307
22,-10.0,-16.792340637881658,65.03282917697236
22,-10.0,-16.792413815753633,65.03265723407749
22,-10.0,-16.792479710023873,65.03249685732405
22,-10.0,-16.792483528125462,65.03248529118264
22,-10.0,-16.7926512513734,65.03231509707648
22,-10.0,-16.79265294167289,65.03231334828779
22,-10.0,-16.7926512513734,65.0322977975701
22,-10.0,-16.792479710023873,65.0322977975701
22,-10.0,-16.792458744565124,65.03214140539292
22,-10.0,-16.792479710023873,65.03209437015167
22,-10.0,-16.7926512513734,65.03209437015167
22,-10.0,-16.792696284704725,65.03196946249807
22,-10.0,-16.79282279272293,65.03180945321864
22,-10.0,-16.792830763916033,65.03179751960322
22,-10.0,-16.792933116745978,65.03162557670835
22,-10.0,-16.792994334072457,65.03149700684946
22,-10.0,-16.7930106899971,65.0314536338135
22,-10.0,-16.793165875421987,65.03130858223338
22,-10.0,-16.79319662777868,65.03128169091865
22,-10.0,-16.793176958422485,65.03110974802378
22,-10.0,-16.793165875421987,65.03108815490171
22,-10.0,-16.792994334072457,65.03108815490171
22,-10.0,-16.792900284832122,65.03093780512893
22,-10.0,-16.79282279272293,65.03085805996528
22,-10.0,-16.792700868711417,65.03076586223408
22,-10.0,-16.7926512513734,65.0307375400898
22,-10.0,-16.792479710023873,65.03066451078104
22,-10.0,-16.79232907464633,65.03059391933921
22,-10.0,-16.792308168674342,65.03058323851296
22,-10.0,-16.792136627324815,65.03050180141994
22,-10.0,-16.791965085975285,65.03050180141994
22,-10.0,-16.791827537062243,65.03042197644436
22,-10.0,-16.791793544625758,65.03037572735522
22,-10.0,-16.791703685361966,65.0302500335495
22,-10.0,-16.791729263137988,65.03007809065465
22,-10.0,-16.791757371371688,65.02990614775979
22,-10.0,-16.791793544625758,65.02987039808876
22,-10.0,-16.791926528139665,65.02973420486494
22,-10.0,-16.79191275097643,65.02956226197007
22,-10.0,-16.79189711267899,65.02939031907522
22,-10.0,-16.791814093026666,65.02921837618037
22,-10.0,-16.791793544625758,65.029195866033
22,-10.0,-16.79162200327623,65.02904744267467
22,-10.0,-16.7914504619267,65.02904744267467
22,-10.0,-16.791449030229657,65.0290464332855
22,-10.0,-16.7914504619267,65.02902956098646
22,-10.0,-16.791461767805004,65.02887449039065
22,-10.0,-16.7914504619267,65.02886475929893
22,-10.0,-16.791278920577174,65.02886475929893
22,-10.0,-16.79112186410689,65.0287025474958
22,-10.0,-16.791107379227643,65.0286962148463
22,-10.0,-16.790935837878116,65.02865879379755
22,-10.0,-16.790764296528586,65.02864502696627
22,-10.0,-16.79059275517906,65.02864039663176
22,-10.0,-16.79042121382953,65.02864039663176
22,-10.0,-16.79024967248,65.02863850876975
22,-10.0,-16.79007813113047,65.02862961113568
22,-10.0,-16.789906589780944,65.02856797582947
22,-10.0,-16.78978258450795,65.02853060460093
22,-10.0,-16.789735048431417,65.0285187641412
22,-10.0,-16.789563507081887,65.0284829369043
22,-10.0,-16.78939196573236,65.0284829369043
22,-10.0,-16.78922042438283,65.02845372910869
22,-10.0,-16.789048883033303,65.02843024050411
22,-10.0,-16.788877341683772,65.0284096720944
22,-10.0,-16.788705800334245,65.02838113301182
22,-10.0,-16.788534258984715,65.02838113301182
22,-10.0,-16.788433276622413,65.02835866170608
22,-10.0,-16.788362717635188,65.02834301882257
22,-10.0,-16.788191176285657,65.02831393667563
22,-10.0,-16.78801963493613,65.0282614544625
22,-10.0,-16.787848093586604,65.02819472361276
22,-10.0,-16.787834105100075,65.02818671881123
22,-10.0,-16.787676552237073,65.02807211072479
22,-10.0,-16.787505010887546,65.02807211072479
22,-10.0,-16.78744436614743,65.02801477591636
22,-10.0,-16.787392715543312,65.02784283302151
22,-10.0,-16.787505010887546,65.02772041748764
22,-10.0,-16.7876061483541,65.02767089012664
22,-10.0,-16.787505010887546,65.02757335772662
22,-10.0,-16.787333469538012,65.02757335772662
22,-10.0,-16.78727651128207,65.02749894723178
22,-10.0,-16.78716192818849,65.02740875094317
22,-10.0,-16.78699038683896,65.02735025188947
22,-10.0,-16.78691993326482,65.02732700433694
22,-10.0,-16.78681884548943,65.02729640230669
22,-10.0,-16.7866473041399,65.02726930239659
22,-10.0,-16.786475762790374,65.02721682631567
22,-10.0,-16.786304221440844,65.02721682631567
22,-10.0,-16.786132680091317,65.02719337864774
22,-10.0,-16.78596113874179,65.02716267211314
22,-10.0,-16.785938243662827,65.02715506144209
22,-10.0,-16.78578959739226,65.02705049256582
22,-10.0,-16.78565574779733,65.02698311854722
22,-10.0,-16.785618056042733,65.0269288696943
22,-10.0,-16.785520472640304,65.02681117565237
22,-10.0,-16.785446514693202,65.026762667311
22,-10.0,-16.785274973343675,65.026762667311
22,-10.0,-16.785146016156194,65.02663923275752
22,-10.0,-16.785103431994145,65.026607441259
22,-10.0,-16.78500059171678,65.02646728986265
22,-10.0,-16.784951673393845,65.0262953469678
22,-10.0,-16.784931890644618,65.02622818989113
22,-10.0,-16.784898744914344,65.02612340407295
22,-10.0,-16.78485211846391,65.02595146117808
22,-10.0,-16.784931890644618,65.0258121362749
22,-10.0,-16.785103431994145,65.02579896127716
22,-10.0,-16.785183972886287,65.02577951828323
22,-10.0,-16.785274973343675,65.02575081403548
22,-10.0,-16.785446514693202,65.02568207747645
22,-10.0,-16.78557497905782,65.02560757538838
22,-10.0,-16.785618056042733,65.02556895997033
22,-10.0,-16.78578959739226,65.02545356969381
22,-10.0,-16.78596113874179,65.02545356969381
22,-10.0,-16.78598085256985,65.02543563249351
22,-10.0,-16.786024170446026,65.02526368959866
22,-10.0,-16.786017605056994,65.02509174670381
22,-10.0,-16.78602491604558,65.02491980380894
22,-10.0,-16.786009774900858,65.02474786091409
22,-10.0,-16.78596113874179,65.02465956335546
22,-10.0,-16.7859143478599,65.02457591801924
22,-10.0,-16.78578959739226,65.02447682882037
22,-10.0,-16.785717513400797,65.02440397512437
22,-10.0,-16.785618056042733,65.0242409772356
22,-10.0,-16.785613351505976,65.02423203222952
22,-10.0,-16.785446514693202,65.02408955975778
22,-10.0,-16.785274973343675,65.02408955975778
22,-10.0,-16.785236717963897,65.02406008933467
22,-10.0,-16.785103431994145,65.02396603845925
22,-10.0,-16.78495536127482,65.0238881464398
22,-10.0,-16.784931890644618,65.02387053648681
22,-10.0,-16.78476034929509,65.02376318284081
22,-10.0,-16.784622222289297,65.02371620354495
22,-10.0,-16.78458880794556,65.02366619833174
22,-10.0,-16.784490140875004,65.0235442606501
22,-10.0,-16.784536792662717,65.02337231775523
22,-10.0,-16.78453650276381,65.02320037486038
22,-10.0,-16.784541423277496,65.02302843196553
22,-10.0,-16.78458880794556,65.02294069220906
22,-10.0,-16.784690840816907,65.02285648907066
22,-10.0,-16.784760349295087,65.0228064633925
22,-10.0,-16.784931890644618,65.0228064633925
22,-10.0,-16.785103431994145,65.02269957127196
22,-10.0,-16.785128020066878,65.02268454617581
22,-10.0,-16.785274973343675,65.02259173538104
22,-10.0,-16.785331773550183,65.02251260328096
22,-10.0,-16.78533468956948,65.02234066038609
22,-10.0,-16.785274973343675,65.02226998103161
22,-10.0,-16.78519649336977,65.02216871749124
22,-10.0,-16.785103431994145,65.0220939534717
22,-10.0,-16.785005858456138,65.02199677459639
22,-10.0,-16.784931890644618,65.02193489604693
22,-10.0,-16.784816075395597,65.02182483170152
22,-10.0,-16.784760349295087,65.02178324141842
22,-10.0,-16.784604309216004,65.02165288880667
22,-10.0,-16.78458880794556,65.02163993152352
22,-10.0,-16.78441726659603,65.02163993152352
22,-10.0,-16.784245725246503,65.02149988778181
22,-10.0,-16.784222875643366,65.02148094591182
22,-10.0,-16.784074183896976,65.02131596986668
22,-10.0,-16.784067315245718,65.02130900301695
22,-10.0,-16.783927643914105,65.0211370601221
22,-10.0,-16.783902642547446,65.02107665047423
22,-10.0,-16.783843624439925,65.02096511722723
22,-10.0,-16.78373110119792,65.02090359854569
22,-10.0,-16.78355955984839,65.020846607415
22,-10.0,-16.783397852532833,65.02079317433238
22,-10.0,-16.78338801849886,65.02079164345328
22,-10.0,-16.78321647714933,65.02079164345328
22,-10.0,-16.783044935799804,65.02076260771125
22,-10.0,-16.782873394450274,65.02073328616362
22,-10.0,-16.782701853100747,65.02068756169578
22,-10.0,-16.78253222146721,65.02062123143753
22,-10.0,-16.782530311751216,65.02062064260373
22,-10.0,-16.78235877040169,65.0206203983621
22,-10.0,-16.782187229052163,65.02057286244188
22,-10.0,-16.782015687702632,65.02052449824659
22,-10.0,-16.781844146353105,65.02047689689385
22,-10.0,-16.78175864132252,65.02044928854268
22,-10.0,-16.781672605003575,65.02043095317737
22,-10.0,-16.781501063654048,65.02039467520963
22,-10.0,-16.781329522304517,65.02039467520963
22,-10.0,-16.78115798095499,65.02034914877771
22,-10.0,-16.78098643960546,65.02028685664575
22,-10.0,-16.78096396656068,65.02027734564781
22,-10.0,-16.780814898255933,65.02022053419861
22,-10.0,-16.780694838195345,65.02010540275296
22,-10.0,-16.780643356906403,65.0200544246107
22,-10.0,-16.780471815556876,65.01996605498672
22,-10.0,-16.78030027420735,65.01996605498672
22,-10.0,-16.780247219610786,65.01993345985811
22,-10.0,-16.78012873285782,65.01986290222423
22,-10.0,-16.77995719150829,65.01977852822152
22,-10.0,-16.779922021130485,65.01976151696324
22,-10.0,-16.77978565015876,65.0197075108693
22,-10.0,-16.779614108809234,65.01965180190538
22,-10.0,-16.779442567459704,65.01960088590452
22,-10.0,-16.779271026110177,65.01960088590452
22,-10.0,-16.779228699357457,65.01958957406839
22,-10.0,-16.779099484760646,65.01955694444912
22,-10.0,-16.77892794341112,65.01951795918704
22,-10.0,-16.77875640206159,65.01947939944186
22,-10.0,-16.778584860712062,65.01942956410801
22,-10.0,-16.778552055271835,65.01941763117354
22,-10.0,-16.778413319362535,65.01936089001823
22,-10.0,-16.778241778013005,65.01936089001823
22,-10.0,-16.778070236663478,65.01930717414797
22,-10.0,-16.777898695313947,65.01926228702655
22,-10.0,-16.777820959725464,65.01924568827867
22,-10.0,-16.77772715396442,65.0192118074155
22,-10.0,-16.77755561261489,65.01917975190376
22,-10.0,-16.777384071265363,65.01912991610502
22,-10.0,-16.777212529915833,65.01911368095924
22,-10.0,-16.777040988566306,65.01910521810977
22,-10.0,-16.776869447216775,65.01910697123915
22,-10.0,-16.77669790586725,65.01910205284543
22,-10.0,-16.77652636451772,65.01910261356043
22,-10.0,-16.77635482316819,65.01910338368964
22,-10.0,-16.776183281818664,65.01910940804945
22,-10.0,-16.776011740469137,65.01911923910185
22,-10.0,-16.775840199119607,65.01913885715624
22,-10.0,-16.775668657770076,65.0191526107112
22,-10.0,-16.77549711642055,65.0191598510138
22,-10.0,-16.77532557507102,65.01918225313256
22,-10.0,-16.775154033721492,65.01919774534345
22,-10.0,-16.77498249237196,65.019219382868
22,-10.0,-16.774810951022435,65.01923988876842
22,-10.0,-16.774639409672908,65.01923988876842
22,-10.0,-16.774548652001528,65.01924568827867
22,-10.0,-16.774467868323377,65.01924980834148
22,-10.0,-16.774334024758105,65.01924568827867
22,-10.0,-16.77429632697385,65.0192442265074
22,-10.0,-16.77412478562432,65.01922391778808
22,-10.0,-16.773953244274793,65.01918801597006
22,-10.0,-16.773781702925262,65.01918801597006
22,-10.0,-16.773610161575736,65.01915087634643
22,-10.0,-16.773438620226205,65.01911716847177
22,-10.0,-16.77326707887668,65.01908090777845
22,-10.0,-16.77321508058913,65.01907374538382
22,-10.0,-16.773095537527148,65.0190531080073
22,-10.0,-16.77292399617762,65.01905036009951
22,-10.0,-16.772752454828094,65.01903400584831
22,-10.0,-16.772580913478564,65.01902349643673
22,-10.0,-16.772409372129037,65.01896909100834
22,-10.0,-16.772237830779506,65.01898566514205
22,-10.0,-16.77206628942998,65.01900800466149
22,-10.0,-16.77189474808045,65.01895688226678
22,-10.0,-16.771723206730922,65.01896970801128
22,-10.0,-16.77155166538139,65.01896889450524
22,-10.0,-16.771380124031865,65.0189485222327
22,-10.0,-16.771208582682334,65.01892271898174
22,-10.0,-16.771037041332807,65.01892271898174
22,-10.0,-16.770919295598542,65.01890180248897
22,-10.0,-16.77086549998328,65.0188939384868
22,-10.0,-16.77069395863375,65.01887862130269
22,-10.0,-16.770522417284223,65.01887428460553
22,-10.0,-16.770350875934692,65.01887353768868
22,-10.0,-16.770179334585166,65.01887296881584
22,-10.0,-16.770007793235635,65.01887532946964
22,-10.0,-16.769836251886108,65.01887943196864
22,-10.0,-16.769664710536578,65.01888201253247
22,-10.0,-16.76949316918705,65.01888246873952
22,-10.0,-16.76932162783752,65.01888193079856
22,-10.0,-16.769150086487993,65.01888135359914
22,-10.0,-16.768978545138467,65.01887605364709
22,-10.0,-16.768807003788936,65.01886224535653
22,-10.0,-16.76863546243941,65.01885337642332
22,-10.0,-16.76846392108988,65.01884864905148
22,-10.0,-16.768292379740352,65.01884864905148
22,-10.0,-16.76812083839082,65.01886039107433
22,-10.0,-16.767949297041294,65.01889707189025
22,-10.0,-16.767923374295208,65.01890180248897
22,-10.0,-16.767777755691764,65.01893157892496
22,-10.0,-16.767606214342237,65.01895566916888
22,-10.0,-16.767434672992707,65.01896986159363
22,-10.0,-16.76726313164318,65.01899891645304
22,-10.0,-16.767091590293653,65.0190181399812
22,-10.0,-16.766920048944122,65.01903975508723
22,-10.0,-16.766748507594595,65.0190643976006
22,-10.0,-16.766576966245065,65.0190643976006
22,-10.0,-16.766405424895538,65.01907265469632
22,-10.0,-16.766233883546008,65.01907002297236
22,-10.0,-16.76606234219648,65.01905324446409
22,-10.0,-16.765890800846954,65.01895432271206
22,-10.0,-16.765719259497423,65.01895432271206
22,-10.0,-16.765547718147893,65.01892332001881
22,-10.0,-16.765437245132823,65.01890180248897
22,-10.0,-16.765376176798366,65.01888862935019
22,-10.0,-16.76520463544884,65.01884158608482
22,-10.0,-16.76503309409931,65.01880279455605
22,-10.0,-16.76486155274978,65.01878258903722
22,-10.0,-16.76469001140025,65.0187721800271
22,-10.0,-16.764518470050724,65.01873747758411
22,-10.0,-16.764489752065668,65.0187298595941
22,-10.0,-16.764346928701194,65.01868737510284
22,-10.0,-16.764175387351667,65.01863033743857
22,-10.0,-16.764003846002137,65.01857053413734
22,-10.0,-16.76383230465261,65.01857053413734
22,-10.0,-16.763800605858442,65.01855791669925
22,-10.0,-16.76366076330308,65.01850650570584
22,-10.0,-16.763489221953552,65.01845514111818
22,-10.0,-16.763317680604025,65.01840397136246
22,-10.0,-16.763263346833053,65.0183859738044
22,-10.0,-16.763146139254495,65.01834269585835
22,-10.0,-16.762974597904968,65.01827473194635
22,-10.0,-16.762803056555438,65.01827473194635
22,-10.0,-16.76272836962245,65.01821403090953
22,-10.0,-16.76263151520591,65.01811645152965
22,-10.0,-16.76245997385638,65.01804375885557
22,-10.0,-16.76245452082855,65.01804208801468
22,-10.0,-16.762288432506853,65.01797704135467
22,-10.0,-16.762116891157323,65.01793296478296
22,-10.0,-16.761945349807796,65.01789840448876
22,-10.0,-16.761773808458265,65.01789840448876
22,-10.0,-16.761602267108742,65.01787069603016
22,-10.0,-16.76159820347098,65.01787014511983
22,-10.0,-16.76143072575921,65.01785391036196
22,-10.0,-16.76125918440968,65.01785101069225
22,-10.0,-16.761087643060154,65.01784434626605
22,-10.0,-16.760916101710624,65.0178471419743
22,-10.0,-16.760744560361097,65.01784229834799
22,-10.0,-16.760573019011566,65.01784053478988
22,-10.0,-16.76040147766204,65.01783766666462
22,-10.0,-16.76022993631251,65.01784219609749
22,-10.0,-16.760058394962982,65.01784327157034
22,-10.0,-16.75988685361345,65.01784732161099
22,-10.0,-16.759715312263925,65.01785331278806
22,-10.0,-16.759543770914398,65.01786125235671
22,-10.0,-16.75941880803495,65.01787014511983
22,-10.0,-16.759372229564867,65.01787394696231
22,-10.0,-16.75920068821534,65.01789088112554
22,-10.0,-16.75902914686581,65.01789198953763
22,-10.0,-16.758857605516283,65.01791394766437
22,-10.0,-16.758686064166753,65.01793806585076
22,-10.0,-16.758514522817226,65.01795963538724
22,-10.0,-16.758342981467695,65.01796910191831
22,-10.0,-16.75817144011817,65.0179798868397
22,-10.0,-16.757999898768638,65.01799455652831
22,-10.0,-16.75782835741911,65.01800726953373
22,-10.0,-16.757656816069584,65.01799734917559
22,-10.0,-16.757485274720054,65.01801497578326
22,-10.0,-16.757313733370527,65.01801497578326
22,-10.0,-16.757142192020996,65.01795942511319
22,-10.0,-16.75697065067147,65.01798408575102
22,-10.0,-16.75679910932194,65.01800884332934
22,-10.0,-16.756634056586094,65.01804208801468
22,-10.0,-16.756627567972412,65.01804355340886
22,-10.0,-16.75645602662288,65.01804360783991
22,-10.0,-16.756284485273355,65.01807476795017
22,-10.0,-16.756112943923824,65.01807710444731
22,-10.0,-16.755941402574297,65.01806463433189
22,-10.0,-16.75576986122477,65.01804736157436
22,-10.0,-16.75559831987524,65.01804736157436
22,-10.0,-16.75555095536818,65.01804208801468
22,-10.0,-16.755426778525713,65.01803004789447
22,-10.0,-16.755255237176183,65.01802075906181
22,-10.0,-16.755083695826656,65.0180233670653
22,-10.0,-16.754912154477125,65.01803635915898
22,-10.0,-16.7547406131276,65.0180369359268
22,-10.0,-16.754699350088917,65.01804208801468
22,-10.0,-16.754569071778068,65.01806642750807
22,-10.0,-16.75439753042854,65.01810888719513
22,-10.0,-16.75422598907901,65.0181663212093
22,-10.0,-16.75413131004772,65.01821403090953
22,-10.0,-16.75405444772948,65.01827238297638
22,-10.0,-16.753882906379957,65.01827238297638
22,-10.0,-16.753711365030426,65.01837203473909
22,-10.0,-16.753682578000507,65.0183859738044
22,-10.0,-16.7535398236809,65.01843823427102
22,-10.0,-16.75336828233137,65.0184664696605
22,-10.0,-16.753196740981842,65.01847819168006
22,-10.0,-16.75302519963231,65.01847819168006
22,-10.0,-16.752853658282785,65.0184828697383
22,-10.0,-16.752682116933254,65.01845084960729
22,-10.0,-16.752510575583727,65.01840807729765
22,-10.0,-16.752448970097173,65.01838597380441
22,-10.0,-16.752339034234197,65.01833723782562
22,-10.0,-16.75216749288467,65.01833723782562
22,-10.0,-16.751995951535143,65.0182504392683
22,-10.0,-16.751903207602147,65.01821403090953
22,-10.0,-16.751824410185613,65.01818822461841
22,-10.0,-16.751652868836086,65.01816230776105
22,-10.0,-16.751481327486555,65.01815759222559
22,-10.0,-16.75130978613703,65.01816127530054
22,-10.0,-16.751138244787498,65.01809967487965
22,-10.0,-16.75096670343797,65.01811916432352
22,-10.0,-16.75079516208844,65.0181540738279
22,-10.0,-16.750623620738914,65.01812847864818
22,-10.0,-16.750452079389383,65.01813810414451
22,-10.0,-16.750280538039856,65.01813810414451
22,-10.0,-16.75010899669033,65.01814164402994
22,-10.0,-16.7499374553408,65.01814099552786
22,-10.0,-16.749765913991272,65.0181241909513
22,-10.0,-16.74959437264174,65.01810896521917
22,-10.0,-16.749422831292215,65.01810896521917
22,-10.0,-16.749251289942684,65.01807899846054
22,-10.0,-16.749090465300256,65.01804208801468
22,-10.0,-16.749079748593157,65.01803939241093
22,-10.0,-16.748908207243627,65.01800025903545
22,-10.0,-16.7487366658941,65.0179643169296
22,-10.0,-16.74856512454457,65.01794751388148
22,-10.0,-16.748393583195043,65.01793078778098
22,-10.0,-16.748222041845516,65.01789465917241
22,-10.0,-16.748110501291254,65.01787014511983
22,-10.0,-16.748050500495985,65.01785764031172
22,-10.0,-16.74787895914646,65.01781224270461
22,-10.0,-16.747707417796928,65.01776351522867
22,-10.0,-16.7475358764474,65.01776351522867
22,-10.0,-16.74736433509787,65.01769924106034
22,-10.0,-16.74736181876461,65.01769820222496
22,-10.0,-16.747192793748344,65.01763395064597
22,-10.0,-16.747021252398813,65.01757529560595
22,-10.0,-16.74696005130112,65.01752625933011
22,-10.0,-16.746849711049286,65.01743442530045
22,-10.0,-16.746678169699756,65.01738534738308
22,-10.0,-16.74650662835023,65.01738534738308
22,-10.0,-16.746397975992604,65.01735431643526
22,-10.0,-16.746335087000702,65.0173382344336
22,-10.0,-16.74616354565117,65.01729465688618
22,-10.0,-16.745992004301645,65.01724373626493
22,-10.0,-16.745827370975743,65.01718237354041
22,-10.0,-16.745820462952114,65.01717969526399
22,-10.0,-16.745648921602587,65.01710665846895
22,-10.0,-16.745477380253057,65.01710665846895
22,-10.0,-16.74530583890353,65.01703148181824
22,-10.0,-16.745262835692532,65.01701043064554
22,-10.0,-16.745134297554,65.01695984874178
22,-10.0,-16.744962756204472,65.01689222983758
22,-10.0,-16.74482994382649,65.01683848775069
22,-10.0,-16.744791214854942,65.01682685848509
22,-10.0,-16.744619673505415,65.01677962153738
22,-10.0,-16.74444813215589,65.01677962153738
22,-10.0,-16.744276590806358,65.01674636342362
22,-10.0,-16.744105049456834,65.01671216024735
22,-10.0,-16.7439335081073,65.01668341754254
22,-10.0,-16.743761966757774,65.01666755002948
22,-10.0,-16.743760139537862,65.01666654485584
22,-10.0,-16.743590425408243,65.01657797531277
22,-10.0,-16.743418884058716,65.01657839858682
22,-10.0,-16.743247342709186,65.01658778768831
22,-10.0,-16.74307580135966,65.01660398036053
22,-10.0,-16.74290426001013,65.01662207377052
22,-10.0,-16.7427327186606,65.01662446630428
22,-10.0,-16.742561177311075,65.01664576475065
22,-10.0,-16.742426206987222,65.01666654485584
22,-10.0,-16.742389635961544,65.01667174518009
22,-10.0,-16.742218094612017,65.01669653344605
22,-10.0,-16.742046553262487,65.01671602393064
22,-10.0,-16.74187501191296,65.01672688373215
22,-10.0,-16.74170347056343,65.0167295841819
22,-10.0,-16.741531929213902,65.01673089149702
22,-10.0,-16.741360387864372,65.01670712526052
22,-10.0,-16.741188846514845,65.01667901619972
22,-10.0,-16.74114995340166,65.01666654485584
22,-10.0,-16.741017305165315,65.01659661286733
22,-10.0,-16.740845763815788,65.01659661286733
22,-10.0,-16.74067422246626,65.01653900061619
22,-10.0,-16.74052230545856,65.01649460196097
22,-10.0,-16.74050268111673,65.01648671227179
22,-10.0,-16.740331139767203,65.01642981638531
22,-10.0,-16.740159598417673,65.01640173415277
22,-10.0,-16.739988057068146,65.01639981116313
22,-10.0,-16.739816515718616,65.01638907442424
22,-10.0,-16.73964497436909,65.01638709825966
22,-10.0,-16.73947343301956,65.01639448085963
22,-10.0,-16.73930189167003,65.01640542751895
22,-10.0,-16.7391303503205,65.01642259904605
22,-10.0,-16.738958808970974,65.01642259904605
22,-10.0,-16.738787267621447,65.01644834477761
22,-10.0,-16.738615726271917,65.01646623787914
22,-10.0,-16.73856174838724,65.01649460196097
22,-10.0,-16.73844418492239,65.01653240739537
22,-10.0,-16.73827264357286,65.01656323272636
22,-10.0,-16.738111406614575,65.01649460196097
22,-10.0,-16.738101102223332,65.01648941362218
22,-10.0,-16.738065291774873,65.01649460196097
22,-10.0,-16.737929560873802,65.01653441751527
22,-10.0,-16.737758019524275,65.01653750180787
22,-10.0,-16.737618657122887,65.01649460196097
22,-10.0,-16.737586478174745,65.01648547224974
22,-10.0,-16.737414936825218,65.01638381833337
22,-10.0,-16.737243395475687,65.01638381833337
22,-10.0,-16.737098708008716,65.01632265906612
22,-10.0,-16.73707185412616,65.01631366081745
22,-10.0,-16.736900312776633,65.01628897932123
22,-10.0,-16.736728771427103,65.01628006572358
22,-10.0,-16.736557230077576,65.0162735803294
22,-10.0,-16.736385688728046,65.01626918521865
22,-10.0,-16.73621414737852,65.01626420010423
22,-10.0,-16.736042606028988,65.01625466700119
22,-10.0,-16.73587106467946,65.016228464893
22,-10.0,-16.73569952332993,65.01618661596336
22,-10.0,-16.735580895964436,65.01615071617127
22,-10.0,-16.735527981980404,65.01612060034712
22,-10.0,-16.735356440630873,65.01612060034712
22,-10.0,-16.735184899281347,65.01602209384073
22,-10.0,-16.735118063860458,65.0159787732764
22,-10.0,-16.73501335793182,65.0158772705887
22,-10.0,-16.734924439753712,65.01580683038155
22,-10.0,-16.73484181658229,65.01570325492489
22,-10.0,-16.734772568955954,65.0156348874867
22,-10.0,-16.734670275232762,65.01559481189142
22,-10.0,-16.734498733883232,65.01556223375135
22,-10.0,-16.734327192533705,65.0155629341867
22,-10.0,-16.734155651184174,65.01554946168297
22,-10.0,-16.733984109834648,65.01554716182031
22,-10.0,-16.733812568485117,65.01555169436351
22,-10.0,-16.73364102713559,65.0155645950297
22,-10.0,-16.73346948578606,65.01557440889805
22,-10.0,-16.733297944436533,65.0155960455534
22,-10.0,-16.733159271050685,65.0156348874867
22,-10.0,-16.733126403087006,65.01564513811944
22,-10.0,-16.732954861737475,65.01570416491109
22,-10.0,-16.73278332038795,65.01576313396215
22,-10.0,-16.732611779038418,65.01577473404801
22,-10.0,-16.732470533318565,65.01580683038155
22,-10.0,-16.73244023768889,65.01581713010266
22,-10.0,-16.73226869633936,65.01587317706466
22,-10.0,-16.732097154989834,65.01592429732236
22,-10.0,-16.731925613640303,65.01597842027104
22,-10.0,-16.731754072290776,65.01597842027104
22,-10.0,-16.731752937830123,65.0159787732764
22,-10.0,-16.731582530941246,65.01603209589649
22,-10.0,-16.73141098959172,65.01607401305824
22,-10.0,-16.731239448242192,65.01610593860033
22,-10.0,-16.73106790689266,65.01612790057405
22,-10.0,-16.730896365543135,65.01612790057405
22,-10.0,-16.730724824193604,65.01614764380554
22,-10.0,-16.730695541863767,65.01615071617127
22,-10.0,-16.730553282844078,65.01616447798162
22,-10.0,-16.730381741494547,65.01617100032944
22,-10.0,-16.73021020014502,65.0161658437143
22,-10.0,-16.73003865879549,65.0161658437143
22,-10.0,-16.729867117445966,65.01615392804875
22,-10.0,-16.729836725017837,65.01615071617127
22,-10.0,-16.729695576096432,65.01613836324691
22,-10.0,-16.729524034746905,65.01612122034821
22,-10.0,-16.72935249339738,65.01609822010207
22,-10.0,-16.729180952047848,65.01608628040916
22,-10.0,-16.72900941069832,65.0160751998969
22,-10.0,-16.72883786934879,65.01605239343337
22,-10.0,-16.728666327999264,65.01603208347714
22,-10.0,-16.728494786649733,65.01602105765066
22,-10.0,-16.72832324530021,65.01601616425185
22,-10.0,-16.728151703950676,65.01601533760783
22,-10.0,-16.72798016260115,65.01601429544557
22,-10.0,-16.72791209344588,65.0159787732764
22,-10.0,-16.727808621251622,65.0159311256429
22,-10.0,-16.72763707990209,65.01593590680828
22,-10.0,-16.727465538552565,65.01594095294507
22,-10.0,-16.727293997203034,65.01594095294507
22,-10.0,-16.727122455853507,65.01594649058151
22,-10.0,-16.726950914503977,65.01595316223869
22,-10.0,-16.72677937315445,65.01596191177725
22,-10.0,-16.726613166476866,65.0159787732764
22,-10.0,-16.726607831804916,65.01597941764996
22,-10.0,-16.726436290455393,65.01597941764996
22,-10.0,-16.726264749105862,65.01600704001432
22,-10.0,-16.726093207756335,65.01603680400342
22,-10.0,-16.72592166640681,65.01606940696755
22,-10.0,-16.725750125057278,65.01609403737419
22,-10.0,-16.72557858370775,65.01609403737419
22,-10.0,-16.72540704235822,65.01611545335662
22,-10.0,-16.725235501008694,65.0161286879833
22,-10.0,-16.725063959659163,65.01613694929506
22,-10.0,-16.724951094218973,65.01615071617127
22,-10.0,-16.724892418309636,65.01615998408413
22,-10.0,-16.724720876960106,65.01615998408413
22,-10.0,-16.72454933561058,65.01618992262794
22,-10.0,-16.72437779426105,65.01622419735776
22,-10.0,-16.72420625291152,65.01624881967709
22,-10.0,-16.724034711561995,65.01625017402212
22,-10.0,-16.723863170212464,65.01625017402212
22,-10.0,-16.723691628862937,65.01624935166896
22,-10.0,-16.723520087513407,65.01624288514587
22,-10.0,-16.72334854616388,65.01623285521256
22,-10.0,-16.72317700481435,65.0162350627944
22,-10.0,-16.723005463464823,65.0162418906454
22,-10.0,-16.722833922115292,65.0162418610975
22,-10.0,-16.722662380765765,65.01626045644313
22,-10.0,-16.722490839416235,65.01627298359055
22,-10.0,-16.722319298066708,65.01627451761699
22,-10.0,-16.72214775671718,65.01627009175667
22,-10.0,-16.72197621536765,65.0162717470645
22,-10.0,-16.721804674018124,65.0162619346824
22,-10.0,-16.721633132668593,65.01625141762423
22,-10.0,-16.72147097015635,65.01615071617127
22,-10.0,-16.721461591319066,65.0161439540402
22,-10.0,-16.721290049969536,65.0161289441949
22,-10.0,-16.72111850862001,65.0161289441949
22,-10.0,-16.72094696727048,65.01611456590722
22,-10.0,-16.72077542592095,65.01609641283382
22,-10.0,-16.72060388457142,65.01608594753793
22,-10.0,-16.720432343221894,65.01607578963537
22,-10.0,-16.720260801872367,65.01606607557753
22,-10.0,-16.720089260522837,65.01607077211663
22,-10.0,-16.71991771917331,65.0160706725899
22,-10.0,-16.71974617782378,65.01606776277866
22,-10.0,-16.719574636474253,65.01606194282442
22,-10.0,-16.719403095124722,65.01605056257921
22,-10.0,-16.719231553775195,65.01604469046939
22,-10.0,-16.719060012425665,65.01602397187789
22,-10.0,-16.718888471076138,65.01600192666993
22,-10.0,-16.718716929726607,65.01598005401641
22,-10.0,-16.718700535331898,65.0159787732764
22,-10.0,-16.71854538837708,65.0159732288267
22,-10.0,-16.718373847027554,65.0159732288267
22,-10.0,-16.718202305678023,65.01596978576163
22,-10.0,-16.718030764328496,65.01596733885623
22,-10.0,-16.717859222978966,65.01596468702678
22,-10.0,-16.71768768162944,65.01596122578528
22,-10.0,-16.71751614027991,65.01596122578528
22,-10.0,-16.71734459893038,65.01595638682855
22,-10.0,-16.71717305758085,65.0159488702381
22,-10.0,-16.717001516231324,65.01594309796353
22,-10.0,-16.716829974881794,65.01594077580071
22,-10.0,-16.716658433532267,65.01589492467124
22,-10.0,-16.71648689218274,65.01590439473114
22,-10.0,-16.71631535083321,65.01592975660898
22,-10.0,-16.716143809483683,65.01589531163651
22,-10.0,-16.715972268134152,65.01592150156965
22,-10.0,-16.715800726784625,65.01593315378136
22,-10.0,-16.715629185435095,65.01595375685595
22,-10.0,-16.715524585819363,65.0159787732764
22,-10.0,-16.715457644085568,65.01599967438183
22,-10.0,-16.715286102736037,65.01605941031775
22,-10.0,-16.71511456138651,65.016121530474
22,-10.0,-16.71494302003698,65.0161314851633
22,-10.0,-16.71487635293518,65.01615071617127
22,-10.0,-16.714771478687453,65.01622752309271
22,-10.0,-16.71463050220202,65.01632265906612
22,-10.0,-16.714599937337926,65.01633790655569
22,-10.0,-16.714428395988396,65.01639924072151
22,-10.0,-16.71425685463887,65.01644794096262
22,-10.0,-16.71408531328934,65.01644794096262
22,-10.0,-16.71391377193981,65.01647139235303
22,-10.0,-16.713779476234684,65.01649460196097
22,-10.0,-16.71374223059028,65.016500879633
22,-10.0,-16.713570689240754,65.0165277190031
22,-10.0,-16.713399147891224,65.01651943687017
22,-10.0,-16.713227606541697,65.01651943687017
22,-10.0,-16.713056065192166,65.01651977040518
22,-10.0,-16.71288452384264,65.01651811867274
22,-10.0,-16.712712982493112,65.0165267436992
22,-10.0,-16.712541441143582,65.01655202817588
22,-10.0,-16.712369899794055,65.01655202817588
22,-10.0,-16.712198358444525,65.01657047811368
22,-10.0,-16.712026817094998,65.01658390857678
22,-10.0,-16.711855275745467,65.01659135858645
22,-10.0,-16.71168373439594,65.01659842976758
22,-10.0,-16.71151219304641,65.01659842976758
22,-10.0,-16.711340651696883,65.01661028358959
22,-10.0,-16.711169110347353,65.01662680882835
22,-10.0,-16.710997568997826,65.01664915262911
22,-10.0,-16.710890344719814,65.01666654485584
22,-10.0,-16.7108260276483,65.01668390143911
22,-10.0,-16.71065448629877,65.01668390143911
22,-10.0,-16.71048294494924,65.01673325222255
22,-10.0,-16.71031140359971,65.01679283906006
22,-10.0,-16.710184941091764,65.01683848775069
22,-10.0,-16.710139862250184,65.01685734128169
22,-10.0,-16.709968320900654,65.01691086760631
22,-10.0,-16.709796779551127,65.01691086760631
22,-10.0,-16.709625238201596,65.0169481121689
22,-10.0,-16.70945369685207,65.01696745966126
22,-10.0,-16.70928215550254,65.01697745319628
22,-10.0,-16.709110614153012,65.01697564213596
22,-10.0,-16.708939072803485,65.01697564213596
22,-10.0,-16.708767531453955,65.01696703570133
22,-10.0,-16.708595990104428,65.01695798237212
22,-10.0,-16.708424448754897,65.01694237939469
22,-10.0,-16.70825290740537,65.01693233690261
22,-10.0,-16.70808136605584,65.01693233690261
22,-10.0,-16.707909824706313,65.01692375696067
22,-10.0,-16.70777151205491,65.01683848775069
22,-10.0,-16.707738283356782,65.0168195167796
22,-10.0,-16.707566742007256,65.0168186008864
22,-10.0,-16.707395200657725,65.01682603942692
22,-10.0,-16.707223659308198,65.01683305307591
22,-10.0,-16.70705211795867,65.01683305307591
22,-10.0,-16.70688057660914,65.01682431782433
22,-10.0,-16.706709035259614,65.01679798043959
22,-10.0,-16.706537493910083,65.01675525662532
22,-10.0,-16.706365952560557,65.01670739736973
22,-10.0,-16.706194411211026,65.01670739736973
22,-10.0,-16.70605823751208,65.01666654485584
22,-10.0,-16.7060228698615,65.01665701638035
22,-10.0,-16.70585132851197,65.01662216437228
22,-10.0,-16.705679787162442,65.01659209178801
22,-10.0,-16.70550824581291,65.01656212565412
22,-10.0,-16.705336704463384,65.0165376786243
22,-10.0,-16.705165163113858,65.0165378358794
22,-10.0,-16.704993621764327,65.01653554509257
22,-10.0,-16.7048220804148,65.0165693694652
22,-10.0,-16.70465053906527,65.01663983162709
22,-10.0,-16.704478997715743,65.01664841873033
22,-10.0,-16.704418432204932,65.01666654485584
22,-10.0,-16.704307456366216,65.0167364322305
22,-10.0,-16.704135915016685,65.01681031237833
22,-10.0,-16.704045641656048,65.01683848775069
22,-10.0,-16.703964373667155,65.01689449027806
22,-10.0,-16.703792832317628,65.01698761699329
22,-10.0,-16.703621290968098,65.01698761699329
22,-10.0,-16.703579322314468,65.01701043064554
22,-10.0,-16.703465079906287,65.01718237354041
22,-10.0,-16.70344974961857,65.01734717075651
22,-10.0,-16.703449238032068,65.01735431643526
22,-10.0,-16.703363764485584,65.01752625933011
22,-10.0,-16.703278208269044,65.01758203837502
22,-10.0,-16.703120388439654,65.01769820222496
22,-10.0,-16.703106666919513,65.01770446730937
22,-10.0,-16.702935125569986,65.01770613824972
22,-10.0,-16.702763584220456,65.0177858633136
22,-10.0,-16.70259204287093,65.0178510256215
22,-10.0,-16.702551405015495,65.01787014511983
22,-10.0,-16.7024205015214,65.01791624201158
22,-10.0,-16.70224896017187,65.01791624201158
22,-10.0,-16.70207741882234,65.01796998693808
22,-10.0,-16.701919109688248,65.01804208801468
22,-10.0,-16.701905877472814,65.01804845667533
22,-10.0,-16.701734336123284,65.01810697279238
22,-10.0,-16.701562794773757,65.01815693571177
22,-10.0,-16.70139125342423,65.01815693571177
22,-10.0,-16.701224242262345,65.01821403090953
22,-10.0,-16.7012197120747,65.01821562968658
22,-10.0,-16.701048170725173,65.01829060854789
22,-10.0,-16.70089207994365,65.0183859738044
22,-10.0,-16.700876629375642,65.01839255991074
22,-10.0,-16.70070508802612,65.01843637888155
22,-10.0,-16.700533546676585,65.01845303174203
22,-10.0,-16.700362005327058,65.01850483329932
22,-10.0,-16.700190463977528,65.01855014277244
22,-10.0,-16.700168361131734,65.01855791669925
22,-10.0,-16.700018922628,65.01866019389999
22,-10.0,-16.69984738127847,65.01868644468298
22,-10.0,-16.699776746605135,65.0187298595941
22,-10.0,-16.699763346222916,65.01890180248897
22,-10.0,-16.69976976723288,65.01907374538382
22,-10.0,-16.6997687282127,65.01924568827867
22,-10.0,-16.699703879027975,65.01941763117354
22,-10.0,-16.699675839928943,65.01948037267265
22,-10.0,-16.699644276603433,65.01958957406839
22,-10.0,-16.699553856655275,65.01976151696324
22,-10.0,-16.699504298579416,65.01982239567116
22,-10.0,-16.699332757229886,65.01982239567116
22,-10.0,-16.69923611383532,65.01993345985811
22,-10.0,-16.69916121588036,65.01999568035136
22,-10.0,-16.69904178179857,65.02010540275296
22,-10.0,-16.69898967453083,65.02016834513226
22,-10.0,-16.698907756324147,65.02027734564781
22,-10.0,-16.6988181331813,65.02038301376139
22,-10.0,-16.69864659183177,65.02038301376139
22,-10.0,-16.698590899158308,65.02044928854268
22,-10.0,-16.698475050482244,65.02058010656228
22,-10.0,-16.698440523762677,65.02062123143753
22,-10.0,-16.698303509132714,65.0207757970999
22,-10.0,-16.698288441256363,65.02079317433238
22,-10.0,-16.698131967783187,65.02095341577262
22,-10.0,-16.697960426433657,65.02095341577262
22,-10.0,-16.697947889360144,65.02096511722725
22,-10.0,-16.69778888508413,65.02110844801129
22,-10.0,-16.697752662005293,65.0211370601221
22,-10.0,-16.697617343734603,65.021257041655
22,-10.0,-16.697544184800762,65.02130900301695
22,-10.0,-16.697445802385072,65.02139320947862
22,-10.0,-16.697274261035545,65.02143476614242
22,-10.0,-16.697102719686015,65.02148049558426
22,-10.0,-16.697101757615535,65.02148094591182
22,-10.0,-16.696931178336488,65.0215978448357
22,-10.0,-16.69678869468766,65.02165288880667
22,-10.0,-16.696759636986958,65.02167969754916
22,-10.0,-16.69658809563743,65.02179207145258
22,-10.0,-16.6964165542879,65.02179207145258
22,-10.0,-16.696343742311136,65.02182483170152
22,-10.0,-16.696245012938373,65.0219453219012
22,-10.0,-16.696175738398043,65.02199677459639
22,-10.0,-16.69609464953323,65.02216871749124
22,-10.0,-16.69619488482592,65.02234066038609
22,-10.0,-16.696245012938373,65.02235997343011
22,-10.0,-16.6964165542879,65.022415193198
22,-10.0,-16.69658809563743,65.02249543145462
22,-10.0,-16.696631231766258,65.02251260328094
22,-10.0,-16.696759636986958,65.02252951353108
22,-10.0,-16.696931178336488,65.02252951353108
22,-10.0,-16.697102719686015,65.02256041978124
22,-10.0,-16.697274261035545,65.02266185497093
22,-10.0,-16.69729424808838,65.02268454617581
22,-10.0,-16.697419351799027,65.02285648907066
22,-10.0,-16.697423617007235,65.02302843196553
22,-10.0,-16.697372993465365,65.02320037486038
22,-10.0,-16.697274261035545,65.02336480264204
22,-10.0,-16.697102719686015,65.02336899217008
22,-10.0,-16.697096947283466,65.02337231775523
22,-10.0,-16.696945699749044,65.0235442606501
22,-10.0,-16.696931178336488,65.02357504216616
22,-10.0,-16.696861135531158,65.02371620354495
22,-10.0,-16.696759636986958,65.02380428756013
22,-10.0,-16.696647104824905,65.02388814643982
22,-10.0,-16.69658809563743,65.02392784289383
22,-10.0,-16.6964165542879,65.02396573068182
22,-10.0,-16.696245012938373,65.02402997445344
22,-10.0,-16.696207668205616,65.02406008933467
22,-10.0,-16.696245012938373,65.02411855028683
22,-10.0,-16.696288832341487,65.02423203222952
22,-10.0,-16.696350353776758,65.02440397512437
22,-10.0,-16.6964165542879,65.02449794391576
22,-10.0,-16.696462811845414,65.02457591801924
22,-10.0,-16.696552969442635,65.02474786091409
22,-10.0,-16.69658809563743,65.02485748789687
22,-10.0,-16.696608693007427,65.02491980380894
22,-10.0,-16.696641353010364,65.0250917467038
22,-10.0,-16.696730736776278,65.02526368959866
22,-10.0,-16.696759636986958,65.02528202225362
22,-10.0,-16.696931178336488,65.02530091080888
22,-10.0,-16.697102719686015,65.0253585354717
22,-10.0,-16.697274261035545,65.02541526801805
22,-10.0,-16.69734579142842,65.02543563249351
22,-10.0,-16.697445802385072,65.02545172866003
22,-10.0,-16.697617343734603,65.02549990264832
22,-10.0,-16.69778888508413,65.0255726615883
22,-10.0,-16.697960426433657,65.0255726615883
22,-10.0,-16.697996735769777,65.02560757538838
22,-10.0,-16.698131967783187,65.02575457820147
22,-10.0,-16.6981681417301,65.02577951828323
22,-10.0,-16.698303509132714,65.02586096672204
22,-10.0,-16.698436720703743,65.02595146117808
22,-10.0,-16.698475050482244,65.0259818876992
22,-10.0,-16.69862906492301,65.02612340407295
22,-10.0,-16.69864659183177,65.02614673100892
22,-10.0,-16.698760804083946,65.0262953469678
22,-10.0,-16.6988181331813,65.02635533782214
22,-10.0,-16.698950136739544,65.02646728986265
22,-10.0,-16.69898967453083,65.0264901937254
22,-10.0,-16.69916121588036,65.02655074762211
22,-10.0,-16.699332757229886,65.02660829423301
22,-10.0,-16.69937104104379,65.02663923275752
22,-10.0,-16.69939740233019,65.02681117565237
22,-10.0,-16.699332757229886,65.02690220424375
22,-10.0,-16.69916121588036,65.02690220424375
22,-10.0,-16.699110488385127,65.02698311854722
22,-10.0,-16.69898967453083,65.02709929582093
22,-10.0,-16.69891967549934,65.02715506144209
22,-10.0,-16.6988181331813,65.02728919007578
22,-10.0,-16.698796465912878,65.02732700433694
22,-10.0,-16.698676319538507,65.02749894723179
22,-10.0,-16.69864659183177,65.02752208975114
22,-10.0,-16.698475050482244,65.02757084945078
22,-10.0,-16.698437365086566,65.02767089012666
22,-10.0,-16.698337445315893,65.02784283302151
22,-10.0,-16.698303509132714,65.02788865133049
22,-10.0,-16.69821234911756,65.02801477591636
22,-10.0,-16.698131967783187,65.02814763376635
22,-10.0,-16.697960426433657,65.02817446147584
22,-10.0,-16.697934866232572,65.02818671881123
22,-10.0,-16.697813336691322,65.02835866170608
22,-10.0,-16.69778888508413,65.0283909319951
22,-10.0,-16.69771417913436,65.02853060460093
22,-10.0,-16.697648714679673,65.0287025474958
22,-10.0,-16.697617343734603,65.02886337836601
22,-10.0,-16.69761546745303,65.02887449039065
22,-10.0,-16.697617343734603,65.02899837050781
22,-10.0,-16.69761837740857,65.0290464332855
22,-10.0,-16.697658082161137,65.02921837618037
22,-10.0,-16.69765192611906,65.02939031907522
22,-10.0,-16.697617343734603,65.0294920322527
22,-10.0,-16.697445802385072,65.02945139894402
22,-10.0,-16.69736245443719,65.02956226197007
22,-10.0,-16.697365105007535,65.02973420486494
22,-10.0,-16.697445802385072,65.0297781562023
22,-10.0,-16.697600946929345,65.02990614775979
22,-10.0,-16.697617343734603,65.02992178785472
22,-10.0,-16.69778888508413,65.02992178785472
22,-10.0,-16.697916799114576,65.03007809065464
22,-10.0,-16.697960426433657,65.0301614864517
22,-10.0,-16.698012863567268,65.0302500335495
22,-10.0,-16.698131967783187,65.0303841497242
22,-10.0,-16.698170002862906,65.03042197644436
22,-10.0,-16.698303509132714,65.03048812951683
22,-10.0,-16.698475050482244,65.03055752212677
22,-10.0,-16.698574917961736,65.03059391933921
22,-10.0,-16.69864659183177,65.0306081117181
22,-10.0,-16.6988181331813,65.03064331515012
22,-10.0,-16.69898967453083,65.03064331515012
22,-10.0,-16.69916121588036,65.03069012113062
22,-10.0,-16.699332757229886,65.03075134936445
22,-10.0,-16.699366009074964,65.03076586223408
22,-10.0,-16.699504298579416,65.03084253881639
22,-10.0,-16.699675839928943,65.03093696777161
22,-10.0,-16.699847381278467,65.03093696777161
22,-10.0,-16.69984970708073,65.03093780512893
22,-10.0,-16.700018922628,65.03097396245646
22,-10.0,-16.700190463977528,65.03102244840969
22,-10.0,-16.700362005327058,65.03108970447954
22,-10.0,-16.70040316551609,65.03110974802378
22,-10.0,-16.700533546676585,65.0311520567098
22,-10.0,-16.700705088026115,65.0312142057811
22,-10.0,-16.700876629375642,65.0312142057811
22,-10.0,-16.701017833370493,65.03128169091865
22,-10.0,-16.701048170725173,65.03129513593431
22,-10.0,-16.7012197120747,65.03138883295543
22,-10.0,-16.701307679705195,65.0314536338135
22,-10.0,-16.70139125342423,65.03151581984356
22,-10.0,-16.701518274202108,65.03162557670835
22,-10.0,-16.701562794773757,65.03166195399298
22,-10.0,-16.701722718638955,65.03179751960322
22,-10.0,-16.701734336123284,65.03180790487151
22,-10.0,-16.701852439405883,65.03196946249807
22,-10.0,-16.701905877472814,65.0320443953688
22,-10.0,-16.70207741882234,65.0320443953688
22,-10.0,-16.702187203347947,65.03214140539292
22,-10.0,-16.70224896017187,65.03220094829052
22,-10.0,-16.702363085768717,65.03231334828779
22,-10.0,-16.7024205015214,65.03238269972334
22,-10.0,-16.70250440887463,65.03248529118264
22,-10.0,-16.702592042870933,65.03259628774012
22,-10.0,-16.70264380594461,65.03265723407749
22,-10.0,-16.702763584220456,65.03279280359789
22,-10.0,-16.702795913029426,65.03282917697236
22,-10.0,-16.702935125569986,65.03296903396911
22,-10.0,-16.70296802942576,65.03300111986721
22,-10.0,-16.703106666919513,65.03315601851959
22,-10.0,-16.70312294672028,65.03317306276206
22,-10.0,-16.70322315354136,65.03334500565693
22,-10.0,-16.70322989396989,65.03351694855178
22,-10.0,-16.703106666919513,65.03365457876409
22,-10.0,-16.70306066630279,65.03368889144663
22,-10.0,-16.702935125569986,65.03378878084332
22,-10.0,-16.702869677483786,65.0338608343415
22,-10.0,-16.702935125569986,65.03398573094375
22,-10.0,-16.702962017414727,65.03403277723635
22,-10.0,-16.703106666919513,65.03414710708992
22,-10.0,-16.70318032617356,65.0342047201312
22,-10.0,-16.703278208269044,65.03425600543896
22,-10.0,-16.70344974961857,65.03433916237832
22,-10.0,-16.703520925767926,65.03437666302607
22,-10.0,-16.703621290968098,65.03440839096399
22,-10.0,-16.703792832317628,65.03440839096399
22,-10.0,-16.703964373667155,65.03446063868317
22,-10.0,-16.704135915016685,65.03452773951369
22,-10.0,-16.704182087100705,65.03454860592092
22,-10.0,-16.704307456366212,65.03459216965643
22,-10.0,-16.70447899771574,65.03465139744523
22,-10.0,-16.704650539065273,65.03471629068318
22,-10.0,-16.7048220804148,65.03471629068318
22,-10.0,-16.704826586612405,65.03472054881577
22,-10.0,-16.704993621764327,65.03488517291545
22,-10.0,-16.705005912696194,65.03489249171064
22,-10.0,-16.705165163113858,65.03505825574531
22,-10.0,-16.705170326873112,65.03506443460549
22,-10.0,-16.705260889665325,65.03523637750034
22,-10.0,-16.705336276892723,65.0354083203952
22,-10.0,-16.705336704463384,65.03541330738963
22,-10.0,-16.705351967560116,65.03558026329006
22,-10.0,-16.705344770283425,65.03575220618491
22,-10.0,-16.705336704463384,65.03580510209451
22,-10.0,-16.705165163113858,65.03590694171685
22,-10.0,-16.705137657407867,65.03592414907978
22,-10.0,-16.70504865941497,65.03609609197463
22,-10.0,-16.705077105465044,65.03626803486948
22,-10.0,-16.705165163113858,65.03633484641051
22,-10.0,-16.705304275268333,65.03643997776435
22,-10.0,-16.705336704463384,65.03647552195741
22,-10.0,-16.70550824581291,65.03653772237176
22,-10.0,-16.705628980556632,65.0366119206592
22,-10.0,-16.705679787162442,65.03663774696936
22,-10.0,-16.70585132851197,65.036731906641
22,-10.0,-16.70592848439022,65.03678386355405
22,-10.0,-16.7060228698615,65.03684511659503
22,-10.0,-16.706177962910818,65.03695580644892
22,-10.0,-16.706194411211026,65.03696935073816
22,-10.0,-16.706365952560557,65.0371276995179
22,-10.0,-16.706537493910083,65.0371276995179
22,-10.0,-16.706537541965933,65.03712774934377
22,-10.0,-16.706537493910083,65.03712787057972
22,-10.0,-16.706477706758722,65.03729969223862
22,-10.0,-16.706537493910083,65.03740930643833
22,-10.0,-16.706709035259614,65.03740930643833
22,-10.0,-16.70674766217032,65.03747163513349
22,-10.0,-16.70688057660914,65.03761406908343
22,-10.0,-16.70690905838518,65.03764357802834
22,-10.0,-16.70701417648916,65.03781552092319
22,-10.0,-16.70705211795867,65.03788997509514
22,-10.0,-16.707132298825226,65.03798746381806
22,-10.0,-16.707223659308198,65.03811006689762
22,-10.0,-16.707265533522794,65.03815940671291
22,-10.0,-16.707395200657725,65.0382933693471
22,-10.0,-16.707433362711992,65.03833134960776
22,-10.0,-16.707566742007256,65.03841371415537
22,-10.0,-16.70769858228993,65.03850329250263
22,-10.0,-16.707738283356782,65.0385192443816
22,-10.0,-16.707909824706313,65.03853583071795
22,-10.0,-16.70808136605584,65.03858632595228
22,-10.0,-16.708243786873396,65.03867523539748
22,-10.0,-16.70825290740537,65.0386787827763
22,-10.0,-16.708424448754897,65.03874015211149
22,-10.0,-16.708595990104428,65.03881105194561
22,-10.0,-16.708678648166337,65.03884717829234
22,-10.0,-16.708767531453955,65.03887317557185
22,-10.0,-16.708939072803485,65.03887317557185
22,-10.0,-16.709110614153012,65.03892048192395
22,-10.0,-16.70922214768939,65.0390191211872
22,-10.0,-16.70928215550254,65.0390669094097
22,-10.0,-16.70945369685207,65.0391206436775
22,-10.0,-16.709625238201596,65.03918805290428
22,-10.0,-16.70963298484485,65.03919106408205
22,-10.0,-16.709796779551127,65.03922878191936
22,-10.0,-16.709968320900654,65.03922878191936
22,-10.0,-16.710139862250184,65.03926197248794
22,-10.0,-16.71031140359971,65.03929674778345
22,-10.0,-16.71048294494924,65.03934226235187
22,-10.0,-16.71054623691097,65.0393630069769
22,-10.0,-16.71065448629877,65.03938513466224
22,-10.0,-16.7108260276483,65.03941987627084
22,-10.0,-16.710997568997826,65.03941987627084
22,-10.0,-16.711169110347353,65.03945969888328
22,-10.0,-16.711340651696883,65.03951241099
22,-10.0,-16.711408208174937,65.03953494987176
22,-10.0,-16.71151219304641,65.03955916968592
22,-10.0,-16.71168373439594,65.03960386437448
22,-10.0,-16.711855275745467,65.03960386437448
22,-10.0,-16.712026817094998,65.03965437736176
22,-10.0,-16.712180925662317,65.03970689276662
22,-10.0,-16.712198358444525,65.03971185354922
22,-10.0,-16.712369899794055,65.03983277571
22,-10.0,-16.712432196294262,65.03987883566147
22,-10.0,-16.712541441143582,65.03991738422806
22,-10.0,-16.712712982493116,65.03998568549285
22,-10.0,-16.71288452384264,65.03998568549285
22,-10.0,-16.71301653103064,65.04005077855633
22,-10.0,-16.713056065192166,65.0400675012036
22,-10.0,-16.713227606541697,65.0401464237063
22,-10.0,-16.713362658508192,65.04022272145119
22,-10.0,-16.713399147891224,65.04023718629006
22,-10.0,-16.713570689240754,65.04031914194854
22,-10.0,-16.713685222700022,65.04039466434604
22,-10.0,-16.71374223059028,65.04042866637758
22,-10.0,-16.71391377193981,65.04052852555496
22,-10.0,-16.71408531328934,65.04055085076797
22,-10.0,-16.714108018023705,65.0405666072409
22,-10.0,-16.71425685463887,65.0406692540777
22,-10.0,-16.714338117425854,65.04073855013576
22,-10.0,-16.714428395988396,65.04081766378597
22,-10.0,-16.71453095259067,65.04091049303061
22,-10.0,-16.714599937337923,65.04103691579255
22,-10.0,-16.714631820197418,65.04108243592547
22,-10.0,-16.714771478687453,65.04116864764126
22,-10.0,-16.71489108308371,65.04125437882033
22,-10.0,-16.71494302003698,65.04128139293856
22,-10.0,-16.71511456138651,65.04128139293856
22,-10.0,-16.715286102736037,65.04136815121805
22,-10.0,-16.715379455597166,65.04142632171518
22,-10.0,-16.715457644085568,65.0414596479409
22,-10.0,-16.715629185435095,65.04153134983729
22,-10.0,-16.71576131454936,65.04159826461004
22,-10.0,-16.715800726784625,65.04161387223147
22,-10.0,-16.715972268134152,65.04167583728477
22,-10.0,-16.716143809483683,65.04167583728477
22,-10.0,-16.71631535083321,65.04175105796119
22,-10.0,-16.716362865269552,65.0417702075049
22,-10.0,-16.71648689218274,65.04182105583847
22,-10.0,-16.716658433532267,65.04186204707396
22,-10.0,-16.716829974881794,65.04188092415612
22,-10.0,-16.717001516231324,65.04187817544229
22,-10.0,-16.71717305758085,65.04187817544229
22,-10.0,-16.71734459893038,65.04187034643954
22,-10.0,-16.71751614027991,65.0418797206637
22,-10.0,-16.717621274088614,65.04194215039975
22,-10.0,-16.71768768162944,65.04198492723981
22,-10.0,-16.717859222978966,65.0420208233239
22,-10.0,-16.718030764328496,65.0420208233239
22,-10.0,-16.718202305678027,65.04205679237084
22,-10.0,-16.718373847027554,65.04208974233941
22,-10.0,-16.71854538837708,65.04209951105535
22,-10.0,-16.718716929726607,65.04210292614522
22,-10.0,-16.718794355146528,65.0421140932946
22,-10.0,-16.718888471076138,65.0421337380741
22,-10.0,-16.719060012425665,65.0421337380741
22,-10.0,-16.719231553775195,65.04217668397601
22,-10.0,-16.719403095124722,65.04224269565326
22,-10.0,-16.71953514538656,65.04228603618947
22,-10.0,-16.719574636474253,65.04229831920215
22,-10.0,-16.71974617782378,65.04233087589748
22,-10.0,-16.71991771917331,65.04233087589748
22,-10.0,-16.72008926052284,65.04239068036915
22,-10.0,-16.720256193371778,65.04245797908432
22,-10.0,-16.720260801872367,65.04246045568213
22,-10.0,-16.720432343221894,65.04254429963002
22,-10.0,-16.72060388457142,65.04259836355399
22,-10.0,-16.72074835348695,65.04262992197917
22,-10.0,-16.72077542592095,65.04264000865965
22,-10.0,-16.72094696727048,65.04264000865965
22,-10.0,-16.72111850862001,65.04270262673123
22,-10.0,-16.721290049969536,65.04277030863628
22,-10.0,-16.72135330795803,65.04280186487404
22,-10.0,-16.721461591319066,65.0428332644832
22,-10.0,-16.721633132668593,65.0428949210287
22,-10.0,-16.72179053769406,65.04297380776889
22,-10.0,-16.721804674018124,65.04298292546524
22,-10.0,-16.72197621536765,65.04298292546524
22,-10.0,-16.72214775671718,65.04307690942561
22,-10.0,-16.722271170152396,65.04314575066374
22,-10.0,-16.722319298066708,65.04317804574262
22,-10.0,-16.722490839416235,65.0432762510398
22,-10.0,-16.722554060344123,65.0433176935586
22,-10.0,-16.722662380765765,65.04343539244121
22,-10.0,-16.722721428805897,65.04348963645346
22,-10.0,-16.72269658187814,65.04366157934831
22,-10.0,-16.722662380765765,65.04374176702409
22,-10.0,-16.722523867644746,65.04383352224318
22,-10.0,-16.722662380765765,65.04386073812532
22,-10.0,-16.722833922115292,65.04387095438034
22,-10.0,-16.723005463464823,65.04392581197087
22,-10.0,-16.72317700481435,65.04392581197087
22,-10.0,-16.72334854616388,65.04389737541544
22,-10.0,-16.723520087513407,65.04392550712069
22,-10.0,-16.723691628862937,65.04390701428449
22,-10.0,-16.723863170212464,65.04389569320116
22,-10.0,-16.724034711561995,65.04389569320116
22,-10.0,-16.72420625291152,65.04389484267523
22,-10.0,-16.72437779426105,65.04390627495938
22,-10.0,-16.724549335610583,65.04395381316996
22,-10.0,-16.72462522838026,65.04400546513803
22,-10.0,-16.724703883280498,65.04417740803288
22,-10.0,-16.724720876960106,65.04432865142655
22,-10.0,-16.72472474925579,65.04434935092775
22,-10.0,-16.72477341987305,65.0445212938226
22,-10.0,-16.724846969798655,65.04469323671745
22,-10.0,-16.724892418309636,65.04476586109257
22,-10.0,-16.72495073949669,65.04486517961232
22,-10.0,-16.725063959659167,65.04498568355064
22,-10.0,-16.72511259475047,65.04503712250717
22,-10.0,-16.725210589285446,65.04520906540202
22,-10.0,-16.725235501008694,65.04522651068602
22,-10.0,-16.72540704235822,65.04522651068602
22,-10.0,-16.72557858370775,65.04534864833266
22,-10.0,-16.72562136905189,65.04538100829689
22,-10.0,-16.725750125057278,65.0454357820027
22,-10.0,-16.72592166640681,65.0455141763314
22,-10.0,-16.726003007282593,65.04555295119174
22,-10.0,-16.726093207756335,65.04557501243342
22,-10.0,-16.726264749105862,65.04561761806956
22,-10.0,-16.726436290455393,65.04561761806956
22,-10.0,-16.72660783180492,65.04565623660974
22,-10.0,-16.72677937315445,65.04568377800635
22,-10.0,-16.726950914503977,65.04569345787382
22,-10.0,-16.727122455853507,65.04568665151729
22,-10.0,-16.727293997203034,65.04568665151729
22,-10.0,-16.727465538552565,65.0456724765124
22,-10.0,-16.727637079902095,65.04565791247032
22,-10.0,-16.727808621251622,65.04564601072032
22,-10.0,-16.72798016260115,65.0456364638332
22,-10.0,-16.728151703950676,65.04563412822202
22,-10.0,-16.728323245300206,65.04563195473526
22,-10.0,-16.728494786649733,65.04563466124144
22,-10.0,-16.728666327999264,65.0456452383799
22,-10.0,-16.72883786934879,65.04566406075807
22,-10.0,-16.729009410698318,65.04568281757845
22,-10.0,-16.729180952047848,65.04568724207411
22,-10.0,-16.72924003373374,65.04572489408659
22,-10.0,-16.72935249339738,65.04579408158682
22,-10.0,-16.729524034746905,65.04581380748621
22,-10.0,-16.729695576096432,65.04583627287744
22,-10.0,-16.729867117445963,65.04585813306457
22,-10.0,-16.73003865879549,65.04585813306457
22,-10.0,-16.73021020014502,65.04587985118535
22,-10.0,-16.730333973311335,65.04589683698146
22,-10.0,-16.730381741494547,65.04590051547885
22,-10.0,-16.730553282844078,65.04591075020218
22,-10.0,-16.730724824193604,65.04592035458411
22,-10.0,-16.730896365543135,65.04592197135673
22,-10.0,-16.73106790689266,65.04593203419596
22,-10.0,-16.731239448242192,65.04594364315984
22,-10.0,-16.73141098959172,65.04595673935498
22,-10.0,-16.731582530941246,65.04596724530353
22,-10.0,-16.731754072290776,65.04597730377512
22,-10.0,-16.731925613640303,65.04597730377512
22,-10.0,-16.732097154989834,65.04597988550996
22,-10.0,-16.73226869633936,65.04597469943904
22,-10.0,-16.73244023768889,65.04597241492982
22,-10.0,-16.732611779038418,65.04597021161571
22,-10.0,-16.73278332038795,65.04597021161571
22,-10.0,-16.732954861737475,65.04597665507336
22,-10.0,-16.733126403087006,65.04598401994167
22,-10.0,-16.733297944436533,65.04599106455062
22,-10.0,-16.73346948578606,65.04599548404536
22,-10.0,-16.73364102713559,65.04599548404536
22,-10.0,-16.733812568485117,65.04599771281133
22,-10.0,-16.733984109834648,65.04599518095348
22,-10.0,-16.734133132734996,65.04606877987631
22,-10.0,-16.734155651184174,65.04607812271506
23,-10.0,-16.73827264357286,65.02079699394889
23,-10.0,-16.73824614828385,65.02079317433238
23,-10.0,-16.738101102223332,65.02075580391383
23,-10.0,-16.737986227045635,65.02062123143753
23,-10.0,-16.73796001638426,65.02044928854268
23,-10.0,-16.737979017067516,65.02027734564781
23,-10.0,-16.738020843964353,65.02010540275296
23,-10.0,-16.738101102223332,65.01997425331142
23,-10.0,-16.738127616480146,65.01993345985811
23,-10.0,-16.73827264357286,65.01977051990222
23,-10.0,-16.738310446786972,65.01976151696324
23,-10.0,-16.73844418492239,65.01972233439702
23,-10.0,-16.738615726271917,65.01972171735864
23,-10.0,-16.738787267621447,65.01966877924448
23,-10.0,-16.738958808970974,65.01965331409977
23,-10.0,-16.7391303503205,65.01966225838646
23,-10.0,-16.73930189167003,65.01970684372536
23,-10.0,-16.73947343301956,65.01970684372536
23,-10.0,-16.739604138141296,65.01976151696324
23,-10.0,-16.73964497436909,65.01981635834785
23,-10.0,-16.7397135909089,65.01993345985811
23,-10.0,-16.73978526603637,65.02010540275296
23,-10.0,-16.739816515718616,65.0202381199525
23,-10.0,-16.739827236592127,65.02027734564781
23,-10.0,-16.739816515718616,65.02039059818196
23,-10.0,-16.739811253585497,65.02044928854268
23,-10.0,-16.73964497436909,65.02054784912832
23,-10.0,-16.73947343301956,65.02057795862444
23,-10.0,-16.73936934744281,65.02062123143753
23,-10.0,-16.73930189167003,65.02065150909326
23,-10.0,-16.7391303503205,65.0207050275874
23,-10.0,-16.738958808970974,65.02073844803265
23,-10.0,-16.738787267621447,65.02073844803265
23,-10.0,-16.738615726271917,65.02076914034058
23,-10.0,-16.73844418492239,65.02078491934014
23,-10.0,-16.73831219111339,65.02079317433238
23,-10.0,-16.73827264357286,65.02079699394889
